<?xml version="1.0"?>
<import>
<BusinessUnit_Ext public-id="bc:001">
<Number>6400</Number>
<Name>Underwriting</Name>
<Email>Texas Mutual Insurance Company&lt;underwriting@texasmutual.com&gt;</Email>
</BusinessUnit_Ext>
<BusinessUnit_Ext public-id="bc:002">
<Number>6200</Number>
<Name>Premium Audit</Name>
<Email>Texas Mutual Premium Audit&lt;PremAudit@texasmutual.com&gt;</Email>
</BusinessUnit_Ext>
<BusinessUnit_Ext public-id="bc:003">
<Number>6300</Number>
<Name>Safety Services</Name>
<Email>Texas Mutual Safety Services&lt;safety@texasmutual.com&gt;</Email>
</BusinessUnit_Ext>
<BusinessUnit_Ext public-id="bc:004">
<Number>6100</Number>
<Name>Finance</Name>
<Email>Texas Mutual Policy Accounting&lt;PolicyAcct@texasmutual.com&gt;</Email>
</BusinessUnit_Ext>
<BusinessUnit_Ext public-id="bc:005">
<Number>6500</Number>
<Name>Premium Reporting</Name>
<Email>Texas Mutual Premium Audit&lt;InterimRptg@texasmutual.com&gt;</Email>
</BusinessUnit_Ext>
<BusinessUnit_Ext public-id="bc:006">
<Number>6600</Number>
<Name>Premium Audit Review</Name>
<Email>Texas Mutual Premium Audit&lt;PAReviewerFAXes@texasmutual.com&gt;</Email>
</BusinessUnit_Ext>
<BusinessUnit_Ext public-id="bc:007">
<Number>6700</Number>
<Name>Premium Recovery</Name>
<Email>Premium Recovery&lt;premiumrecovery@texasmutual.com&gt;</Email>
</BusinessUnit_Ext>
<BusinessUnit_Ext public-id="bc:008">
<Number>6800</Number>
<Name>Office of General Counsel</Name>
<Email>Office of General Counsel Legal Department&lt;no-reply@texasmutual.com&gt;</Email>
</BusinessUnit_Ext>
<BusinessUnit_Ext public-id="bc:009">
<Number>6900</Number>
<Name>Special Investigation</Name>
<Email>Special Investigation Department&lt;no-reply@texasmutual.com&gt;</Email>
</BusinessUnit_Ext>
<BusinessUnit_Ext public-id="bc:010">
<Number>7000</Number>
<Name>Texas Mutual General</Name>
<Email>Texas Mutual Insurance Company&lt;underwriting@texasmutual.com&gt;</Email>
</BusinessUnit_Ext>
</import>