<?xml version="1.0"?>
<import>

<!-- RMS -->
<Address public-id = "bc:030">
		<AddressLine1>P.O. Box 3099</AddressLine1>
		<City>Naperville</City>
		<State>IL</State>
		<PostalCode>60566</PostalCode>
		<Country>US</Country>
		<AddressType>business</AddressType>
		<Attention_Ext></Attention_Ext>	
</Address>


<Company public-id = "bc:030">
	<Name>RMS</Name>
	<PrimaryAddress public-id="bc:030"/> 
  <WorkPhone>8003652743</WorkPhone>
  <PrimaryPhone>work</PrimaryPhone>
  <FaxPhone>6307187212</FaxPhone>
</Company>

<CollectionAgency_Ext public-id = "bc:1">
<Company public-id = "bc:030" />
<EffectiveDate>2015-01-01 00:00:00.0000000</EffectiveDate>
<ContigencyRate>10</ContigencyRate>
<ThresholdPeriod>60</ThresholdPeriod>
</CollectionAgency_Ext>

<!-- WPCS -->
<Address public-id = "bc:031">
		<AddressLine1>380 Main Street</AddressLine1>
		<City>Salem</City>
		<State>NH</State>
		<PostalCode>03079</PostalCode>
		<Country>US</Country>
		<AddressType>business</AddressType>
		<Attention_Ext>Tim Maguire</Attention_Ext>		
</Address>

<Company public-id = "bc:031">
	<Name>WPCS</Name>
	<PrimaryAddress public-id="bc:031"/> 
  <WorkPhone>8009690059</WorkPhone>
  <PrimaryPhone>work</PrimaryPhone>
  <FaxPhone></FaxPhone>
</Company>

<CollectionAgency_Ext public-id = "bc:2">
<Company public-id = "bc:031"/>
<EffectiveDate>2015-01-01 00:00:00.0000000</EffectiveDate>
<ContigencyRate>7.5</ContigencyRate>
<ThresholdPeriod>60</ThresholdPeriod>
</CollectionAgency_Ext>

<!-- CISCO -->
<Address public-id = "bc:032">
		<AddressLine1>1702 Townhurst Dr</AddressLine1>
		<City>Houston</City>
		<State>TX</State>
		<PostalCode>77043</PostalCode>
		<Country>US</Country>
		<AddressType>business</AddressType>
		<Attention_Ext></Attention_Ext>		
</Address>

<Company public-id = "bc:032">
	<Name>CISCO</Name>
	<PrimaryAddress public-id="bc:032"/>
  <WorkPhone>8002313686</WorkPhone>
  <PrimaryPhone>work</PrimaryPhone>
  <FaxPhone>7134612432</FaxPhone>
</Company>

<CollectionAgency_Ext public-id = "bc:3">
<Company public-id = "bc:032"/>
<EffectiveDate>2015-01-01 00:00:00.0000000</EffectiveDate>
<ContigencyRate>9.5</ContigencyRate>
<ThresholdPeriod>60</ThresholdPeriod>
</CollectionAgency_Ext>

<!-- Joseph S. Babb -->

<Address public-id = "bc:034">
		<AddressLine1>611 West 14th Street</AddressLine1>
		<City>Austin</City>
		<State>TX</State>
		<PostalCode>78701</PostalCode>
		<Country>US</Country>
		<AddressType>business</AddressType>
		<Attention_Ext>Joseph Babb</Attention_Ext>		
</Address>

<Company public-id = "bc:034">
	<Name>Joseph S. Babb</Name>
	<PrimaryAddress public-id="bc:034"/>
  <WorkPhone>5124775821</WorkPhone>
  <PrimaryPhone>work</PrimaryPhone>
  <FaxPhone>5124775821</FaxPhone>
</Company>

<CollectionAgency_Ext public-id = "bc:4">
<Company public-id = "bc:034"/>
<EffectiveDate>2015-01-01 00:00:00.0000000</EffectiveDate>
<ContigencyRate>26</ContigencyRate>
<ThresholdPeriod>90</ThresholdPeriod>
</CollectionAgency_Ext>


<!-- OGC -->
<Address public-id = "bc:035">
		<AddressLine1>6210 E HWY 290</AddressLine1>
		<City>Austin</City>
		<State>TX</State>
		<PostalCode>78723</PostalCode>
		<Country>US</Country>
		<AddressType>business</AddressType>
		<Attention_Ext></Attention_Ext>		
</Address>

<Company public-id = "bc:035">
	<Name>OGC</Name>
	<PrimaryAddress public-id="bc:035"/>
  <WorkPhone>8008595995</WorkPhone>
  <PrimaryPhone>work</PrimaryPhone>
  <FaxPhone></FaxPhone>
</Company>

<CollectionAgency_Ext public-id = "bc:5">
<Company public-id = "bc:035"/>
<EffectiveDate>2015-01-01 00:00:00.0000000</EffectiveDate>
<ContigencyRate>0</ContigencyRate>
<ThresholdPeriod>0</ThresholdPeriod>
</CollectionAgency_Ext>

<!-- SID -->
<Address public-id = "bc:036">
		<AddressLine1>6210 E HWY 290</AddressLine1>
		<City>Austin</City>
		<State>TX</State>
		<PostalCode>78723</PostalCode>
		<Country>US</Country>
		<AddressType>business</AddressType>
		<Attention_Ext></Attention_Ext>		
</Address>

<Company public-id = "bc:036">
	<Name>SID</Name>
	<PrimaryAddress public-id="bc:036"/>
  <WorkPhone>8008595995</WorkPhone>
  <PrimaryPhone>work</PrimaryPhone>
  <FaxPhone></FaxPhone>
</Company>

<CollectionAgency_Ext public-id = "bc:6">
<Company public-id = "bc:036"/>
<EffectiveDate>2015-01-01 00:00:00.0000000</EffectiveDate>
<ContigencyRate>0</ContigencyRate>
<ThresholdPeriod>0</ThresholdPeriod>
</CollectionAgency_Ext>


</import>