<?xml version="1.0"?><import>
  <TrblTicketToGroupRel_Ext public-id="trbltic:1">
    <AssignedGroup public-id="group_data:22"/>
    <TroubleTicketType>disasterhold</TroubleTicketType>
  </TrblTicketToGroupRel_Ext>
  <TrblTicketToGroupRel_Ext public-id="trbltic:2">
    <AssignedGroup public-id="group_data:24"/>
    <TroubleTicketType>finalauditdispute_Ext</TroubleTicketType>
  </TrblTicketToGroupRel_Ext>
  <TrblTicketToGroupRel_Ext public-id="trbltic:3">
    <AssignedGroup public-id="group_data:4"/>
    <TroubleTicketType>endorsementdispute_Ext</TroubleTicketType>
  </TrblTicketToGroupRel_Ext>
  <TrblTicketToGroupRel_Ext public-id="trbltic:4">
    <AssignedGroup public-id="group_data:22"/>
    <TroubleTicketType>inclementweather_Ext</TroubleTicketType>
  </TrblTicketToGroupRel_Ext>
  <TrblTicketToGroupRel_Ext public-id="trbltic:5">
    <AssignedGroup public-id="group_data:22"/>
    <TroubleTicketType>mgmtreviewrequired_Ext</TroubleTicketType>
  </TrblTicketToGroupRel_Ext>
  <TrblTicketToGroupRel_Ext public-id="trbltic:6">
    <AssignedGroup public-id="group_data:26"/>
    <TroubleTicketType>premiumreportdispute_Ext</TroubleTicketType>
  </TrblTicketToGroupRel_Ext>
  <TrblTicketToGroupRel_Ext public-id="trbltic:7">
    <AssignedGroup public-id="group_data:28"/>
    <TroubleTicketType>sid_Ext</TroubleTicketType>
  </TrblTicketToGroupRel_Ext>  
  <TrblTicketToGroupRel_Ext public-id="trbltic:8">
    <AssignedGroup public-id="group_data:2"/>
    <TroubleTicketType>customercomplaint</TroubleTicketType>
  </TrblTicketToGroupRel_Ext> 
  <TrblTicketToGroupRel_Ext public-id="trbltic:9">
    <AssignedGroup public-id="group_data:2"/>
    <TroubleTicketType>customerquestion</TroubleTicketType>
  </TrblTicketToGroupRel_Ext> 
  <TrblTicketToGroupRel_Ext public-id="trbltic:10">
    <AssignedGroup public-id="group_data:2"/>
    <TroubleTicketType>processingerror</TroubleTicketType>
  </TrblTicketToGroupRel_Ext> 
  <TrblTicketToGroupRel_Ext public-id="trbltic:11">
    <AssignedGroup public-id="group_data:10"/>
    <TroubleTicketType>collectionsreview_Ext</TroubleTicketType>
  </TrblTicketToGroupRel_Ext> 
  <TrblTicketToGroupRel_Ext public-id="trbltic:12">
    <AssignedGroup public-id="group_data:11"/>
    <TroubleTicketType>legalaction_Ext</TroubleTicketType>
  </TrblTicketToGroupRel_Ext> 
  <TrblTicketToGroupRel_Ext public-id="trbltic:13">
    <AssignedGroup public-id="group_data:15"/>
    <TroubleTicketType>commissions_Ext</TroubleTicketType>
  </TrblTicketToGroupRel_Ext> 
</import>