Activity Patterns
type,data-set,entityid,type,category,code,subject,description,mandatory,priority,recurring,targetdays,targetincludedays,targetstartpoint,escalationdays,escalationincldays,escalationstartpt,automatedonly,command
ActivityPattern,0,sample_pattern:1,general,reminder,notification,notification,A process trigger has been hit,FALSE,normal,FALSE,10,businessdays,activitycreation,20,businessdays,activitycreation,FALSE
ActivityPattern,0,sample_pattern:2,approval,approval,approval,approval,approval,TRUE,normal,FALSE,2,businessdays,activitycreation,2,businessdays,activitycreation,TRUE
ActivityPattern,0,sample_pattern:3,general,reminder,attemptedwriteoff,Write-off attempted above threshold,,FALSE,normal,FALSE,5,businessdays,activitycreation,5,businessdays,activitycreation,TRUE
ActivityPattern,0,sample_pattern:4,general,reminder,personal_data_destruction_error,Personal data destruction error,Personal data destruction request could not be executed,FALSE,urgent,FALSE,0,elapsed,activitycreation,0,elapsed,activitycreation,TRUE
