RolePrivileges
type,data-set,entityid,permission,role
RolePrivilege,0,default_data:1,acctchargesview,billing_clerical
RolePrivilege,0,default_data:2,acctchargesview,billing_manager
RolePrivilege,0,default_data:3,acctchargesview,commissions_admin
RolePrivilege,0,default_data:4,acctchargesview,finance_clerical
RolePrivilege,0,default_data:5,acctchargesview,finance_manager
RolePrivilege,0,default_data:6,acctchargesview,general_admin
RolePrivilege,0,default_data:7,acctchargesview,plan_admin
RolePrivilege,0,default_data:8,acctchargesview,rule_admin
RolePrivilege,0,default_data:9,acctchargesview,superuser
RolePrivilege,0,default_data:10,acctchargesview,underwriter
RolePrivilege,0,default_data:11,acctchargesview,user_admin
RolePrivilege,0,default_data:12,acctclose,billing_manager
RolePrivilege,0,default_data:13,acctclose,general_admin
RolePrivilege,0,default_data:14,acctclose,superuser
RolePrivilege,0,default_data:15,acctcntcreate,billing_clerical
RolePrivilege,0,default_data:16,acctcntcreate,billing_manager
RolePrivilege,0,default_data:17,acctcntcreate,finance_manager
RolePrivilege,0,default_data:18,acctcntcreate,general_admin
RolePrivilege,0,default_data:19,acctcntcreate,superuser
RolePrivilege,0,default_data:20,acctcntcreate,underwriter
RolePrivilege,0,default_data:21,acctcntdelete,billing_manager
RolePrivilege,0,default_data:22,acctcntdelete,general_admin
RolePrivilege,0,default_data:23,acctcntdelete,superuser
RolePrivilege,0,default_data:24,acctcntedit,billing_clerical
RolePrivilege,0,default_data:25,acctcntedit,billing_manager
RolePrivilege,0,default_data:26,acctcntedit,finance_manager
RolePrivilege,0,default_data:27,acctcntedit,general_admin
RolePrivilege,0,default_data:28,acctcntedit,superuser
RolePrivilege,0,default_data:29,acctcollview,billing_clerical
RolePrivilege,0,default_data:30,acctcollview,billing_manager
RolePrivilege,0,default_data:31,acctcollview,commissions_admin
RolePrivilege,0,default_data:32,acctcollview,finance_clerical
RolePrivilege,0,default_data:33,acctcollview,finance_manager
RolePrivilege,0,default_data:34,acctcollview,general_admin
RolePrivilege,0,default_data:35,acctcollview,plan_admin
RolePrivilege,0,default_data:36,acctcollview,rule_admin
RolePrivilege,0,default_data:37,acctcollview,superuser
RolePrivilege,0,default_data:38,acctcollview,underwriter
RolePrivilege,0,default_data:39,acctcollview,user_admin
RolePrivilege,0,default_data:40,acctcontview,billing_clerical
RolePrivilege,0,default_data:41,acctcontview,billing_manager
RolePrivilege,0,default_data:42,acctcontview,commissions_admin
RolePrivilege,0,default_data:43,acctcontview,finance_clerical
RolePrivilege,0,default_data:44,acctcontview,finance_manager
RolePrivilege,0,default_data:45,acctcontview,general_admin
RolePrivilege,0,default_data:46,acctcontview,plan_admin
RolePrivilege,0,default_data:47,acctcontview,rule_admin
RolePrivilege,0,default_data:48,acctcontview,superuser
RolePrivilege,0,default_data:49,acctcontview,underwriter
RolePrivilege,0,default_data:50,acctcontview,user_admin
RolePrivilege,0,default_data:51,acctcreate,billing_manager
RolePrivilege,0,default_data:52,acctcreate,general_admin
RolePrivilege,0,default_data:53,acctcreate,superuser
RolePrivilege,0,default_data:54,acctcreate,underwriter
RolePrivilege,0,default_data:55,acctdelview,billing_clerical
RolePrivilege,0,default_data:56,acctdelview,billing_manager
RolePrivilege,0,default_data:57,acctdelview,commissions_admin
RolePrivilege,0,default_data:58,acctdelview,finance_clerical
RolePrivilege,0,default_data:59,acctdelview,finance_manager
RolePrivilege,0,default_data:60,acctdelview,general_admin
RolePrivilege,0,default_data:61,acctdelview,plan_admin
RolePrivilege,0,default_data:62,acctdelview,rule_admin
RolePrivilege,0,default_data:63,acctdelview,superuser
RolePrivilege,0,default_data:64,acctdelview,underwriter
RolePrivilege,0,default_data:65,acctdelview,user_admin
RolePrivilege,0,default_data:66,acctdetedit,billing_manager
RolePrivilege,0,default_data:67,acctdetedit,general_admin
RolePrivilege,0,default_data:68,acctdetedit,superuser
RolePrivilege,0,default_data:69,acctdetedit,underwriter
RolePrivilege,0,default_data:70,acctdisbview,billing_clerical
RolePrivilege,0,default_data:71,acctdisbview,billing_manager
RolePrivilege,0,default_data:72,acctdisbview,commissions_admin
RolePrivilege,0,default_data:73,acctdisbview,finance_clerical
RolePrivilege,0,default_data:74,acctdisbview,finance_manager
RolePrivilege,0,default_data:75,acctdisbview,general_admin
RolePrivilege,0,default_data:76,acctdisbview,plan_admin
RolePrivilege,0,default_data:77,acctdisbview,rule_admin
RolePrivilege,0,default_data:78,acctdisbview,superuser
RolePrivilege,0,default_data:79,acctdisbview,underwriter
RolePrivilege,0,default_data:80,acctdisbview,user_admin
RolePrivilege,0,default_data:81,acctdocview,billing_clerical
RolePrivilege,0,default_data:82,acctdocview,billing_manager
RolePrivilege,0,default_data:83,acctdocview,commissions_admin
RolePrivilege,0,default_data:84,acctdocview,finance_clerical
RolePrivilege,0,default_data:85,acctdocview,finance_manager
RolePrivilege,0,default_data:86,acctdocview,general_admin
RolePrivilege,0,default_data:87,acctdocview,plan_admin
RolePrivilege,0,default_data:88,acctdocview,rule_admin
RolePrivilege,0,default_data:89,acctdocview,superuser
RolePrivilege,0,default_data:90,acctdocview,underwriter
RolePrivilege,0,default_data:91,acctdocview,user_admin
RolePrivilege,0,default_data:92,acctevalview,billing_clerical
RolePrivilege,0,default_data:93,acctevalview,billing_manager
RolePrivilege,0,default_data:94,acctevalview,commissions_admin
RolePrivilege,0,default_data:95,acctevalview,finance_clerical
RolePrivilege,0,default_data:96,acctevalview,finance_manager
RolePrivilege,0,default_data:97,acctevalview,general_admin
RolePrivilege,0,default_data:98,acctevalview,plan_admin
RolePrivilege,0,default_data:99,acctevalview,rule_admin
RolePrivilege,0,default_data:100,acctevalview,superuser
RolePrivilege,0,default_data:101,acctevalview,underwriter
RolePrivilege,0,default_data:102,acctevalview,user_admin
RolePrivilege,0,default_data:103,accthistview,billing_clerical
RolePrivilege,0,default_data:104,accthistview,billing_manager
RolePrivilege,0,default_data:105,accthistview,commissions_admin
RolePrivilege,0,default_data:106,accthistview,finance_clerical
RolePrivilege,0,default_data:107,accthistview,finance_manager
RolePrivilege,0,default_data:108,accthistview,general_admin
RolePrivilege,0,default_data:109,accthistview,plan_admin
RolePrivilege,0,default_data:110,accthistview,rule_admin
RolePrivilege,0,default_data:111,accthistview,superuser
RolePrivilege,0,default_data:112,accthistview,underwriter
RolePrivilege,0,default_data:113,accthistview,user_admin
RolePrivilege,0,default_data:114,acctignoresecurityzone,superuser
RolePrivilege,0,default_data:115,acctinvcview,billing_clerical
RolePrivilege,0,default_data:116,acctinvcview,billing_manager
RolePrivilege,0,default_data:117,acctinvcview,commissions_admin
RolePrivilege,0,default_data:118,acctinvcview,finance_clerical
RolePrivilege,0,default_data:119,acctinvcview,finance_manager
RolePrivilege,0,default_data:120,acctinvcview,general_admin
RolePrivilege,0,default_data:121,acctinvcview,plan_admin
RolePrivilege,0,default_data:122,acctinvcview,rule_admin
RolePrivilege,0,default_data:123,acctinvcview,superuser
RolePrivilege,0,default_data:124,acctinvcview,underwriter
RolePrivilege,0,default_data:125,acctinvcview,user_admin
RolePrivilege,0,default_data:126,acctjournalview,commissions_admin
RolePrivilege,0,default_data:127,acctjournalview,general_admin
RolePrivilege,0,default_data:128,acctjournalview,plan_admin
RolePrivilege,0,default_data:129,acctjournalview,rule_admin
RolePrivilege,0,default_data:130,acctjournalview,superuser
RolePrivilege,0,default_data:131,acctjournalview,user_admin
RolePrivilege,0,default_data:132,acctledgerview,commissions_admin
RolePrivilege,0,default_data:133,acctledgerview,general_admin
RolePrivilege,0,default_data:134,acctledgerview,plan_admin
RolePrivilege,0,default_data:135,acctledgerview,rule_admin
RolePrivilege,0,default_data:136,acctledgerview,superuser
RolePrivilege,0,default_data:137,acctledgerview,user_admin
RolePrivilege,0,default_data:138,acctnoteview,billing_clerical
RolePrivilege,0,default_data:139,acctnoteview,billing_manager
RolePrivilege,0,default_data:140,acctnoteview,commissions_admin
RolePrivilege,0,default_data:141,acctnoteview,finance_clerical
RolePrivilege,0,default_data:142,acctnoteview,finance_manager
RolePrivilege,0,default_data:143,acctnoteview,general_admin
RolePrivilege,0,default_data:144,acctnoteview,plan_admin
RolePrivilege,0,default_data:145,acctnoteview,rule_admin
RolePrivilege,0,default_data:146,acctnoteview,superuser
RolePrivilege,0,default_data:147,acctnoteview,underwriter
RolePrivilege,0,default_data:148,acctnoteview,user_admin
RolePrivilege,0,default_data:149,acctplcytx,billing_manager
RolePrivilege,0,default_data:150,acctplcytx,general_admin
RolePrivilege,0,default_data:151,acctplcytx,superuser
RolePrivilege,0,default_data:152,acctplcyview,billing_clerical
RolePrivilege,0,default_data:153,acctplcyview,billing_manager
RolePrivilege,0,default_data:154,acctplcyview,commissions_admin
RolePrivilege,0,default_data:155,acctplcyview,finance_clerical
RolePrivilege,0,default_data:156,acctplcyview,finance_manager
RolePrivilege,0,default_data:157,acctplcyview,general_admin
RolePrivilege,0,default_data:158,acctplcyview,plan_admin
RolePrivilege,0,default_data:159,acctplcyview,rule_admin
RolePrivilege,0,default_data:160,acctplcyview,superuser
RolePrivilege,0,default_data:161,acctplcyview,underwriter
RolePrivilege,0,default_data:162,acctplcyview,user_admin
RolePrivilege,0,default_data:163,acctpmntview,billing_clerical
RolePrivilege,0,default_data:164,acctpmntview,billing_manager
RolePrivilege,0,default_data:165,acctpmntview,commissions_admin
RolePrivilege,0,default_data:166,acctpmntview,finance_clerical
RolePrivilege,0,default_data:167,acctpmntview,finance_manager
RolePrivilege,0,default_data:168,acctpmntview,general_admin
RolePrivilege,0,default_data:169,acctpmntview,plan_admin
RolePrivilege,0,default_data:170,acctpmntview,rule_admin
RolePrivilege,0,default_data:171,acctpmntview,superuser
RolePrivilege,0,default_data:172,acctpmntview,underwriter
RolePrivilege,0,default_data:173,acctpmntview,user_admin
RolePrivilege,0,default_data:174,acctsearch,billing_clerical
RolePrivilege,0,default_data:175,acctsearch,billing_manager
RolePrivilege,0,default_data:176,acctsearch,commissions_admin
RolePrivilege,0,default_data:177,acctsearch,finance_clerical
RolePrivilege,0,default_data:178,acctsearch,finance_manager
RolePrivilege,0,default_data:179,acctsearch,general_admin
RolePrivilege,0,default_data:180,acctsearch,superuser
RolePrivilege,0,default_data:181,acctsearch,underwriter
RolePrivilege,0,default_data:182,acctsummview,billing_clerical
RolePrivilege,0,default_data:183,acctsummview,billing_manager
RolePrivilege,0,default_data:184,acctsummview,commissions_admin
RolePrivilege,0,default_data:185,acctsummview,finance_clerical
RolePrivilege,0,default_data:186,acctsummview,finance_manager
RolePrivilege,0,default_data:187,acctsummview,general_admin
RolePrivilege,0,default_data:188,acctsummview,plan_admin
RolePrivilege,0,default_data:189,acctsummview,rule_admin
RolePrivilege,0,default_data:190,acctsummview,superuser
RolePrivilege,0,default_data:191,acctsummview,underwriter
RolePrivilege,0,default_data:192,acctsummview,user_admin
RolePrivilege,0,default_data:193,accttabview,billing_clerical
RolePrivilege,0,default_data:194,accttabview,billing_manager
RolePrivilege,0,default_data:195,accttabview,commissions_admin
RolePrivilege,0,default_data:196,accttabview,finance_clerical
RolePrivilege,0,default_data:197,accttabview,finance_manager
RolePrivilege,0,default_data:198,accttabview,general_admin
RolePrivilege,0,default_data:199,accttabview,superuser
RolePrivilege,0,default_data:200,accttabview,underwriter
RolePrivilege,0,default_data:201,acctttktview,billing_clerical
RolePrivilege,0,default_data:202,acctttktview,billing_manager
RolePrivilege,0,default_data:203,acctttktview,commissions_admin
RolePrivilege,0,default_data:204,acctttktview,finance_clerical
RolePrivilege,0,default_data:205,acctttktview,finance_manager
RolePrivilege,0,default_data:206,acctttktview,general_admin
RolePrivilege,0,default_data:207,acctttktview,plan_admin
RolePrivilege,0,default_data:208,acctttktview,rule_admin
RolePrivilege,0,default_data:209,acctttktview,superuser
RolePrivilege,0,default_data:210,acctttktview,underwriter
RolePrivilege,0,default_data:211,acctttktview,user_admin
RolePrivilege,0,default_data:212,accttxnview,billing_clerical
RolePrivilege,0,default_data:213,accttxnview,billing_manager
RolePrivilege,0,default_data:214,accttxnview,commissions_admin
RolePrivilege,0,default_data:215,accttxnview,finance_clerical
RolePrivilege,0,default_data:216,accttxnview,finance_manager
RolePrivilege,0,default_data:217,accttxnview,general_admin
RolePrivilege,0,default_data:218,accttxnview,plan_admin
RolePrivilege,0,default_data:219,accttxnview,rule_admin
RolePrivilege,0,default_data:220,accttxnview,superuser
RolePrivilege,0,default_data:221,accttxnview,underwriter
RolePrivilege,0,default_data:222,accttxnview,user_admin
RolePrivilege,0,default_data:223,acctwo,billing_manager
RolePrivilege,0,default_data:224,acctwo,general_admin
RolePrivilege,0,default_data:225,acctwo,superuser
RolePrivilege,0,default_data:226,actapproveany,billing_manager
RolePrivilege,0,default_data:227,actapproveany,finance_manager
RolePrivilege,0,default_data:228,actapproveany,general_admin
RolePrivilege,0,default_data:229,actapproveany,superuser
RolePrivilege,0,default_data:230,actcreate,billing_clerical
RolePrivilege,0,default_data:231,actcreate,billing_manager
RolePrivilege,0,default_data:232,actcreate,finance_clerical
RolePrivilege,0,default_data:233,actcreate,finance_manager
RolePrivilege,0,default_data:234,actcreate,general_admin
RolePrivilege,0,default_data:235,actcreate,superuser
RolePrivilege,0,default_data:236,acteditunowned,billing_manager
RolePrivilege,0,default_data:237,acteditunowned,finance_manager
RolePrivilege,0,default_data:238,acteditunowned,general_admin
RolePrivilege,0,default_data:239,acteditunowned,superuser
RolePrivilege,0,default_data:240,actown,billing_clerical
RolePrivilege,0,default_data:241,actown,billing_manager
RolePrivilege,0,default_data:242,actown,commissions_admin
RolePrivilege,0,default_data:243,actown,finance_clerical
RolePrivilege,0,default_data:244,actown,finance_manager
RolePrivilege,0,default_data:245,actown,general_admin
RolePrivilege,0,default_data:246,actown,plan_admin
RolePrivilege,0,default_data:247,actown,rule_admin
RolePrivilege,0,default_data:248,actown,superuser
RolePrivilege,0,default_data:249,actown,user_admin
RolePrivilege,0,default_data:250,actpatcreate,general_admin
RolePrivilege,0,default_data:251,actpatcreate,superuser
RolePrivilege,0,default_data:252,actpatdelete,general_admin
RolePrivilege,0,default_data:253,actpatdelete,superuser
RolePrivilege,0,default_data:254,actpatedit,general_admin
RolePrivilege,0,default_data:255,actpatedit,superuser
RolePrivilege,0,default_data:256,actpatview,general_admin
RolePrivilege,0,default_data:257,actpatview,superuser
RolePrivilege,0,default_data:258,actraown,billing_manager
RolePrivilege,0,default_data:259,actraown,finance_manager
RolePrivilege,0,default_data:260,actraown,general_admin
RolePrivilege,0,default_data:261,actraown,superuser
RolePrivilege,0,default_data:262,actraunown,billing_manager
RolePrivilege,0,default_data:263,actraunown,finance_manager
RolePrivilege,0,default_data:264,actraunown,general_admin
RolePrivilege,0,default_data:265,actraunown,superuser
RolePrivilege,0,default_data:266,actsearch,billing_manager
RolePrivilege,0,default_data:267,actsearch,commissions_admin
RolePrivilege,0,default_data:268,actsearch,finance_manager
RolePrivilege,0,default_data:269,actsearch,general_admin
RolePrivilege,0,default_data:270,actsearch,superuser
RolePrivilege,0,default_data:271,actsearch,underwriter
RolePrivilege,0,default_data:272,actview,billing_clerical
RolePrivilege,0,default_data:273,actview,billing_manager
RolePrivilege,0,default_data:274,actview,commissions_admin
RolePrivilege,0,default_data:275,actview,finance_clerical
RolePrivilege,0,default_data:276,actview,finance_manager
RolePrivilege,0,default_data:277,actview,general_admin
RolePrivilege,0,default_data:278,actview,plan_admin
RolePrivilege,0,default_data:279,actview,rule_admin
RolePrivilege,0,default_data:280,actview,superuser
RolePrivilege,0,default_data:281,actview,underwriter
RolePrivilege,0,default_data:282,actview,user_admin
RolePrivilege,0,default_data:283,adhoccredit,billing_manager
RolePrivilege,0,default_data:284,adhoccredit,superuser
RolePrivilege,0,default_data:285,admintabview,billing_clerical
RolePrivilege,0,default_data:286,admintabview,billing_manager
RolePrivilege,0,default_data:287,admintabview,commissions_admin
RolePrivilege,0,default_data:288,admintabview,finance_clerical
RolePrivilege,0,default_data:289,admintabview,finance_manager
RolePrivilege,0,default_data:290,admintabview,general_admin
RolePrivilege,0,default_data:291,admintabview,plan_admin
RolePrivilege,0,default_data:292,admintabview,rule_admin
RolePrivilege,0,default_data:293,admintabview,superuser
RolePrivilege,0,default_data:294,admintabview,underwriter
RolePrivilege,0,default_data:295,admintabview,user_admin
RolePrivilege,0,default_data:296,agencybillplancreate,general_admin
RolePrivilege,0,default_data:297,agencybillplancreate,plan_admin
RolePrivilege,0,default_data:298,agencybillplancreate,superuser
RolePrivilege,0,default_data:299,agencybillplanedit,general_admin
RolePrivilege,0,default_data:300,agencybillplanedit,plan_admin
RolePrivilege,0,default_data:301,agencybillplanedit,superuser
RolePrivilege,0,default_data:302,agencybillplanview,billing_clerical
RolePrivilege,0,default_data:303,agencybillplanview,billing_manager
RolePrivilege,0,default_data:304,agencybillplanview,finance_manager
RolePrivilege,0,default_data:305,agencybillplanview,general_admin
RolePrivilege,0,default_data:306,agencybillplanview,plan_admin
RolePrivilege,0,default_data:307,agencybillplanview,superuser
RolePrivilege,0,default_data:308,agencybillplanview,underwriter
RolePrivilege,0,default_data:309,agencymoneyrecdsearch,billing_clerical
RolePrivilege,0,default_data:310,agencymoneyrecdsearch,billing_manager
RolePrivilege,0,default_data:311,agencymoneyrecdsearch,commissions_admin
RolePrivilege,0,default_data:312,agencymoneyrecdsearch,finance_clerical
RolePrivilege,0,default_data:313,agencymoneyrecdsearch,finance_manager
RolePrivilege,0,default_data:314,agencymoneyrecdsearch,general_admin
RolePrivilege,0,default_data:315,agencymoneyrecdsearch,superuser
RolePrivilege,0,default_data:316,agencymoneyrecdsearch,underwriter
RolePrivilege,0,default_data:317,agencywo,billing_manager
RolePrivilege,0,default_data:318,agencywo,general_admin
RolePrivilege,0,default_data:319,agencywo,superuser
RolePrivilege,0,default_data:320,alpmanage,general_admin
RolePrivilege,0,default_data:321,alpmanage,superuser
RolePrivilege,0,default_data:322,billplancreate,general_admin
RolePrivilege,0,default_data:323,billplancreate,plan_admin
RolePrivilege,0,default_data:324,billplancreate,superuser
RolePrivilege,0,default_data:325,billplanedit,general_admin
RolePrivilege,0,default_data:326,billplanedit,plan_admin
RolePrivilege,0,default_data:327,billplanedit,superuser
RolePrivilege,0,default_data:328,billplanview,billing_clerical
RolePrivilege,0,default_data:329,billplanview,billing_manager
RolePrivilege,0,default_data:330,billplanview,finance_manager
RolePrivilege,0,default_data:331,billplanview,general_admin
RolePrivilege,0,default_data:332,billplanview,plan_admin
RolePrivilege,0,default_data:333,billplanview,superuser
RolePrivilege,0,default_data:334,billplanview,underwriter
RolePrivilege,0,default_data:335,cashtx,billing_clerical
RolePrivilege,0,default_data:336,cashtx,billing_manager
RolePrivilege,0,default_data:337,cashtx,finance_manager
RolePrivilege,0,default_data:338,cashtx,general_admin
RolePrivilege,0,default_data:339,cashtx,superuser
RolePrivilege,0,default_data:340,cashtx,underwriter
RolePrivilege,0,default_data:341,chargeholdcreate,billing_clerical
RolePrivilege,0,default_data:342,chargeholdcreate,billing_manager
RolePrivilege,0,default_data:343,chargeholdcreate,finance_manager
RolePrivilege,0,default_data:344,chargeholdcreate,general_admin
RolePrivilege,0,default_data:345,chargeholdcreate,superuser
RolePrivilege,0,default_data:346,chargeholdrelease,billing_clerical
RolePrivilege,0,default_data:347,chargeholdrelease,billing_manager
RolePrivilege,0,default_data:348,chargeholdrelease,finance_manager
RolePrivilege,0,default_data:349,chargeholdrelease,general_admin
RolePrivilege,0,default_data:350,chargeholdrelease,superuser
RolePrivilege,0,default_data:351,chargepatterncreate,billing_clerical
RolePrivilege,0,default_data:352,chargepatterncreate,billing_manager
RolePrivilege,0,default_data:353,chargepatterncreate,finance_clerical
RolePrivilege,0,default_data:354,chargepatterncreate,finance_manager
RolePrivilege,0,default_data:355,chargepatterncreate,general_admin
RolePrivilege,0,default_data:356,chargepatterncreate,plan_admin
RolePrivilege,0,default_data:357,chargepatterncreate,superuser
RolePrivilege,0,default_data:358,chargepatterncreate,underwriter
RolePrivilege,0,default_data:359,chargepatternview,billing_clerical
RolePrivilege,0,default_data:360,chargepatternview,billing_manager
RolePrivilege,0,default_data:361,chargepatternview,finance_clerical
RolePrivilege,0,default_data:362,chargepatternview,finance_manager
RolePrivilege,0,default_data:363,chargepatternview,general_admin
RolePrivilege,0,default_data:364,chargepatternview,plan_admin
RolePrivilege,0,default_data:365,chargepatternview,superuser
RolePrivilege,0,default_data:366,chargepatternview,underwriter
RolePrivilege,0,default_data:367,chrgcmsnrateoverride,billing_manager
RolePrivilege,0,default_data:368,chrgcmsnrateoverride,general_admin
RolePrivilege,0,default_data:369,chrgcmsnrateoverride,superuser
RolePrivilege,0,default_data:370,chrgcmsnrateoverride,underwriter
RolePrivilege,0,default_data:371,colagencycreate,general_admin
RolePrivilege,0,default_data:372,colagencycreate,plan_admin
RolePrivilege,0,default_data:373,colagencycreate,superuser
RolePrivilege,0,default_data:374,colagencydelete,billing_manager
RolePrivilege,0,default_data:375,colagencydelete,general_admin
RolePrivilege,0,default_data:376,colagencydelete,superuser
RolePrivilege,0,default_data:377,colagencyedit,general_admin
RolePrivilege,0,default_data:378,colagencyedit,plan_admin
RolePrivilege,0,default_data:379,colagencyedit,superuser
RolePrivilege,0,default_data:380,colagencyview,billing_clerical
RolePrivilege,0,default_data:381,colagencyview,billing_manager
RolePrivilege,0,default_data:382,colagencyview,general_admin
RolePrivilege,0,default_data:383,colagencyview,plan_admin
RolePrivilege,0,default_data:384,colagencyview,superuser
RolePrivilege,0,default_data:385,collateraldisburse,billing_manager
RolePrivilege,0,default_data:386,collateraldisburse,general_admin
RolePrivilege,0,default_data:387,collateraldisburse,superuser
RolePrivilege,0,default_data:388,collateraldisburse,underwriter
RolePrivilege,0,default_data:389,collateraldrawdown,billing_manager
RolePrivilege,0,default_data:390,collateraldrawdown,general_admin
RolePrivilege,0,default_data:391,collateraldrawdown,superuser
RolePrivilege,0,default_data:392,collateraldrawdown,underwriter
RolePrivilege,0,default_data:393,collateralreqedit,billing_manager
RolePrivilege,0,default_data:394,collateralreqedit,general_admin
RolePrivilege,0,default_data:395,collateralreqedit,superuser
RolePrivilege,0,default_data:396,collateralreqedit,underwriter
RolePrivilege,0,default_data:397,commpercoride,billing_manager
RolePrivilege,0,default_data:398,commpercoride,general_admin
RolePrivilege,0,default_data:399,commpercoride,superuser
RolePrivilege,0,default_data:400,commpercoride,underwriter
RolePrivilege,0,default_data:401,commplanassnedit,billing_manager
RolePrivilege,0,default_data:402,commplanassnedit,general_admin
RolePrivilege,0,default_data:403,commplanassnedit,superuser
RolePrivilege,0,default_data:404,commplanassnedit,underwriter
RolePrivilege,0,default_data:405,commplancreate,commissions_admin
RolePrivilege,0,default_data:406,commplancreate,general_admin
RolePrivilege,0,default_data:407,commplancreate,plan_admin
RolePrivilege,0,default_data:408,commplancreate,superuser
RolePrivilege,0,default_data:409,commplanedit,commissions_admin
RolePrivilege,0,default_data:410,commplanedit,general_admin
RolePrivilege,0,default_data:411,commplanedit,plan_admin
RolePrivilege,0,default_data:412,commplanedit,superuser
RolePrivilege,0,default_data:413,commplanoride,billing_manager
RolePrivilege,0,default_data:414,commplanoride,general_admin
RolePrivilege,0,default_data:415,commplanoride,superuser
RolePrivilege,0,default_data:416,commplanoride,underwriter
RolePrivilege,0,default_data:417,commplanview,commissions_admin
RolePrivilege,0,default_data:418,commplanview,general_admin
RolePrivilege,0,default_data:419,commplanview,plan_admin
RolePrivilege,0,default_data:420,commplanview,superuser
RolePrivilege,0,default_data:421,confdoccreate,billing_clerical
RolePrivilege,0,default_data:422,confdoccreate,billing_manager
RolePrivilege,0,default_data:423,confdoccreate,finance_clerical
RolePrivilege,0,default_data:424,confdoccreate,finance_manager
RolePrivilege,0,default_data:425,confdoccreate,general_admin
RolePrivilege,0,default_data:426,confdoccreate,superuser
RolePrivilege,0,default_data:427,confdocdelete,billing_manager
RolePrivilege,0,default_data:428,confdocdelete,finance_manager
RolePrivilege,0,default_data:429,confdocdelete,general_admin
RolePrivilege,0,default_data:430,confdocdelete,superuser
RolePrivilege,0,default_data:431,confdocedit,billing_manager
RolePrivilege,0,default_data:432,confdocedit,finance_manager
RolePrivilege,0,default_data:433,confdocedit,general_admin
RolePrivilege,0,default_data:434,confdocedit,superuser
RolePrivilege,0,default_data:435,confdocview,billing_clerical
RolePrivilege,0,default_data:436,confdocview,billing_manager
RolePrivilege,0,default_data:437,confdocview,finance_clerical
RolePrivilege,0,default_data:438,confdocview,finance_manager
RolePrivilege,0,default_data:439,confdocview,general_admin
RolePrivilege,0,default_data:440,confdocview,superuser
RolePrivilege,0,default_data:441,confnotecreate,billing_clerical
RolePrivilege,0,default_data:442,confnotecreate,billing_manager
RolePrivilege,0,default_data:443,confnotecreate,finance_clerical
RolePrivilege,0,default_data:444,confnotecreate,finance_manager
RolePrivilege,0,default_data:445,confnotecreate,general_admin
RolePrivilege,0,default_data:446,confnotecreate,superuser
RolePrivilege,0,default_data:447,confnoteedit,billing_manager
RolePrivilege,0,default_data:448,confnoteedit,finance_manager
RolePrivilege,0,default_data:449,confnoteedit,general_admin
RolePrivilege,0,default_data:450,confnoteedit,superuser
RolePrivilege,0,default_data:451,confnoteview,billing_clerical
RolePrivilege,0,default_data:452,confnoteview,billing_manager
RolePrivilege,0,default_data:453,confnoteview,finance_clerical
RolePrivilege,0,default_data:454,confnoteview,finance_manager
RolePrivilege,0,default_data:455,confnoteview,general_admin
RolePrivilege,0,default_data:456,confnoteview,superuser
RolePrivilege,0,default_data:457,retpremplancreate,general_admin
RolePrivilege,0,default_data:458,retpremplancreate,plan_admin
RolePrivilege,0,default_data:459,retpremplancreate,superuser
RolePrivilege,0,default_data:460,retpremplanedit,general_admin
RolePrivilege,0,default_data:461,retpremplanedit,plan_admin
RolePrivilege,0,default_data:462,retpremplanedit,superuser
RolePrivilege,0,default_data:463,retpremplanview,billing_clerical
RolePrivilege,0,default_data:464,retpremplanview,billing_manager
RolePrivilege,0,default_data:465,retpremplanview,commissions_admin
RolePrivilege,0,default_data:466,retpremplanview,finance_manager
RolePrivilege,0,default_data:467,retpremplanview,general_admin
RolePrivilege,0,default_data:468,retpremplanview,plan_admin
RolePrivilege,0,default_data:469,retpremplanview,superuser
RolePrivilege,0,default_data:470,retpremplanview,underwriter
RolePrivilege,0,default_data:471,delplancreate,general_admin
RolePrivilege,0,default_data:472,delplancreate,plan_admin
RolePrivilege,0,default_data:473,delplancreate,superuser
RolePrivilege,0,default_data:474,delplanedit,general_admin
RolePrivilege,0,default_data:475,delplanedit,plan_admin
RolePrivilege,0,default_data:476,delplanedit,superuser
RolePrivilege,0,default_data:477,delplanview,billing_clerical
RolePrivilege,0,default_data:478,delplanview,billing_manager
RolePrivilege,0,default_data:479,delplanview,finance_manager
RolePrivilege,0,default_data:480,delplanview,general_admin
RolePrivilege,0,default_data:481,delplanview,plan_admin
RolePrivilege,0,default_data:482,delplanview,superuser
RolePrivilege,0,default_data:483,delplanview,underwriter
RolePrivilege,0,default_data:484,delsearch,billing_manager
RolePrivilege,0,default_data:485,delsearch,finance_manager
RolePrivilege,0,default_data:486,delsearch,general_admin
RolePrivilege,0,default_data:487,delsearch,superuser
RolePrivilege,0,default_data:488,disbauccreate,billing_manager
RolePrivilege,0,default_data:489,disbauccreate,finance_manager
RolePrivilege,0,default_data:490,disbauccreate,general_admin
RolePrivilege,0,default_data:491,disbauccreate,superuser
RolePrivilege,0,default_data:492,disbcreate,billing_clerical
RolePrivilege,0,default_data:493,disbcreate,billing_manager
RolePrivilege,0,default_data:494,disbcreate,finance_manager
RolePrivilege,0,default_data:495,disbcreate,general_admin
RolePrivilege,0,default_data:496,disbcreate,superuser
RolePrivilege,0,default_data:497,disbpayeeedit,billing_manager
RolePrivilege,0,default_data:498,disbpayeeedit,finance_manager
RolePrivilege,0,default_data:499,disbpayeeedit,general_admin
RolePrivilege,0,default_data:500,disbpayeeedit,superuser
RolePrivilege,0,default_data:501,disbsearch,billing_clerical
RolePrivilege,0,default_data:502,disbsearch,billing_manager
RolePrivilege,0,default_data:503,disbsearch,commissions_admin
RolePrivilege,0,default_data:504,disbsearch,finance_clerical
RolePrivilege,0,default_data:505,disbsearch,finance_manager
RolePrivilege,0,default_data:506,disbsearch,general_admin
RolePrivilege,0,default_data:507,disbsearch,superuser
RolePrivilege,0,default_data:508,disbsearch,underwriter
RolePrivilege,0,default_data:509,doccreate,billing_clerical
RolePrivilege,0,default_data:510,doccreate,billing_manager
RolePrivilege,0,default_data:511,doccreate,commissions_admin
RolePrivilege,0,default_data:512,doccreate,finance_clerical
RolePrivilege,0,default_data:513,doccreate,finance_manager
RolePrivilege,0,default_data:514,doccreate,general_admin
RolePrivilege,0,default_data:515,doccreate,plan_admin
RolePrivilege,0,default_data:516,doccreate,rule_admin
RolePrivilege,0,default_data:517,doccreate,superuser
RolePrivilege,0,default_data:518,doccreate,underwriter
RolePrivilege,0,default_data:519,doccreate,user_admin
RolePrivilege,0,default_data:520,docdelete,billing_manager
RolePrivilege,0,default_data:521,docdelete,finance_manager
RolePrivilege,0,default_data:522,docdelete,general_admin
RolePrivilege,0,default_data:523,docdelete,superuser
RolePrivilege,0,default_data:524,docedit,billing_clerical
RolePrivilege,0,default_data:525,docedit,billing_manager
RolePrivilege,0,default_data:526,docedit,commissions_admin
RolePrivilege,0,default_data:527,docedit,finance_clerical
RolePrivilege,0,default_data:528,docedit,finance_manager
RolePrivilege,0,default_data:529,docedit,general_admin
RolePrivilege,0,default_data:530,docedit,plan_admin
RolePrivilege,0,default_data:531,docedit,rule_admin
RolePrivilege,0,default_data:532,docedit,superuser
RolePrivilege,0,default_data:533,docedit,underwriter
RolePrivilege,0,default_data:534,docedit,user_admin
RolePrivilege,0,default_data:535,docview,billing_clerical
RolePrivilege,0,default_data:536,docview,billing_manager
RolePrivilege,0,default_data:537,docview,commissions_admin
RolePrivilege,0,default_data:538,docview,finance_clerical
RolePrivilege,0,default_data:539,docview,finance_manager
RolePrivilege,0,default_data:540,docview,general_admin
RolePrivilege,0,default_data:541,docview,plan_admin
RolePrivilege,0,default_data:542,docview,rule_admin
RolePrivilege,0,default_data:543,docview,superuser
RolePrivilege,0,default_data:544,docview,underwriter
RolePrivilege,0,default_data:545,docview,user_admin
RolePrivilege,0,default_data:546,eventmessageview,general_admin
RolePrivilege,0,default_data:547,eventmessageview,superuser
RolePrivilege,0,default_data:548,gentxn,billing_clerical
RolePrivilege,0,default_data:549,gentxn,finance_manager
RolePrivilege,0,default_data:550,gentxn,underwriter
RolePrivilege,0,default_data:551,gentxn,billing_manager
RolePrivilege,0,default_data:552,gentxn,general_admin
RolePrivilege,0,default_data:553,gentxn,superuser
RolePrivilege,0,default_data:554,groupcreate,general_admin
RolePrivilege,0,default_data:555,groupcreate,superuser
RolePrivilege,0,default_data:556,groupdelete,general_admin
RolePrivilege,0,default_data:557,groupdelete,superuser
RolePrivilege,0,default_data:558,groupedit,general_admin
RolePrivilege,0,default_data:559,groupedit,superuser
RolePrivilege,0,default_data:560,grpacctsearch,billing_manager
RolePrivilege,0,default_data:561,grpacctsearch,commissions_admin
RolePrivilege,0,default_data:562,grpacctsearch,general_admin
RolePrivilege,0,default_data:563,grpacctsearch,superuser
RolePrivilege,0,default_data:564,grpacctsearch,underwriter
RolePrivilege,0,default_data:565,intdoccreate,billing_clerical
RolePrivilege,0,default_data:566,intdoccreate,billing_manager
RolePrivilege,0,default_data:567,intdoccreate,finance_clerical
RolePrivilege,0,default_data:568,intdoccreate,finance_manager
RolePrivilege,0,default_data:569,intdoccreate,general_admin
RolePrivilege,0,default_data:570,intdoccreate,superuser
RolePrivilege,0,default_data:571,intdocdelete,billing_manager
RolePrivilege,0,default_data:572,intdocdelete,finance_manager
RolePrivilege,0,default_data:573,intdocdelete,general_admin
RolePrivilege,0,default_data:574,intdocdelete,superuser
RolePrivilege,0,default_data:575,intdocedit,billing_manager
RolePrivilege,0,default_data:576,intdocedit,finance_manager
RolePrivilege,0,default_data:577,intdocedit,general_admin
RolePrivilege,0,default_data:578,intdocedit,superuser
RolePrivilege,0,default_data:579,intdocview,billing_clerical
RolePrivilege,0,default_data:580,intdocview,billing_manager
RolePrivilege,0,default_data:581,intdocview,finance_clerical
RolePrivilege,0,default_data:582,intdocview,finance_manager
RolePrivilege,0,default_data:583,intdocview,general_admin
RolePrivilege,0,default_data:584,intdocview,superuser
RolePrivilege,0,default_data:585,internaltools,general_admin
RolePrivilege,0,default_data:586,internaltools,superuser
RolePrivilege,0,default_data:587,intnotecreate,billing_clerical
RolePrivilege,0,default_data:588,intnotecreate,billing_manager
RolePrivilege,0,default_data:589,intnotecreate,finance_clerical
RolePrivilege,0,default_data:590,intnotecreate,finance_manager
RolePrivilege,0,default_data:591,intnotecreate,general_admin
RolePrivilege,0,default_data:592,intnotecreate,superuser
RolePrivilege,0,default_data:593,intnoteedit,billing_manager
RolePrivilege,0,default_data:594,intnoteedit,finance_manager
RolePrivilege,0,default_data:595,intnoteedit,general_admin
RolePrivilege,0,default_data:596,intnoteedit,superuser
RolePrivilege,0,default_data:597,intnoteview,billing_clerical
RolePrivilege,0,default_data:598,intnoteview,billing_manager
RolePrivilege,0,default_data:599,intnoteview,finance_clerical
RolePrivilege,0,default_data:600,intnoteview,finance_manager
RolePrivilege,0,default_data:601,intnoteview,general_admin
RolePrivilege,0,default_data:602,intnoteview,superuser
RolePrivilege,0,default_data:603,invccreate,billing_manager
RolePrivilege,0,default_data:604,invccreate,general_admin
RolePrivilege,0,default_data:605,invccreate,superuser
RolePrivilege,0,default_data:606,invcdateedit,billing_manager
RolePrivilege,0,default_data:607,invcdateedit,general_admin
RolePrivilege,0,default_data:608,invcdateedit,superuser
RolePrivilege,0,default_data:609,invcremove,billing_manager
RolePrivilege,0,default_data:610,invcremove,general_admin
RolePrivilege,0,default_data:611,invcremove,superuser
RolePrivilege,0,default_data:612,invcresend,billing_clerical
RolePrivilege,0,default_data:613,invcresend,billing_manager
RolePrivilege,0,default_data:614,invcresend,general_admin
RolePrivilege,0,default_data:615,invcresend,superuser
RolePrivilege,0,default_data:616,invcsearch,billing_clerical
RolePrivilege,0,default_data:617,invcsearch,billing_manager
RolePrivilege,0,default_data:618,invcsearch,commissions_admin
RolePrivilege,0,default_data:619,invcsearch,finance_clerical
RolePrivilege,0,default_data:620,invcsearch,finance_manager
RolePrivilege,0,default_data:621,invcsearch,general_admin
RolePrivilege,0,default_data:622,invcsearch,superuser
RolePrivilege,0,default_data:623,invcsearch,underwriter
RolePrivilege,0,default_data:624,myagencyitemsview,billing_clerical
RolePrivilege,0,default_data:625,myagencyitemsview,billing_manager
RolePrivilege,0,default_data:626,myagencyitemsview,commissions_admin
RolePrivilege,0,default_data:627,myagencyitemsview,general_admin
RolePrivilege,0,default_data:628,myagencyitemsview,superuser
RolePrivilege,0,default_data:629,myagencyitemsview,underwriter
RolePrivilege,0,default_data:630,mydelinquenciesview,billing_clerical
RolePrivilege,0,default_data:631,mydelinquenciesview,billing_manager
RolePrivilege,0,default_data:632,mydelinquenciesview,finance_clerical
RolePrivilege,0,default_data:633,mydelinquenciesview,finance_manager
RolePrivilege,0,default_data:634,mydelinquenciesview,general_admin
RolePrivilege,0,default_data:635,mydelinquenciesview,superuser
RolePrivilege,0,default_data:636,mydelinquenciesview,underwriter
RolePrivilege,0,default_data:637,mydisbview,billing_clerical
RolePrivilege,0,default_data:638,mydisbview,billing_manager
RolePrivilege,0,default_data:639,mydisbview,commissions_admin
RolePrivilege,0,default_data:640,mydisbview,finance_clerical
RolePrivilege,0,default_data:641,mydisbview,finance_manager
RolePrivilege,0,default_data:642,mydisbview,general_admin
RolePrivilege,0,default_data:643,mydisbview,superuser
RolePrivilege,0,default_data:644,mydisbview,underwriter
RolePrivilege,0,default_data:645,myttktview,billing_clerical
RolePrivilege,0,default_data:646,myttktview,billing_manager
RolePrivilege,0,default_data:647,myttktview,commissions_admin
RolePrivilege,0,default_data:648,myttktview,finance_clerical
RolePrivilege,0,default_data:649,myttktview,finance_manager
RolePrivilege,0,default_data:650,myttktview,general_admin
RolePrivilege,0,default_data:651,myttktview,plan_admin
RolePrivilege,0,default_data:652,myttktview,rule_admin
RolePrivilege,0,default_data:653,myttktview,superuser
RolePrivilege,0,default_data:654,myttktview,underwriter
RolePrivilege,0,default_data:655,myttktview,user_admin
RolePrivilege,0,default_data:656,notecreate,billing_clerical
RolePrivilege,0,default_data:657,notecreate,billing_manager
RolePrivilege,0,default_data:658,notecreate,commissions_admin
RolePrivilege,0,default_data:659,notecreate,finance_clerical
RolePrivilege,0,default_data:660,notecreate,finance_manager
RolePrivilege,0,default_data:661,notecreate,general_admin
RolePrivilege,0,default_data:662,notecreate,plan_admin
RolePrivilege,0,default_data:663,notecreate,rule_admin
RolePrivilege,0,default_data:664,notecreate,superuser
RolePrivilege,0,default_data:665,notecreate,underwriter
RolePrivilege,0,default_data:666,notecreate,user_admin
RolePrivilege,0,default_data:667,notedelete,billing_manager
RolePrivilege,0,default_data:668,notedelete,finance_manager
RolePrivilege,0,default_data:669,notedelete,general_admin
RolePrivilege,0,default_data:670,notedelete,superuser
RolePrivilege,0,default_data:671,noteedit,billing_clerical
RolePrivilege,0,default_data:672,noteedit,billing_manager
RolePrivilege,0,default_data:673,noteedit,commissions_admin
RolePrivilege,0,default_data:674,noteedit,finance_clerical
RolePrivilege,0,default_data:675,noteedit,finance_manager
RolePrivilege,0,default_data:676,noteedit,general_admin
RolePrivilege,0,default_data:677,noteedit,plan_admin
RolePrivilege,0,default_data:678,noteedit,rule_admin
RolePrivilege,0,default_data:679,noteedit,superuser
RolePrivilege,0,default_data:680,noteedit,underwriter
RolePrivilege,0,default_data:681,noteedit,user_admin
RolePrivilege,0,default_data:682,noteview,billing_clerical
RolePrivilege,0,default_data:683,noteview,billing_manager
RolePrivilege,0,default_data:684,noteview,commissions_admin
RolePrivilege,0,default_data:685,noteview,finance_clerical
RolePrivilege,0,default_data:686,noteview,finance_manager
RolePrivilege,0,default_data:687,noteview,general_admin
RolePrivilege,0,default_data:688,noteview,plan_admin
RolePrivilege,0,default_data:689,noteview,rule_admin
RolePrivilege,0,default_data:690,noteview,superuser
RolePrivilege,0,default_data:691,noteview,underwriter
RolePrivilege,0,default_data:692,noteview,user_admin
RolePrivilege,0,default_data:693,outpmntsearch,billing_clerical
RolePrivilege,0,default_data:694,outpmntsearch,billing_manager
RolePrivilege,0,default_data:695,outpmntsearch,commissions_admin
RolePrivilege,0,default_data:696,outpmntsearch,finance_clerical
RolePrivilege,0,default_data:697,outpmntsearch,finance_manager
RolePrivilege,0,default_data:698,outpmntsearch,general_admin
RolePrivilege,0,default_data:699,outpmntsearch,superuser
RolePrivilege,0,default_data:700,outpmntsearch,underwriter
RolePrivilege,0,default_data:701,plcychange,general_admin
RolePrivilege,0,default_data:702,plcychange,superuser
RolePrivilege,0,default_data:703,plcychargesview,billing_clerical
RolePrivilege,0,default_data:704,plcychargesview,billing_manager
RolePrivilege,0,default_data:705,plcychargesview,commissions_admin
RolePrivilege,0,default_data:706,plcychargesview,finance_clerical
RolePrivilege,0,default_data:707,plcychargesview,finance_manager
RolePrivilege,0,default_data:708,plcychargesview,general_admin
RolePrivilege,0,default_data:709,plcychargesview,plan_admin
RolePrivilege,0,default_data:710,plcychargesview,rule_admin
RolePrivilege,0,default_data:711,plcychargesview,superuser
RolePrivilege,0,default_data:712,plcychargesview,underwriter
RolePrivilege,0,default_data:713,plcychargesview,user_admin
RolePrivilege,0,default_data:714,plcycntcreate,billing_clerical
RolePrivilege,0,default_data:715,plcycntcreate,billing_manager
RolePrivilege,0,default_data:716,plcycntcreate,finance_manager
RolePrivilege,0,default_data:717,plcycntcreate,general_admin
RolePrivilege,0,default_data:718,plcycntcreate,superuser
RolePrivilege,0,default_data:719,plcycntcreate,underwriter
RolePrivilege,0,default_data:720,plcycntdelete,billing_manager
RolePrivilege,0,default_data:721,plcycntdelete,general_admin
RolePrivilege,0,default_data:722,plcycntdelete,superuser
RolePrivilege,0,default_data:723,plcycntedit,billing_clerical
RolePrivilege,0,default_data:724,plcycntedit,billing_manager
RolePrivilege,0,default_data:725,plcycntedit,finance_manager
RolePrivilege,0,default_data:726,plcycntedit,general_admin
RolePrivilege,0,default_data:727,plcycntedit,superuser
RolePrivilege,0,default_data:728,plcycommview,billing_clerical
RolePrivilege,0,default_data:729,plcycommview,billing_manager
RolePrivilege,0,default_data:730,plcycommview,commissions_admin
RolePrivilege,0,default_data:731,plcycommview,finance_clerical
RolePrivilege,0,default_data:732,plcycommview,finance_manager
RolePrivilege,0,default_data:733,plcycommview,general_admin
RolePrivilege,0,default_data:734,plcycommview,plan_admin
RolePrivilege,0,default_data:735,plcycommview,rule_admin
RolePrivilege,0,default_data:736,plcycommview,superuser
RolePrivilege,0,default_data:737,plcycommview,underwriter
RolePrivilege,0,default_data:738,plcycommview,user_admin
RolePrivilege,0,default_data:739,plcycontview,billing_clerical
RolePrivilege,0,default_data:740,plcycontview,billing_manager
RolePrivilege,0,default_data:741,plcycontview,commissions_admin
RolePrivilege,0,default_data:742,plcycontview,finance_clerical
RolePrivilege,0,default_data:743,plcycontview,finance_manager
RolePrivilege,0,default_data:744,plcycontview,general_admin
RolePrivilege,0,default_data:745,plcycontview,plan_admin
RolePrivilege,0,default_data:746,plcycontview,rule_admin
RolePrivilege,0,default_data:747,plcycontview,superuser
RolePrivilege,0,default_data:748,plcycontview,underwriter
RolePrivilege,0,default_data:749,plcycontview,user_admin
RolePrivilege,0,default_data:750,plcycreate,general_admin
RolePrivilege,0,default_data:751,plcycreate,superuser
RolePrivilege,0,default_data:752,plcydelview,billing_clerical
RolePrivilege,0,default_data:753,plcydelview,billing_manager
RolePrivilege,0,default_data:754,plcydelview,commissions_admin
RolePrivilege,0,default_data:755,plcydelview,finance_clerical
RolePrivilege,0,default_data:756,plcydelview,finance_manager
RolePrivilege,0,default_data:757,plcydelview,general_admin
RolePrivilege,0,default_data:758,plcydelview,plan_admin
RolePrivilege,0,default_data:759,plcydelview,rule_admin
RolePrivilege,0,default_data:760,plcydelview,superuser
RolePrivilege,0,default_data:761,plcydelview,underwriter
RolePrivilege,0,default_data:762,plcydelview,user_admin
RolePrivilege,0,default_data:763,plcydocview,billing_clerical
RolePrivilege,0,default_data:764,plcydocview,billing_manager
RolePrivilege,0,default_data:765,plcydocview,commissions_admin
RolePrivilege,0,default_data:766,plcydocview,finance_clerical
RolePrivilege,0,default_data:767,plcydocview,finance_manager
RolePrivilege,0,default_data:768,plcydocview,general_admin
RolePrivilege,0,default_data:769,plcydocview,plan_admin
RolePrivilege,0,default_data:770,plcydocview,rule_admin
RolePrivilege,0,default_data:771,plcydocview,superuser
RolePrivilege,0,default_data:772,plcydocview,underwriter
RolePrivilege,0,default_data:773,plcydocview,user_admin
RolePrivilege,0,default_data:774,plcyhistview,billing_clerical
RolePrivilege,0,default_data:775,plcyhistview,billing_manager
RolePrivilege,0,default_data:776,plcyhistview,commissions_admin
RolePrivilege,0,default_data:777,plcyhistview,finance_clerical
RolePrivilege,0,default_data:778,plcyhistview,finance_manager
RolePrivilege,0,default_data:779,plcyhistview,general_admin
RolePrivilege,0,default_data:780,plcyhistview,plan_admin
RolePrivilege,0,default_data:781,plcyhistview,rule_admin
RolePrivilege,0,default_data:782,plcyhistview,superuser
RolePrivilege,0,default_data:783,plcyhistview,underwriter
RolePrivilege,0,default_data:784,plcyhistview,user_admin
RolePrivilege,0,default_data:785,plcyignoresecurityzone,superuser
RolePrivilege,0,default_data:786,plcyjournalview,commissions_admin
RolePrivilege,0,default_data:787,plcyjournalview,general_admin
RolePrivilege,0,default_data:788,plcyjournalview,plan_admin
RolePrivilege,0,default_data:789,plcyjournalview,rule_admin
RolePrivilege,0,default_data:790,plcyjournalview,superuser
RolePrivilege,0,default_data:791,plcyjournalview,user_admin
RolePrivilege,0,default_data:792,plcyledgerview,commissions_admin
RolePrivilege,0,default_data:793,plcyledgerview,general_admin
RolePrivilege,0,default_data:794,plcyledgerview,plan_admin
RolePrivilege,0,default_data:795,plcyledgerview,rule_admin
RolePrivilege,0,default_data:796,plcyledgerview,superuser
RolePrivilege,0,default_data:797,plcyledgerview,user_admin
RolePrivilege,0,default_data:798,plcynoteview,billing_clerical
RolePrivilege,0,default_data:799,plcynoteview,billing_manager
RolePrivilege,0,default_data:800,plcynoteview,commissions_admin
RolePrivilege,0,default_data:801,plcynoteview,finance_clerical
RolePrivilege,0,default_data:802,plcynoteview,finance_manager
RolePrivilege,0,default_data:803,plcynoteview,general_admin
RolePrivilege,0,default_data:804,plcynoteview,plan_admin
RolePrivilege,0,default_data:805,plcynoteview,rule_admin
RolePrivilege,0,default_data:806,plcynoteview,superuser
RolePrivilege,0,default_data:807,plcynoteview,underwriter
RolePrivilege,0,default_data:808,plcynoteview,user_admin
RolePrivilege,0,default_data:809,plcypmntview,billing_clerical
RolePrivilege,0,default_data:810,plcypmntview,billing_manager
RolePrivilege,0,default_data:811,plcypmntview,commissions_admin
RolePrivilege,0,default_data:812,plcypmntview,finance_clerical
RolePrivilege,0,default_data:813,plcypmntview,finance_manager
RolePrivilege,0,default_data:814,plcypmntview,general_admin
RolePrivilege,0,default_data:815,plcypmntview,plan_admin
RolePrivilege,0,default_data:816,plcypmntview,rule_admin
RolePrivilege,0,default_data:817,plcypmntview,superuser
RolePrivilege,0,default_data:818,plcypmntview,underwriter
RolePrivilege,0,default_data:819,plcypmntview,user_admin
RolePrivilege,0,default_data:820,plcyprodtx,billing_manager
RolePrivilege,0,default_data:821,plcyprodtx,general_admin
RolePrivilege,0,default_data:822,plcyprodtx,superuser
RolePrivilege,0,default_data:823,plcyprodtx,underwriter
RolePrivilege,0,default_data:824,plcyrenew,general_admin
RolePrivilege,0,default_data:825,plcyrenew,superuser
RolePrivilege,0,default_data:826,plcysearch,billing_clerical
RolePrivilege,0,default_data:827,plcysearch,billing_manager
RolePrivilege,0,default_data:828,plcysearch,commissions_admin
RolePrivilege,0,default_data:829,plcysearch,finance_clerical
RolePrivilege,0,default_data:830,plcysearch,finance_manager
RolePrivilege,0,default_data:831,plcysearch,general_admin
RolePrivilege,0,default_data:832,plcysearch,superuser
RolePrivilege,0,default_data:833,plcysearch,underwriter
RolePrivilege,0,default_data:834,plcysummview,billing_clerical
RolePrivilege,0,default_data:835,plcysummview,billing_manager
RolePrivilege,0,default_data:836,plcysummview,commissions_admin
RolePrivilege,0,default_data:837,plcysummview,finance_clerical
RolePrivilege,0,default_data:838,plcysummview,finance_manager
RolePrivilege,0,default_data:839,plcysummview,general_admin
RolePrivilege,0,default_data:840,plcysummview,plan_admin
RolePrivilege,0,default_data:841,plcysummview,rule_admin
RolePrivilege,0,default_data:842,plcysummview,superuser
RolePrivilege,0,default_data:843,plcysummview,underwriter
RolePrivilege,0,default_data:844,plcysummview,user_admin
RolePrivilege,0,default_data:845,plcytabview,billing_clerical
RolePrivilege,0,default_data:846,plcytabview,billing_manager
RolePrivilege,0,default_data:847,plcytabview,commissions_admin
RolePrivilege,0,default_data:848,plcytabview,finance_clerical
RolePrivilege,0,default_data:849,plcytabview,finance_manager
RolePrivilege,0,default_data:850,plcytabview,general_admin
RolePrivilege,0,default_data:851,plcytabview,superuser
RolePrivilege,0,default_data:852,plcytabview,underwriter
RolePrivilege,0,default_data:853,plcyttktview,billing_clerical
RolePrivilege,0,default_data:854,plcyttktview,billing_manager
RolePrivilege,0,default_data:855,plcyttktview,commissions_admin
RolePrivilege,0,default_data:856,plcyttktview,finance_clerical
RolePrivilege,0,default_data:857,plcyttktview,finance_manager
RolePrivilege,0,default_data:858,plcyttktview,general_admin
RolePrivilege,0,default_data:859,plcyttktview,plan_admin
RolePrivilege,0,default_data:860,plcyttktview,rule_admin
RolePrivilege,0,default_data:861,plcyttktview,superuser
RolePrivilege,0,default_data:862,plcyttktview,underwriter
RolePrivilege,0,default_data:863,plcyttktview,user_admin
RolePrivilege,0,default_data:864,plcytxnview,billing_clerical
RolePrivilege,0,default_data:865,plcytxnview,billing_manager
RolePrivilege,0,default_data:866,plcytxnview,commissions_admin
RolePrivilege,0,default_data:867,plcytxnview,finance_clerical
RolePrivilege,0,default_data:868,plcytxnview,finance_manager
RolePrivilege,0,default_data:869,plcytxnview,general_admin
RolePrivilege,0,default_data:870,plcytxnview,plan_admin
RolePrivilege,0,default_data:871,plcytxnview,rule_admin
RolePrivilege,0,default_data:872,plcytxnview,superuser
RolePrivilege,0,default_data:873,plcytxnview,underwriter
RolePrivilege,0,default_data:874,plcytxnview,user_admin
RolePrivilege,0,default_data:875,plcywo,billing_manager
RolePrivilege,0,default_data:876,plcywo,general_admin
RolePrivilege,0,default_data:877,plcywo,superuser
RolePrivilege,0,default_data:878,pmntdistedit,billing_clerical
RolePrivilege,0,default_data:879,pmntdistedit,billing_manager
RolePrivilege,0,default_data:880,pmntdistedit,general_admin
RolePrivilege,0,default_data:881,pmntdistedit,superuser
RolePrivilege,0,default_data:882,pmntmanmultproc,billing_clerical
RolePrivilege,0,default_data:883,pmntmanmultproc,billing_manager
RolePrivilege,0,default_data:884,pmntmanmultproc,general_admin
RolePrivilege,0,default_data:885,pmntmanmultproc,superuser
RolePrivilege,0,default_data:886,pmntmanproc,billing_clerical
RolePrivilege,0,default_data:887,pmntmanproc,billing_manager
RolePrivilege,0,default_data:888,pmntmanproc,general_admin
RolePrivilege,0,default_data:889,pmntmanproc,superuser
RolePrivilege,0,default_data:890,pmntmanproc,underwriter
RolePrivilege,0,default_data:891,pmntmethodedit,billing_clerical
RolePrivilege,0,default_data:892,pmntmethodedit,billing_manager
RolePrivilege,0,default_data:893,pmntmethodedit,general_admin
RolePrivilege,0,default_data:894,pmntmethodedit,superuser
RolePrivilege,0,default_data:895,pmntmethodedit,underwriter
RolePrivilege,0,default_data:896,pmntmultiagency,agbl_cashier
RolePrivilege,0,default_data:897,pmntmultiagency,superuser
RolePrivilege,0,default_data:898,pmntplancreate,general_admin
RolePrivilege,0,default_data:899,pmntplancreate,plan_admin
RolePrivilege,0,default_data:900,pmntplancreate,superuser
RolePrivilege,0,default_data:901,pmntplanedit,general_admin
RolePrivilege,0,default_data:902,pmntplanedit,plan_admin
RolePrivilege,0,default_data:903,pmntplanedit,superuser
RolePrivilege,0,default_data:904,pmntplanview,billing_clerical
RolePrivilege,0,default_data:905,pmntplanview,billing_manager
RolePrivilege,0,default_data:906,pmntplanview,commissions_admin
RolePrivilege,0,default_data:907,pmntplanview,finance_manager
RolePrivilege,0,default_data:908,pmntplanview,general_admin
RolePrivilege,0,default_data:909,pmntplanview,plan_admin
RolePrivilege,0,default_data:910,pmntplanview,superuser
RolePrivilege,0,default_data:911,pmntplanview,underwriter
RolePrivilege,0,default_data:912,pmntreqsearch,billing_clerical
RolePrivilege,0,default_data:913,pmntreqsearch,billing_manager
RolePrivilege,0,default_data:914,pmntreqsearch,commissions_admin
RolePrivilege,0,default_data:915,pmntreqsearch,finance_clerical
RolePrivilege,0,default_data:916,pmntreqsearch,finance_manager
RolePrivilege,0,default_data:917,pmntreqsearch,general_admin
RolePrivilege,0,default_data:918,pmntreqsearch,superuser
RolePrivilege,0,default_data:919,pmntreqsearch,underwriter
RolePrivilege,0,default_data:920,pmntreverse,billing_clerical
RolePrivilege,0,default_data:921,pmntreverse,billing_manager
RolePrivilege,0,default_data:922,pmntreverse,general_admin
RolePrivilege,0,default_data:923,pmntreverse,superuser
RolePrivilege,0,default_data:924,pmntscheedit,billing_clerical
RolePrivilege,0,default_data:925,pmntscheedit,billing_manager
RolePrivilege,0,default_data:926,pmntscheedit,general_admin
RolePrivilege,0,default_data:927,pmntscheedit,superuser
RolePrivilege,0,default_data:928,pmntscheedit,underwriter
RolePrivilege,0,default_data:929,pmntscheplcyedit,billing_manager
RolePrivilege,0,default_data:930,pmntscheplcyedit,general_admin
RolePrivilege,0,default_data:931,pmntscheplcyedit,superuser
RolePrivilege,0,default_data:932,pmntscheplcyedit,underwriter
RolePrivilege,0,default_data:933,pmntsearch,billing_clerical
RolePrivilege,0,default_data:934,pmntsearch,billing_manager
RolePrivilege,0,default_data:935,pmntsearch,commissions_admin
RolePrivilege,0,default_data:936,pmntsearch,finance_clerical
RolePrivilege,0,default_data:937,pmntsearch,finance_manager
RolePrivilege,0,default_data:938,pmntsearch,general_admin
RolePrivilege,0,default_data:939,pmntsearch,superuser
RolePrivilege,0,default_data:940,pmntsearch,underwriter
RolePrivilege,0,default_data:941,prodabcyclesview,billing_clerical
RolePrivilege,0,default_data:942,prodabcyclesview,billing_manager
RolePrivilege,0,default_data:943,prodabcyclesview,commissions_admin
RolePrivilege,0,default_data:944,prodabcyclesview,finance_clerical
RolePrivilege,0,default_data:945,prodabcyclesview,finance_manager
RolePrivilege,0,default_data:946,prodabcyclesview,general_admin
RolePrivilege,0,default_data:947,prodabcyclesview,plan_admin
RolePrivilege,0,default_data:948,prodabcyclesview,rule_admin
RolePrivilege,0,default_data:949,prodabcyclesview,superuser
RolePrivilege,0,default_data:950,prodabcyclesview,underwriter
RolePrivilege,0,default_data:951,prodabcyclesview,user_admin
RolePrivilege,0,default_data:952,prodabexceptionsview,billing_clerical
RolePrivilege,0,default_data:953,prodabexceptionsview,billing_manager
RolePrivilege,0,default_data:954,prodabexceptionsview,commissions_admin
RolePrivilege,0,default_data:955,prodabexceptionsview,finance_clerical
RolePrivilege,0,default_data:956,prodabexceptionsview,finance_manager
RolePrivilege,0,default_data:957,prodabexceptionsview,general_admin
RolePrivilege,0,default_data:958,prodabexceptionsview,plan_admin
RolePrivilege,0,default_data:959,prodabexceptionsview,rule_admin
RolePrivilege,0,default_data:960,prodabexceptionsview,superuser
RolePrivilege,0,default_data:961,prodabexceptionsview,underwriter
RolePrivilege,0,default_data:962,prodabexceptionsview,user_admin
RolePrivilege,0,default_data:963,prodabopenitemsview,billing_clerical
RolePrivilege,0,default_data:964,prodabopenitemsview,billing_manager
RolePrivilege,0,default_data:965,prodabopenitemsview,commissions_admin
RolePrivilege,0,default_data:966,prodabopenitemsview,finance_clerical
RolePrivilege,0,default_data:967,prodabopenitemsview,finance_manager
RolePrivilege,0,default_data:968,prodabopenitemsview,general_admin
RolePrivilege,0,default_data:969,prodabopenitemsview,plan_admin
RolePrivilege,0,default_data:970,prodabopenitemsview,rule_admin
RolePrivilege,0,default_data:971,prodabopenitemsview,superuser
RolePrivilege,0,default_data:972,prodabopenitemsview,underwriter
RolePrivilege,0,default_data:973,prodabopenitemsview,user_admin
RolePrivilege,0,default_data:974,prodcntcreate,billing_clerical
RolePrivilege,0,default_data:975,prodcntcreate,billing_manager
RolePrivilege,0,default_data:976,prodcntcreate,finance_manager
RolePrivilege,0,default_data:977,prodcntcreate,general_admin
RolePrivilege,0,default_data:978,prodcntcreate,superuser
RolePrivilege,0,default_data:979,prodcntcreate,underwriter
RolePrivilege,0,default_data:980,prodcntdelete,billing_manager
RolePrivilege,0,default_data:981,prodcntdelete,general_admin
RolePrivilege,0,default_data:982,prodcntdelete,superuser
RolePrivilege,0,default_data:983,prodcntedit,billing_clerical
RolePrivilege,0,default_data:984,prodcntedit,billing_manager
RolePrivilege,0,default_data:985,prodcntedit,finance_manager
RolePrivilege,0,default_data:986,prodcntedit,general_admin
RolePrivilege,0,default_data:987,prodcntedit,superuser
RolePrivilege,0,default_data:988,prodcontview,billing_clerical
RolePrivilege,0,default_data:989,prodcontview,billing_manager
RolePrivilege,0,default_data:990,prodcontview,commissions_admin
RolePrivilege,0,default_data:991,prodcontview,finance_clerical
RolePrivilege,0,default_data:992,prodcontview,finance_manager
RolePrivilege,0,default_data:993,prodcontview,general_admin
RolePrivilege,0,default_data:994,prodcontview,plan_admin
RolePrivilege,0,default_data:995,prodcontview,rule_admin
RolePrivilege,0,default_data:996,prodcontview,superuser
RolePrivilege,0,default_data:997,prodcontview,underwriter
RolePrivilege,0,default_data:998,prodcontview,user_admin
RolePrivilege,0,default_data:999,prodcreate,general_admin
RolePrivilege,0,default_data:1000,prodcreate,superuser
RolePrivilege,0,default_data:1001,proddbstmtresend,billing_clerical
RolePrivilege,0,default_data:1002,proddbstmtresend,billing_manager
RolePrivilege,0,default_data:1003,proddbstmtresend,general_admin
RolePrivilege,0,default_data:1004,proddbstmtresend,superuser
RolePrivilege,0,default_data:1005,proddbstmtresend,underwriter
RolePrivilege,0,default_data:1006,proddbstmtview,billing_clerical
RolePrivilege,0,default_data:1007,proddbstmtview,billing_manager
RolePrivilege,0,default_data:1008,proddbstmtview,commissions_admin
RolePrivilege,0,default_data:1009,proddbstmtview,finance_clerical
RolePrivilege,0,default_data:1010,proddbstmtview,finance_manager
RolePrivilege,0,default_data:1011,proddbstmtview,general_admin
RolePrivilege,0,default_data:1012,proddbstmtview,plan_admin
RolePrivilege,0,default_data:1013,proddbstmtview,rule_admin
RolePrivilege,0,default_data:1014,proddbstmtview,superuser
RolePrivilege,0,default_data:1015,proddbstmtview,underwriter
RolePrivilege,0,default_data:1016,proddbstmtview,user_admin
RolePrivilege,0,default_data:1017,proddbtxnview,billing_clerical
RolePrivilege,0,default_data:1018,proddbtxnview,billing_manager
RolePrivilege,0,default_data:1019,proddbtxnview,commissions_admin
RolePrivilege,0,default_data:1020,proddbtxnview,finance_clerical
RolePrivilege,0,default_data:1021,proddbtxnview,finance_manager
RolePrivilege,0,default_data:1022,proddbtxnview,general_admin
RolePrivilege,0,default_data:1023,proddbtxnview,plan_admin
RolePrivilege,0,default_data:1024,proddbtxnview,rule_admin
RolePrivilege,0,default_data:1025,proddbtxnview,superuser
RolePrivilege,0,default_data:1026,proddbtxnview,underwriter
RolePrivilege,0,default_data:1027,proddbtxnview,user_admin
RolePrivilege,0,default_data:1028,proddetedit,billing_clerical
RolePrivilege,0,default_data:1029,proddetedit,billing_manager
RolePrivilege,0,default_data:1030,proddetedit,general_admin
RolePrivilege,0,default_data:1031,proddetedit,superuser
RolePrivilege,0,default_data:1032,proddocview,billing_clerical
RolePrivilege,0,default_data:1033,proddocview,billing_manager
RolePrivilege,0,default_data:1034,proddocview,commissions_admin
RolePrivilege,0,default_data:1035,proddocview,finance_clerical
RolePrivilege,0,default_data:1036,proddocview,finance_manager
RolePrivilege,0,default_data:1037,proddocview,general_admin
RolePrivilege,0,default_data:1038,proddocview,plan_admin
RolePrivilege,0,default_data:1039,proddocview,rule_admin
RolePrivilege,0,default_data:1040,proddocview,superuser
RolePrivilege,0,default_data:1041,proddocview,underwriter
RolePrivilege,0,default_data:1042,proddocview,user_admin
RolePrivilege,0,default_data:1043,prodhistview,billing_clerical
RolePrivilege,0,default_data:1044,prodhistview,billing_manager
RolePrivilege,0,default_data:1045,prodhistview,commissions_admin
RolePrivilege,0,default_data:1046,prodhistview,finance_clerical
RolePrivilege,0,default_data:1047,prodhistview,finance_manager
RolePrivilege,0,default_data:1048,prodhistview,general_admin
RolePrivilege,0,default_data:1049,prodhistview,plan_admin
RolePrivilege,0,default_data:1050,prodhistview,rule_admin
RolePrivilege,0,default_data:1051,prodhistview,superuser
RolePrivilege,0,default_data:1052,prodhistview,underwriter
RolePrivilege,0,default_data:1053,prodhistview,user_admin
RolePrivilege,0,default_data:1054,prodignoresecurityzone,superuser
RolePrivilege,0,default_data:1055,prodjournalview,commissions_admin
RolePrivilege,0,default_data:1056,prodjournalview,general_admin
RolePrivilege,0,default_data:1057,prodjournalview,plan_admin
RolePrivilege,0,default_data:1058,prodjournalview,rule_admin
RolePrivilege,0,default_data:1059,prodjournalview,superuser
RolePrivilege,0,default_data:1060,prodjournalview,user_admin
RolePrivilege,0,default_data:1061,prodledgerview,commissions_admin
RolePrivilege,0,default_data:1062,prodledgerview,general_admin
RolePrivilege,0,default_data:1063,prodledgerview,plan_admin
RolePrivilege,0,default_data:1064,prodledgerview,rule_admin
RolePrivilege,0,default_data:1065,prodledgerview,superuser
RolePrivilege,0,default_data:1066,prodledgerview,user_admin
RolePrivilege,0,default_data:1067,prodnoteview,billing_clerical
RolePrivilege,0,default_data:1068,prodnoteview,billing_manager
RolePrivilege,0,default_data:1069,prodnoteview,commissions_admin
RolePrivilege,0,default_data:1070,prodnoteview,finance_clerical
RolePrivilege,0,default_data:1071,prodnoteview,finance_manager
RolePrivilege,0,default_data:1072,prodnoteview,general_admin
RolePrivilege,0,default_data:1073,prodnoteview,plan_admin
RolePrivilege,0,default_data:1074,prodnoteview,rule_admin
RolePrivilege,0,default_data:1075,prodnoteview,superuser
RolePrivilege,0,default_data:1076,prodnoteview,underwriter
RolePrivilege,0,default_data:1077,prodnoteview,user_admin
RolePrivilege,0,default_data:1078,prodplcyview,billing_clerical
RolePrivilege,0,default_data:1079,prodplcyview,billing_manager
RolePrivilege,0,default_data:1080,prodplcyview,commissions_admin
RolePrivilege,0,default_data:1081,prodplcyview,finance_clerical
RolePrivilege,0,default_data:1082,prodplcyview,finance_manager
RolePrivilege,0,default_data:1083,prodplcyview,general_admin
RolePrivilege,0,default_data:1084,prodplcyview,plan_admin
RolePrivilege,0,default_data:1085,prodplcyview,rule_admin
RolePrivilege,0,default_data:1086,prodplcyview,superuser
RolePrivilege,0,default_data:1087,prodplcyview,underwriter
RolePrivilege,0,default_data:1088,prodplcyview,user_admin
RolePrivilege,0,default_data:1089,prodpmntadvman,billing_manager
RolePrivilege,0,default_data:1090,prodpmntadvman,commissions_admin
RolePrivilege,0,default_data:1091,prodpmntadvman,general_admin
RolePrivilege,0,default_data:1092,prodpmntadvman,superuser
RolePrivilege,0,default_data:1093,prodpmntbonusman,billing_manager
RolePrivilege,0,default_data:1094,prodpmntbonusman,commissions_admin
RolePrivilege,0,default_data:1095,prodpmntbonusman,general_admin
RolePrivilege,0,default_data:1096,prodpmntbonusman,superuser
RolePrivilege,0,default_data:1097,prodpmntstndman,billing_clerical
RolePrivilege,0,default_data:1098,prodpmntstndman,billing_manager
RolePrivilege,0,default_data:1099,prodpmntstndman,commissions_admin
RolePrivilege,0,default_data:1100,prodpmntstndman,general_admin
RolePrivilege,0,default_data:1101,prodpmntstndman,superuser
RolePrivilege,0,default_data:1102,prodpmntstndman,underwriter
RolePrivilege,0,default_data:1103,prodpmntview,billing_clerical
RolePrivilege,0,default_data:1104,prodpmntview,billing_manager
RolePrivilege,0,default_data:1105,prodpmntview,commissions_admin
RolePrivilege,0,default_data:1106,prodpmntview,finance_clerical
RolePrivilege,0,default_data:1107,prodpmntview,finance_manager
RolePrivilege,0,default_data:1108,prodpmntview,general_admin
RolePrivilege,0,default_data:1109,prodpmntview,plan_admin
RolePrivilege,0,default_data:1110,prodpmntview,rule_admin
RolePrivilege,0,default_data:1111,prodpmntview,superuser
RolePrivilege,0,default_data:1112,prodpmntview,underwriter
RolePrivilege,0,default_data:1113,prodpmntview,user_admin
RolePrivilege,0,default_data:1114,prodsearch,billing_clerical
RolePrivilege,0,default_data:1115,prodsearch,billing_manager
RolePrivilege,0,default_data:1116,prodsearch,commissions_admin
RolePrivilege,0,default_data:1117,prodsearch,finance_clerical
RolePrivilege,0,default_data:1118,prodsearch,finance_manager
RolePrivilege,0,default_data:1119,prodsearch,general_admin
RolePrivilege,0,default_data:1120,prodsearch,superuser
RolePrivilege,0,default_data:1121,prodsearch,underwriter
RolePrivilege,0,default_data:1122,prodsummview,billing_clerical
RolePrivilege,0,default_data:1123,prodsummview,billing_manager
RolePrivilege,0,default_data:1124,prodsummview,commissions_admin
RolePrivilege,0,default_data:1125,prodsummview,finance_clerical
RolePrivilege,0,default_data:1126,prodsummview,finance_manager
RolePrivilege,0,default_data:1127,prodsummview,general_admin
RolePrivilege,0,default_data:1128,prodsummview,plan_admin
RolePrivilege,0,default_data:1129,prodsummview,rule_admin
RolePrivilege,0,default_data:1130,prodsummview,superuser
RolePrivilege,0,default_data:1131,prodsummview,underwriter
RolePrivilege,0,default_data:1132,prodsummview,user_admin
RolePrivilege,0,default_data:1133,prodtabview,billing_clerical
RolePrivilege,0,default_data:1134,prodtabview,billing_manager
RolePrivilege,0,default_data:1135,prodtabview,commissions_admin
RolePrivilege,0,default_data:1136,prodtabview,finance_clerical
RolePrivilege,0,default_data:1137,prodtabview,finance_manager
RolePrivilege,0,default_data:1138,prodtabview,general_admin
RolePrivilege,0,default_data:1139,prodtabview,superuser
RolePrivilege,0,default_data:1140,prodtabview,underwriter
RolePrivilege,0,default_data:1141,prodtieredit,billing_manager
RolePrivilege,0,default_data:1142,prodtieredit,general_admin
RolePrivilege,0,default_data:1143,prodtieredit,superuser
RolePrivilege,0,default_data:1144,prodtieredit,underwriter
RolePrivilege,0,default_data:1145,prodttktview,billing_clerical
RolePrivilege,0,default_data:1146,prodttktview,billing_manager
RolePrivilege,0,default_data:1147,prodttktview,commissions_admin
RolePrivilege,0,default_data:1148,prodttktview,finance_clerical
RolePrivilege,0,default_data:1149,prodttktview,finance_manager
RolePrivilege,0,default_data:1150,prodttktview,general_admin
RolePrivilege,0,default_data:1151,prodttktview,plan_admin
RolePrivilege,0,default_data:1152,prodttktview,rule_admin
RolePrivilege,0,default_data:1153,prodttktview,superuser
RolePrivilege,0,default_data:1154,prodttktview,underwriter
RolePrivilege,0,default_data:1155,prodttktview,user_admin
RolePrivilege,0,default_data:1158,reporting_view,billing_manager
RolePrivilege,0,default_data:1159,reporting_view,finance_manager
RolePrivilege,0,default_data:1161,reporting_view,superuser
RolePrivilege,0,default_data:1162,revtxn,billing_manager
RolePrivilege,0,default_data:1163,revtxn,general_admin
RolePrivilege,0,default_data:1164,revtxn,superuser
RolePrivilege,0,default_data:1165,rolemanage,general_admin
RolePrivilege,0,default_data:1166,rolemanage,superuser
RolePrivilege,0,default_data:1167,rolemanage,user_admin
RolePrivilege,0,default_data:1168,roleview,general_admin
RolePrivilege,0,default_data:1169,roleview,superuser
RolePrivilege,0,default_data:1170,roleview,user_admin
RolePrivilege,0,default_data:1171,ruleadmin,general_admin
RolePrivilege,0,default_data:1172,ruleadmin,rule_admin
RolePrivilege,0,default_data:1173,ruleadmin,superuser
RolePrivilege,0,default_data:1174,scrprmmanage,general_admin
RolePrivilege,0,default_data:1175,scrprmmanage,rule_admin
RolePrivilege,0,default_data:1176,scrprmmanage,superuser
RolePrivilege,0,default_data:1177,scrprmview,general_admin
RolePrivilege,0,default_data:1178,scrprmview,rule_admin
RolePrivilege,0,default_data:1179,scrprmview,superuser
RolePrivilege,0,default_data:1180,seczonemanage,general_admin
RolePrivilege,0,default_data:1181,seczonemanage,superuser
RolePrivilege,0,default_data:1182,seczonemanage,user_admin
RolePrivilege,0,default_data:1183,sharedactcreate,billing_clerical
RolePrivilege,0,default_data:1184,sharedactcreate,billing_manager
RolePrivilege,0,default_data:1185,sharedactcreate,finance_clerical
RolePrivilege,0,default_data:1186,sharedactcreate,finance_manager
RolePrivilege,0,default_data:1187,sharedactcreate,general_admin
RolePrivilege,0,default_data:1188,sharedactcreate,superuser
RolePrivilege,0,default_data:1189,sharedactedit,billing_clerical
RolePrivilege,0,default_data:1190,sharedactedit,billing_manager
RolePrivilege,0,default_data:1191,sharedactedit,finance_clerical
RolePrivilege,0,default_data:1192,sharedactedit,finance_manager
RolePrivilege,0,default_data:1193,sharedactedit,general_admin
RolePrivilege,0,default_data:1194,sharedactedit,superuser
RolePrivilege,0,default_data:1195,sharedactview,billing_clerical
RolePrivilege,0,default_data:1196,sharedactview,billing_manager
RolePrivilege,0,default_data:1197,sharedactview,finance_clerical
RolePrivilege,0,default_data:1198,sharedactview,finance_manager
RolePrivilege,0,default_data:1199,sharedactview,general_admin
RolePrivilege,0,default_data:1200,sharedactview,superuser
RolePrivilege,0,default_data:1201,soapadmin,general_admin
RolePrivilege,0,default_data:1202,soapadmin,superuser
RolePrivilege,0,default_data:1203,subrtxn,billing_clerical
RolePrivilege,0,default_data:1204,subrtxn,billing_manager
RolePrivilege,0,default_data:1205,subrtxn,finance_manager
RolePrivilege,0,default_data:1206,subrtxn,general_admin
RolePrivilege,0,default_data:1207,subrtxn,superuser
RolePrivilege,0,default_data:1208,susppmntedit,billing_clerical
RolePrivilege,0,default_data:1209,susppmntedit,billing_manager
RolePrivilege,0,default_data:1210,susppmntedit,general_admin
RolePrivilege,0,default_data:1211,susppmntedit,superuser
RolePrivilege,0,default_data:1212,susppmntedit,underwriter
RolePrivilege,0,default_data:1213,susppmntproc,billing_clerical
RolePrivilege,0,default_data:1214,susppmntproc,billing_manager
RolePrivilege,0,default_data:1215,susppmntproc,general_admin
RolePrivilege,0,default_data:1216,susppmntproc,superuser
RolePrivilege,0,default_data:1217,susppmntproc,underwriter
RolePrivilege,0,default_data:1218,susppmntview,billing_clerical
RolePrivilege,0,default_data:1219,susppmntview,billing_manager
RolePrivilege,0,default_data:1220,susppmntview,general_admin
RolePrivilege,0,default_data:1221,susppmntview,superuser
RolePrivilege,0,default_data:1222,susppmntview,underwriter
RolePrivilege,1,default_data:1223,transferreversal,billing_manager
RolePrivilege,2,default_data:1224,transferreversal,finance_manager
RolePrivilege,0,default_data:1225,transferreversal,general_admin
RolePrivilege,0,default_data:1226,transferreversal,superuser
RolePrivilege,0,default_data:1227,ttktassignany,billing_manager
RolePrivilege,0,default_data:1228,ttktassignany,finance_manager
RolePrivilege,0,default_data:1229,ttktassignany,general_admin
RolePrivilege,0,default_data:1230,ttktassignany,superuser
RolePrivilege,0,default_data:1231,ttktassignown,billing_manager
RolePrivilege,0,default_data:1232,ttktassignown,finance_manager
RolePrivilege,0,default_data:1233,ttktassignown,general_admin
RolePrivilege,0,default_data:1234,ttktassignown,superuser
RolePrivilege,0,default_data:1235,ttktcreate,billing_clerical
RolePrivilege,0,default_data:1236,ttktcreate,billing_manager
RolePrivilege,0,default_data:1237,ttktcreate,finance_clerical
RolePrivilege,0,default_data:1238,ttktcreate,finance_manager
RolePrivilege,0,default_data:1239,ttktcreate,general_admin
RolePrivilege,0,default_data:1240,ttktcreate,superuser
RolePrivilege,0,default_data:1241,ttktown,billing_clerical
RolePrivilege,0,default_data:1242,ttktown,billing_manager
RolePrivilege,0,default_data:1243,ttktown,finance_clerical
RolePrivilege,0,default_data:1244,ttktown,finance_manager
RolePrivilege,0,default_data:1245,ttktown,general_admin
RolePrivilege,0,default_data:1246,ttktown,superuser
RolePrivilege,0,default_data:1247,ttktsearch,billing_manager
RolePrivilege,0,default_data:1248,ttktsearch,finance_manager
RolePrivilege,0,default_data:1249,ttktsearch,general_admin
RolePrivilege,0,default_data:1250,ttktsearch,superuser
RolePrivilege,0,default_data:1251,txnsearch,billing_clerical
RolePrivilege,0,default_data:1252,txnsearch,billing_manager
RolePrivilege,0,default_data:1253,txnsearch,commissions_admin
RolePrivilege,0,default_data:1254,txnsearch,finance_clerical
RolePrivilege,0,default_data:1255,txnsearch,finance_manager
RolePrivilege,0,default_data:1256,txnsearch,general_admin
RolePrivilege,0,default_data:1257,txnsearch,superuser
RolePrivilege,0,default_data:1258,txnsearch,underwriter
RolePrivilege,0,default_data:1259,useradmin,general_admin
RolePrivilege,0,default_data:1260,useradmin,superuser
RolePrivilege,0,default_data:1261,useradmin,user_admin
RolePrivilege,0,default_data:1262,usercreate,general_admin,,
RolePrivilege,0,default_data:1263,usercreate,superuser,,
RolePrivilege,0,default_data:1264,usercreate,user_admin,,
RolePrivilege,0,default_data:1265,userdelete,general_admin,,
RolePrivilege,0,default_data:1266,userdelete,superuser,,
RolePrivilege,0,default_data:1267,userdelete,user_admin,,
RolePrivilege,0,default_data:1268,useredit,general_admin,,
RolePrivilege,0,default_data:1269,useredit,superuser
RolePrivilege,0,default_data:1270,useredit,user_admin
RolePrivilege,0,default_data:1271,usereditlang,agbl_cashier
RolePrivilege,0,default_data:1272,usereditlang,billing_clerical
RolePrivilege,0,default_data:1273,usereditlang,billing_manager
RolePrivilege,0,default_data:1274,usereditlang,commissions_admin
RolePrivilege,0,default_data:1275,usereditlang,finance_clerical
RolePrivilege,0,default_data:1276,usereditlang,finance_manager
RolePrivilege,0,default_data:1277,usereditlang,general_admin
RolePrivilege,0,default_data:1278,usereditlang,plan_admin
RolePrivilege,0,default_data:1280,usereditlang,rule_admin
RolePrivilege,0,default_data:1281,usereditlang,superuser
RolePrivilege,0,default_data:1282,usereditlang,underwriter,,
RolePrivilege,0,default_data:1283,usereditlang,user_admin,,
RolePrivilege,0,default_data:1284,usergrantauth,general_admin,,
RolePrivilege,0,default_data:1285,usergrantauth,plan_admin,,
RolePrivilege,0,default_data:1286,usergrantauth,superuser
RolePrivilege,0,default_data:1287,usergrantroles,general_admin
RolePrivilege,0,default_data:1288,usergrantroles,superuser
RolePrivilege,0,default_data:1289,usergrantroles,user_admin
RolePrivilege,0,default_data:1290,usersearch,billing_manager
RolePrivilege,0,default_data:1291,usersearch,finance_manager
RolePrivilege,0,default_data:1292,usersearch,general_admin
RolePrivilege,0,default_data:1293,usersearch,superuser
RolePrivilege,0,default_data:1294,usersearch,user_admin
RolePrivilege,0,default_data:1295,userview,general_admin
RolePrivilege,0,default_data:1296,userview,superuser
RolePrivilege,0,default_data:1297,userview,user_admin
RolePrivilege,0,default_data:1298,viewdesktop,billing_clerical
RolePrivilege,0,default_data:1299,viewdesktop,billing_manager
RolePrivilege,0,default_data:1300,viewdesktop,commissions_admin
RolePrivilege,0,default_data:1301,viewdesktop,finance_clerical
RolePrivilege,0,default_data:1302,viewdesktop,finance_manager
RolePrivilege,0,default_data:1303,viewdesktop,general_admin
RolePrivilege,0,default_data:1304,viewdesktop,plan_admin
RolePrivilege,0,default_data:1305,viewdesktop,rule_admin
RolePrivilege,0,default_data:1306,viewdesktop,superuser
RolePrivilege,0,default_data:1307,viewdesktop,underwriter
RolePrivilege,0,default_data:1308,viewdesktop,user_admin
RolePrivilege,0,default_data:1309,viewsearch,billing_clerical
RolePrivilege,0,default_data:1310,viewsearch,billing_manager
RolePrivilege,0,default_data:1311,viewsearch,finance_clerical
RolePrivilege,0,default_data:1312,viewsearch,finance_manager
RolePrivilege,0,default_data:1313,viewsearch,general_admin
RolePrivilege,0,default_data:1314,viewsearch,superuser
RolePrivilege,0,default_data:1315,viewsearch,underwriter
RolePrivilege,0,default_data:1316,workflowview,general_admin
RolePrivilege,0,default_data:1317,workflowview,superuser
RolePrivilege,0,default_data:1318,prodrevcashtopayablexfer,billing_manager
RolePrivilege,0,default_data:1319,prodrevcashtopayablexfer,finance_manager
RolePrivilege,0,default_data:1320,prodrevpayablexfer,billing_manager
RolePrivilege,0,default_data:1321,prodrevpayablexfer,finance_manager
RolePrivilege,0,default_data:1322,invcstrmedit,billing_manager
RolePrivilege,0,default_data:1323,invcstrmedit,general_admin
RolePrivilege,0,default_data:1324,invcstrmedit,superuser
RolePrivilege,0,default_data:1325,prodwriteoffsview,superuser
RolePrivilege,0,default_data:1326,prodwriteoffsview,general_admin
RolePrivilege,0,default_data:1327,prodwriteoffsedit,superuser
RolePrivilege,0,default_data:1328,prodwriteoffsedit,general_admin
RolePrivilege,0,default_data:1329,prodsuspitemsview,superuser
RolePrivilege,0,default_data:1330,prodsuspitemsview,general_admin
RolePrivilege,0,default_data:1331,prodsuspitemsedit,superuser
RolePrivilege,0,default_data:1332,prodsuspitemsedit,general_admin
RolePrivilege,0,default_data:1333,prodpromview,superuser
RolePrivilege,0,default_data:1334,prodpromview,general_admin
RolePrivilege,0,default_data:1335,prodpromedit,superuser
RolePrivilege,0,default_data:1336,prodpromedit,general_admin
RolePrivilege,0,default_data:1337,prodpmntedit,superuser
RolePrivilege,0,default_data:1338,prodpmntedit,general_admin
RolePrivilege,0,default_data:1339,admindatachangeview,superuser
RolePrivilege,0,default_data:1340,wsdatachangeedit,superuser
RolePrivilege,0,default_data:1341,admindatachangeexec,superuser
RolePrivilege,0,default_data:1342,payallocplancreate,general_admin
RolePrivilege,0,default_data:1343,payallocplancreate,plan_admin
RolePrivilege,0,default_data:1344,payallocplancreate,superuser
RolePrivilege,0,default_data:1345,payallocplanedit,general_admin
RolePrivilege,0,default_data:1346,payallocplanedit,plan_admin
RolePrivilege,0,default_data:1347,payallocplanedit,superuser
RolePrivilege,0,default_data:1348,payallocplanview,billing_clerical
RolePrivilege,0,default_data:1349,payallocplanview,billing_manager
RolePrivilege,0,default_data:1350,payallocplanview,commissions_admin
RolePrivilege,0,default_data:1351,payallocplanview,finance_manager
RolePrivilege,0,default_data:1352,payallocplanview,general_admin
RolePrivilege,0,default_data:1353,payallocplanview,plan_admin
RolePrivilege,0,default_data:1354,payallocplanview,superuser
RolePrivilege,0,default_data:1355,payallocplanview,underwriter
RolePrivilege,0,default_data:1356,editobfuscatedusercontact,dp_officer
RolePrivilege,0,default_data:1357,requestcontactdestruction,dp_officer
RolePrivilege,0,default_data:1358,editcharges_ext,superuser
RolePrivilege,0,default_data:1359,editcharges_ext,general_admin
RolePrivilege,0,default_data:1360,delinquencystart_ext,superuser
RolePrivilege,0,default_data:1361,pmntplancollview_ext,superuser
RolePrivilege,0,default_data:1362,pmntplancollview_ext,general_admin
RolePrivilege,0,default_data:1363,createnotewithtemplate_ext,superuser
RolePrivilege,0,default_data:1364,paymentarrangement_ext,superuser
RolePrivilege,0,default_data:1365,viewcollectiongraph_ext,superuser
RolePrivilege,0,default_data:1366,viewcollectionactivities_ext,superuser
RolePrivilege,0,default_data:1367,collectionsdirectcollector_Ext,superuser
RolePrivilege,0,default_data:1368,permissiontoassigncollectionagency_ext,superuser
RolePrivilege,0,default_data:1369,chargepatternedit,superuser
RolePrivilege,0,default_data:1370,viewalldirectcollectorstab_Ext,superuser
RolePrivilege,0,default_data:1371,viewcollectionagnecytab_Ext,superuser
RolePrivilege,0,default_data:1372,collectionsdirectcollector_Ext,general_admin
RolePrivilege,0,default_data:1373,createnewgroup_Ext,superuser

