<?xml version="1.0" encoding="UTF-8"?>

<serialization
   xmlns="http://guidewire.com/xml"
   xmlns:tns="http://guidewire.com/xml"
   xmlns:xsd="http://www.w3.org/1999/XMLSchema"
   xmlns:xsi="http://www.w3.org/1999/XMLSchema-instance">
  <ResourceContextMap>
    <mappings length="11" xsi:type="ResourceContextMapping">
      <item-0 res-id="SmokeTests.QACommon.LoginLogoutMethods" xsi:type="ResourceContextMapping">
        <ctxs length="0"/>
      </item-0>
      <item-1 res-id="SampleData.Group" xsi:type="ResourceContextMapping">
        <ctxs length="0"/>
      </item-1>
      <item-2 res-id="SampleData.Address" xsi:type="ResourceContextMapping">
        <ctxs length="0"/>
      </item-2>
      <item-3 res-id="SampleData.RecurrencePattern" xsi:type="ResourceContextMapping">
        <ctxs length="0"/>
      </item-3>
      <item-4 res-id="SampleData.SecurityZone" xsi:type="ResourceContextMapping">
        <ctxs length="0"/>
      </item-4>
      <item-5 res-id="SampleData.User" xsi:type="ResourceContextMapping">
        <ctxs length="0"/>
      </item-5>
      <item-6 res-id="SmokeTests.Payment.CommonPaymentMethods" xsi:type="ResourceContextMapping">
        <ctxs length="0"/>
      </item-6>
      <item-7 res-id="SampleData.Organization" xsi:type="ResourceContextMapping">
        <ctxs length="0"/>
      </item-7>
      <item-8 res-id="SampleData.DataSets" xsi:type="ResourceContextMapping">
        <ctxs length="0"/>
      </item-8>
      <item-9 res-id="SmokeTests.ChargePattern.CommonChargePatternMethods" xsi:type="ResourceContextMapping">
        <ctxs length="0"/>
      </item-9>
      <item-10 res-id="a.Bar" xsi:type="ResourceContextMapping">
        <ctxs length="0"/>
      </item-10>
    </mappings>
  </ResourceContextMap>
</serialization>