<?xml version="1.0" encoding="UTF-8"?>

<serialization
        xmlns="http://guidewire.com/xml"
        xmlns:tns="http://guidewire.com/xml"
        xmlns:xsd="http://www.w3.org/1999/XMLSchema"
        xmlns:xsi="http://www.w3.org/1999/XMLSchema-instance">
    <script-parameters>
        <ScriptParameterPack ParamName="StandardDelinquencyPlan" ParamType="varchar">
            <ResourceContexts length="0"/>
            <ParamValue>Standard Delinquency Plan</ParamValue>
        </ScriptParameterPack>
        <ScriptParameterPack ParamName="WindowsDomainControllers" ParamType="varchar">
            <ParamValue>COMPANY.PVT</ParamValue>
        </ScriptParameterPack>
        <ScriptParameterPack ParamName="LoginExceptionInstruction" ParamType="varchar">
            <ParamValue>Try again or contact Help Desk!</ParamValue>
        </ScriptParameterPack>
        <ScriptParameterPack ParamName="SuperUserPrefix" ParamType="varchar">
            <ParamValue>bcSuperUser</ParamValue>
        </ScriptParameterPack>
        <ScriptParameterPack ParamName="TestUserPrefixes" ParamType="varchar">
            <ParamValue>bcTest,bcQA</ParamValue>
        </ScriptParameterPack>
        <ScriptParameterPack ParamName="WebSphereRMIPort" ParamType="varchar">
            <ParamValue>0</ParamValue>
        </ScriptParameterPack>
        <ScriptParameterPack ParamName="LegacyDelinquencyPlan" ParamType="varchar">
            <ResourceContexts length="0"/>
            <ParamValue>Legacy Delinquency Plan</ParamValue>
        </ScriptParameterPack>
        <ScriptParameterPack ParamName="StandardAgencyBillPlan" ParamType="varchar">
            <ResourceContexts length="0"/>
            <ParamValue>Standard Agency Bill Plan</ParamValue>
        </ScriptParameterPack>
        <ScriptParameterPack ParamName="LegacyAgencyBillPlan" ParamType="varchar">
            <ResourceContexts length="0"/>
            <ParamValue>Legacy Agency Bill Plan</ParamValue>
        </ScriptParameterPack>
        <ScriptParameterPack ParamName="bcTestUser01" ParamType="varchar">
            <ParamValue>test user</ParamValue>
        </ScriptParameterPack>
        <ScriptParameterPack ParamName="bcTestUser02" ParamType="varchar">
            <ParamValue>test user</ParamValue>
        </ScriptParameterPack>
        <ScriptParameterPack ParamName="bcTestUser03" ParamType="varchar">
            <ParamValue>test user</ParamValue>
        </ScriptParameterPack>
        <ScriptParameterPack ParamName="bcTestUser04" ParamType="varchar">
            <ParamValue>test user</ParamValue>
        </ScriptParameterPack>
        <ScriptParameterPack ParamName="bcTestUser05" ParamType="varchar">
            <ParamValue>test user</ParamValue>
        </ScriptParameterPack>
        <ScriptParameterPack ParamName="bcTestUser06" ParamType="varchar">
            <ParamValue>test user</ParamValue>
        </ScriptParameterPack>
        <ScriptParameterPack ParamName="bcTestUser07" ParamType="varchar">
            <ParamValue>test user</ParamValue>
        </ScriptParameterPack>
        <ScriptParameterPack ParamName="bcTestUser08" ParamType="varchar">
            <ParamValue>test user</ParamValue>
        </ScriptParameterPack>
        <ScriptParameterPack ParamName="bcTestUser09" ParamType="varchar">
            <ParamValue>test user</ParamValue>
        </ScriptParameterPack>
        <ScriptParameterPack ParamName="bcTestUser10" ParamType="varchar">
            <ParamValue>test user</ParamValue>
        </ScriptParameterPack>
        <ScriptParameterPack ParamName="bcQAUser01" ParamType="varchar">
            <ParamValue>test user</ParamValue>
        </ScriptParameterPack>
        <ScriptParameterPack ParamName="bcQAUser02" ParamType="varchar">
            <ParamValue>test user</ParamValue>
        </ScriptParameterPack>
        <ScriptParameterPack ParamName="bcQAUser03" ParamType="varchar">
            <ParamValue>test user</ParamValue>
        </ScriptParameterPack>
        <ScriptParameterPack ParamName="bcQAUser04" ParamType="varchar">
            <ParamValue>test user</ParamValue>
        </ScriptParameterPack>
        <ScriptParameterPack ParamName="bcQAUser05" ParamType="varchar">
            <ParamValue>test user</ParamValue>
        </ScriptParameterPack>
        <ScriptParameterPack ParamName="bcQAUser06" ParamType="varchar">
            <ParamValue>test user</ParamValue>
        </ScriptParameterPack>
        <ScriptParameterPack ParamName="bcQAUser07" ParamType="varchar">
            <ParamValue>test user</ParamValue>
        </ScriptParameterPack>
        <ScriptParameterPack ParamName="bcQAUser08" ParamType="varchar">
            <ParamValue>test user</ParamValue>
        </ScriptParameterPack>
        <ScriptParameterPack ParamName="bcQAUser09" ParamType="varchar">
            <ParamValue>test user</ParamValue>
        </ScriptParameterPack>
        <ScriptParameterPack ParamName="bcQAUser10" ParamType="varchar">
            <ParamValue>test user</ParamValue>
        </ScriptParameterPack>
        <ScriptParameterPack ParamName="AgedSuspensePayment" ParamType="integer">
            <ParamValue>7</ParamValue>
        </ScriptParameterPack>
        <ScriptParameterPack ParamName="MaxNotesSearchResults_Ext" ParamType="integer">
            <ParamValue>150</ParamValue>
        </ScriptParameterPack>
        <ScriptParameterPack ParamName="MaxRecordPerACHBCBatch_Ext" ParamType="integer">
            <ParamValue>20</ParamValue>
        </ScriptParameterPack>
        <ScriptParameterPack ParamName="MaxRecordPerACHWorker_Ext" ParamType="integer">
            <ParamValue>60</ParamValue>
        </ScriptParameterPack>
        <ScriptParameterPack ParamName="CreditWriteOffLowerLimit_Ext" ParamType="integer">
            <ParamValue>0</ParamValue>
        </ScriptParameterPack>
        <ScriptParameterPack ParamName="CreditWriteOffUpperLimit_Ext" ParamType="integer">
            <ParamValue>5</ParamValue>
        </ScriptParameterPack>
        <ScriptParameterPack ParamName="DebitWriteOffLowerLimit_Ext" ParamType="integer">
            <ParamValue>0</ParamValue>
        </ScriptParameterPack>
        <ScriptParameterPack ParamName="DebitWriteOffUpperLimit_Ext" ParamType="integer">
            <ParamValue>100</ParamValue>
        </ScriptParameterPack>
        <ScriptParameterPack ParamName="WriteOffAge_Ext" ParamType="integer">
            <ParamValue>180</ParamValue>
        </ScriptParameterPack>
        <ScriptParameterPack ParamName="LockboxWaitTime_Ext" ParamType="integer">
            <ParamValue>50000</ParamValue>
        </ScriptParameterPack>
        <ScriptParameterPack ParamName="LockboxTimeInterval_Ext" ParamType="integer">
            <ParamValue>5000</ParamValue>
        </ScriptParameterPack>
        <ScriptParameterPack ParamName="CommissionDayOfMonth_Ext" ParamType="integer">
            <ParamValue>31</ParamValue>
        </ScriptParameterPack>
        <ScriptParameterPack ParamName="ThresholdForSrCollectorAssignment" ParamType="integer">
            <ParamValue>100000</ParamValue>
        </ScriptParameterPack>
        <ScriptParameterPack ParamName="LowerThresholdForJrCollectorAssignment" ParamType="integer">
            <ParamValue>20000</ParamValue>
        </ScriptParameterPack>
        <ScriptParameterPack ParamName="UpperThresholdForJrCollectorAssignment" ParamType="integer">
            <ParamValue>100000</ParamValue>
        </ScriptParameterPack>
        <ScriptParameterPack ParamName="ThresholdForExitDelinquency" ParamType="integer">
            <ParamValue>25</ParamValue>
        </ScriptParameterPack>
        <ScriptParameterPack ParamName="LowerThresholdForAllCollectors" ParamType="integer">
            <ParamValue>400</ParamValue>
        </ScriptParameterPack>
        <ScriptParameterPack ParamName="UpperThresholdForAllCollectors" ParamType="integer">
            <ParamValue>20000</ParamValue>
        </ScriptParameterPack>
        <ScriptParameterPack ParamName="FailureToReportDisbursementHoldDays" ParamType="integer">
            <ParamValue>10</ParamValue>
        </ScriptParameterPack>
        <ScriptParameterPack ParamName="TMIBankAccountNumber" ParamType="varchar">
            <ParamValue>0012345</ParamValue>
        </ScriptParameterPack>
        <ScriptParameterPack ParamName="PaymentPlanAgreementFees" ParamType="integer">
            <ParamValue>25</ParamValue>
        </ScriptParameterPack>
        <ScriptParameterPack ParamName="ProducerStatementCommissionThreshold" ParamType="integer">
            <ParamValue>5</ParamValue>
        </ScriptParameterPack>
        <ScriptParameterPack ParamName="CommissionPayableStatus" ParamType="varchar">
            <ParamValue>Complete</ParamValue>
        </ScriptParameterPack>
        <ScriptParameterPack ParamName="CommissionPayableRunDate" ParamType="varchar">
            <ParamValue>2016-01-01</ParamValue>
        </ScriptParameterPack>
        <ScriptParameterPack ParamName="ProducerPaymentDueDays" ParamType="integer">
            <ParamValue>22</ParamValue>
        </ScriptParameterPack>
        <ScriptParameterPack ParamName="ThresholdForActivityGenerationForPaymentOnCancelledPolicy_Ext" ParamType="integer">
            <ParamValue>10</ParamValue>
        </ScriptParameterPack>
        <ScriptParameterPack ParamName="CommissionAdjustmentChargeCode" ParamType="varchar">
            <ParamValue>CommissionAdjustment</ParamValue>
        </ScriptParameterPack>
        <ScriptParameterPack ParamName="ExternalDisbursementChargeCode" ParamType="varchar">
            <ParamValue>ExternalDisbursement</ParamValue>
        </ScriptParameterPack>
        <ScriptParameterPack ParamName="InForceDisbursementThreshold" ParamType="Money">
            <ParamValue>50.00</ParamValue>
        </ScriptParameterPack>
        <ScriptParameterPack ParamName="MaxNumberOfImagedDoc_Ext" ParamType="integer">
            <ParamValue>600</ParamValue>
        </ScriptParameterPack>
        <ScriptParameterPack ParamName="PauseLockboxBatchRunner_Ext" ParamType="bit">
            <ParamValue>false</ParamValue>
        </ScriptParameterPack>
        <ScriptParameterPack ParamName="ACHEmailGroup_Ext" ParamType="varchar">
            <ParamValue>BC_ACH_DEV@texasmutual.com</ParamValue>
        </ScriptParameterPack>
        <ScriptParameterPack ParamName="BOALockBoxEmailGroup_Ext" ParamType="varchar">
            <ParamValue>BC_LOCKBOX_DEV@texasmutual.com</ParamValue>
        </ScriptParameterPack>
        <ScriptParameterPack ParamName="EmailBatchCompleted_Ext" ParamType="varchar">
            <ParamValue>BillingCenterBatchTest@texasmutual.com</ParamValue>
        </ScriptParameterPack>
        <ScriptParameterPack ParamName="EmailBCQueueMonitoring_Ext" ParamType="varchar">
            <ParamValue>BillingCenterBatchTest@texasmutual.com</ParamValue>
        </ScriptParameterPack>
        <ScriptParameterPack ParamName="EmailBCQueueMonitoringThreshold_Ext" ParamType="varchar">
            <ParamValue>1</ParamValue>
        </ScriptParameterPack>
        <ScriptParameterPack ParamName="EmailCheckRegister_Ext" ParamType="varchar">
            <ParamValue>BillingCenterBatchTest@texasmutual.com</ParamValue>
        </ScriptParameterPack>
        <ScriptParameterPack ParamName="EmailCommissionAdjustmentsNotAllocated_Ext" ParamType="varchar">
            <ParamValue>BillingCenterBatchTest@texasmutual.com</ParamValue>
        </ScriptParameterPack>
        <ScriptParameterPack ParamName="EmailEPABilledOrPaidFailure_Ext" ParamType="varchar">
            <ParamValue>UWAppGroup@texasmutual.com</ParamValue>
        </ScriptParameterPack>
        <ScriptParameterPack ParamName="RobotJobsSchedule_Ext" ParamType="varchar">
            <ParamValue>\\\\company.pvt\\public\\IT\\DIV\\Projects (All_None) MP\\PR2952 PABS Project\\03 Teams\\01 Core Team\\Configuration Scoping\\BC Story Cards\\210 Batch Process Scheduling\\BC_Robot_Jobs_Schedule v2.xlsx</ParamValue>
        </ScriptParameterPack>
        <ScriptParameterPack ParamName="BOAMaxRecordPerLOCBWorker_Ext" ParamType="integer">
            <ParamValue>50</ParamValue>
        </ScriptParameterPack>
        <ScriptParameterPack ParamName="LengthOfCheckRefNumber_Ext" ParamType="integer">
            <ParamValue>9</ParamValue>
        </ScriptParameterPack>
        <ScriptParameterPack ParamName="LateFeeChargeThreshold_Ext" ParamType="Money">
            <ParamValue>25.00</ParamValue>
        </ScriptParameterPack>
        <ScriptParameterPack ParamName="ProducerPaymentMinimumThresholdLowerNegativeLimit_Ext" ParamType="Money">
            <ParamValue>5.00</ParamValue>
        </ScriptParameterPack>
        <ScriptParameterPack ParamName="ProducerPaymentMinimumThresholdUpperLimit_Ext" ParamType="Money">
            <ParamValue>5.00</ParamValue>
        </ScriptParameterPack>
        <ScriptParameterPack ParamName="LockBoxUnrestrictedUser" ParamType="varchar">
            <ParamValue>bclbxws</ParamValue>
        </ScriptParameterPack>
        <ScriptParameterPack ParamName="DisableSuccessEmailNotifications" ParamType="bit">
            <ParamValue>false</ParamValue>
        </ScriptParameterPack>
        <ScriptParameterPack ParamName="DisableErrorEmailNotifications" ParamType="bit">
            <ParamValue>false</ParamValue>
        </ScriptParameterPack>
        <ScriptParameterPack ParamName="DisableInfoEmailNotifications" ParamType="bit">
            <ParamValue>false</ParamValue>
        </ScriptParameterPack>
        <ScriptParameterPack ParamName="LateFeeChargeDays" ParamType="integer">
            <ParamValue>1</ParamValue>
        </ScriptParameterPack>
        <ScriptParameterPack ParamName="ActivitySearchMaxLimit_Ext" ParamType="integer">
            <ParamValue>500</ParamValue>
        </ScriptParameterPack>
        <ScriptParameterPack ParamName="CheckSearchMaxLimit_Ext" ParamType="integer">
            <ParamValue>500</ParamValue>
        </ScriptParameterPack>
        <ScriptParameterPack ParamName="CommissionDelinquencyLowerLimit_Ext" ParamType="Money">
        <ParamValue>25.00</ParamValue>
        </ScriptParameterPack>
        <ScriptParameterPack ParamName="CommissionDelinquencyHigherLimit_Ext" ParamType="Money">
        <ParamValue>400.00</ParamValue>
        </ScriptParameterPack>
        <ScriptParameterPack ParamName="CommsnReceivableWriteOffLowerLimit" ParamType="Money">
            <ParamValue>5.00</ParamValue>
        </ScriptParameterPack>
        <ScriptParameterPack ParamName="CommsnReceivableWriteOffUpperLimit" ParamType="Money">
            <ParamValue>-25.00</ParamValue>
        </ScriptParameterPack>
        <ScriptParameterPack ParamName="CommsnReceivableWriteOffThresholdDays" ParamType="integer">
            <ParamValue>180</ParamValue>
        </ScriptParameterPack>
        <ScriptParameterPack ParamName="DirectCollectorGroup_Ext" ParamType="varchar">
            <ParamValue>Commission Rec Collectors</ParamValue>
        </ScriptParameterPack>
        <ScriptParameterPack ParamName="ChangePaymentPlan_Ext" ParamType="integer">
            <ParamValue>90</ParamValue>
        </ScriptParameterPack>
        <ScriptParameterPack ParamName="TMIDisbursementQuoteCreationDays_Ext" ParamType="integer">
            <ParamValue>-90</ParamValue>
        </ScriptParameterPack>
        <ScriptParameterPack ParamName="TMIDisbursementWorkItemPerWorker" ParamType="integer">
            <ParamValue>20</ParamValue>
        </ScriptParameterPack>
        <ScriptParameterPack ParamName="PTSActivityQueue_Ext" ParamType="varchar">
            <ParamValue>USS Specialist</ParamValue>
        </ScriptParameterPack>
        <ScriptParameterPack ParamName="InvoicePrintThreshold" ParamType="Money">
            <ParamValue>0.00</ParamValue>
        </ScriptParameterPack>
        <ScriptParameterPack ParamName="TMISuspenseItemsReleaseAge_Ext" ParamType="integer">
            <ParamValue>25</ParamValue>
        </ScriptParameterPack>
        <ScriptParameterPack ParamName="TMISuspenseItemsActivityCreationAge_Ext" ParamType="integer">
            <ParamValue>10</ParamValue>
        </ScriptParameterPack>
        <ScriptParameterPack ParamName="FeatureToggle_UseFeatureToggleNotificationAlert" ParamType="bit">
        <ParamValue>false</ParamValue>
        </ScriptParameterPack>
        <ScriptParameterPack ParamName="SecondaryThresholdForCRD_Ext" ParamType="Money">
            <ParamValue>400</ParamValue>
        </ScriptParameterPack>
        <ScriptParameterPack ParamName="FeatureToggle_UseAgencyDataNuxeoService" ParamType="bit">
            <ParamValue>false</ParamValue>
        </ScriptParameterPack>
        <ScriptParameterPack ParamName="FeatureToggle_UseAccountDataNuxeoService" ParamType="bit">
            <ParamValue>false</ParamValue>
        </ScriptParameterPack>
        <ScriptParameterPack ParamName="FeatureToggle_UsePolicyDataNuxeoService" ParamType="bit">
            <ParamValue>false</ParamValue>
        </ScriptParameterPack>
        <ScriptParameterPack ParamName="FeatureToggle_UseECBrowserNuxeoServiceForPolicyDocuments" ParamType="bit">
            <ParamValue>true</ParamValue>
        </ScriptParameterPack>
        <ScriptParameterPack ParamName="FeatureToggle_UseChecksScreenForNewSGMSearch" ParamType="bit">
            <ParamValue>true</ParamValue>
        </ScriptParameterPack>
        <ScriptParameterPack ParamName="FeatureToggle_UseECBrowserNuxeoServiceForAccountDocuments" ParamType="bit">
            <ParamValue>true</ParamValue>
        </ScriptParameterPack>
        <ScriptParameterPack ParamName="FeatureToggle_UseECBrowserNuxeoServiceForActivityDocuments" ParamType="bit">
            <ParamValue>true</ParamValue>
        </ScriptParameterPack>
        <ScriptParameterPack ParamName="InvoiceLateFeeAssessment" ParamType="varchar">
            <ParamValue>04/25/2021</ParamValue>
        </ScriptParameterPack>
        <ScriptParameterPack ParamName="FeatureToggle_DisplayECViewerButton" ParamType="bit">
            <ParamValue>false</ParamValue>
        </ScriptParameterPack>
    </script-parameters>
</serialization>