<suite-config xmlns="http://guidewire.com/config/suite/suite-config">
    <product name="cc" url="http://gwdevcc9/cc" env="local"/>
    <product name="cc" url="http://gwdevcc9/cc" env="h2mem"/>
    <product name="cc" url="http://gwdevcc9/cc" env="dev"/>
    <product name="cc" url="http://gwqc6cc9/cc" env="ci"/>
    <product name="cc" url="http://gwqacc9/cc" env="qa"/>
    <product name="cc" url="http://gwdevcc9/cc" env="qc"/>
    <product name="cc" url="http://gwdevcc9/cc" env="qc2"/>
    <product name="cc" url="http://gwqa2cc9/cc" env="qc3"/>
    <product name="cc" url="http://gwdevcc9/cc" env="qc4"/>
    <product name="cc" url="http://gwdevcc9/cc" env="qc5"/>
    <product name="cc" url="http://gwdevcc9/cc" env="qc6"/>
    <product name="cc" url="http://gwdevcc9/cc" env="qc7"/>
    <product name="cc" url="http://gwdevcc9/cc" env="qc8"/>
    <product name="cc" url="http://gwdevcc9/cc" env="adm"/>
    <product name="cc" url="http://gwdevcc9/cc" env="pgt"/>
    <product name="cc" url="http://gwshcc9/cc" env="cnv"/>
    <product name="cc" url="http://gwcrmcc9/cc" env="crm"/>
    <product name="cc" url="http://gwdevcc9/cc" env="d01"/>
    <product name="cc" url="http://gwdevcc9/cc" env="d02"/>
    <product name="cc" url="http://gwdevcc9/cc" env="d03"/>
    <product name="cc" url="http://gwdevcc9/cc" env="d04"/>
    <product name="cc" url="http://gwdevcc9/cc" env="d05"/>
    <product name="cc" url="http://gwdevcc9/cc" env="d06"/>
    <product name="cc" url="http://gwdevcc9/cc" env="d07"/>
    <product name="cc" url="http://gwdevcc9/cc" env="d08"/>
    <product name="cc" url="http://gwdevcc9/cc" env="d09"/>
    <product name="cc" url="http://gwdevcc9/cc" env="d10"/>
    <product name="cc" url="http://gwshcc9/cc" env="sh"/>
    <product name="cc" url="http://gwprdcc9/cc" env="prod"/>
    <product name="pc" url="http://localhost:8180/pc" env="local"/>
    <product name="pc" url="http://gwdevpc/pc" env="dev"/>
    <product name="pc" url="http://c1-devvtxm01.nix.company.pvt:8180/pc" env="ci"/>
    <product name="pc" url="http://gwqapc/pc" env="qa"/>
    <product name="pc" url="http://gwqcpc/pc" env="qc"/>
    <product name="pc" url="http://gwqc2pc/pc" env="qc2"/>
    <product name="pc" url="http://gwqc3pc/pc" env="qc3"/>
    <product name="pc" url="http://gwqc4pc/pc" env="qc4"/>
    <product name="pc" url="http://gwqc5pc/pc" env="qc5"/>
    <product name="pc" url="http://gwqc6pc/pc" env="qc6"/>
    <product name="pc" url="http://gwqc7pc/pc" env="qc7"/>
    <product name="pc" url="http://gwqc8pc/pc" env="qc8"/>
    <product name="pc" url="http://gwadmpc/pc" env="adm"/>
    <product name="pc" url="http://gwpgtpc/pc" env="pgt"/>
    <product name="pc" url="http://gwcnvpc/pc" env="cnv"/>
    <product name="pc" url="http://gwcrmpc/pc" env="crm"/>
    <product name="pc" url="http://gwshpc/pc" env="sh"/>
    <product name="pc" url="http://gwprdpc/pc" env="prod"/>
    <product name="pc" url="http://gwd1pc/pc" env="d01"/>
    <product name="pc" url="http://gwd2pc/pc" env="d02"/>
    <product name="pc" url="http://gwd3pc/pc" env="d03"/>
    <product name="pc" url="http://gwd4pc/pc" env="d04"/>
    <product name="pc" url="http://gwd5pc/pc" env="d05"/>
    <product name="pc" url="http://gwd6pc/pc" env="d06"/>
    <product name="pc" url="http://gwd7pc/pc" env="d07"/>
    <product name="pc" url="http://gwd8pc/pc" env="d08"/>
    <product name="pc" url="http://gwd9pc/pc" env="d09"/>
    <product name="pc" url="http://gwd10pc/pc" env="d10"/>
    <product name="ab" url="http://localhost:8280/ab" env="local"/>
    <product name="ab" url="http://gwdevcm9/ab" env="dev"/>
    <product name="ab" url="http://c1-devvtxm01.nix.company.pvt:8280/ab" env="ci"/>
    <product name="ab" url="http://gwqacm9/ab" env="qa"/>
    <product name="ab" url="http://gwqccm8/ab" env="qc"/>
    <product name="ab" url="http://gwqc2cm8/ab" env="qc2"/>
    <product name="ab" url="http://gwqc3cm8/ab" env="qc3"/>
    <product name="ab" url="http://gwqc4cm8/ab" env="qc4"/>
    <product name="ab" url="http://gwqc5cm8/ab" env="qc5"/>
    <product name="ab" url="http://gwqc6cm8/ab" env="qc6"/>
    <product name="ab" url="http://gwqc7cm8/ab" env="qc7"/>
    <product name="ab" url="http://gwqc8cm8/ab" env="qc8"/>
    <product name="ab" url="http://gwadmcm8/ab" env="adm"/>
    <product name="ab" url="http://gwpgtcm8/ab" env="pgt"/>
    <product name="ab" url="http://gwcnvcm8/ab" env="cnv"/>
    <product name="ab" url="http://gwcrmcm8/ab" env="crm"/>
    <product name="ab" url="http://gwd1cm8:27020/ab" env="d01"/>
    <product name="ab" url="http://gwd2cm8:27020/ab" env="d02"/>
    <product name="ab" url="http://gwd3cm8:27020/ab" env="d03"/>
    <product name="ab" url="http://gwd4cm8:27020/ab" env="d04"/>
    <product name="ab" url="http://gwd5cm8:27020/ab" env="d05"/>
    <product name="ab" url="http://gwd6cm8:27020/ab" env="d06"/>
    <product name="ab" url="http://gwd7cm8:27020/ab" env="d07"/>
    <product name="ab" url="http://gwd8cm8:27020/ab" env="d08"/>
    <product name="ab" url="http://gwd9cm8:27020/ab" env="d09"/>
    <product name="ab" url="http://gwd10cm8:27020/ab" env="d10"/>
    <product name="ab" url="http://gwshcm8/ab" env="sh"/>
    <product name="ab" url="http://gwprdcm9/ab" env="prod"/>
    <product name="bc" url="http://localhost:8580/bc" env="local"/>
    <product name="bc" url="http://gwdevbc/bc" env="dev"/>
    <product name="bc" url="http://c1-devvtxm01.nix.company.pvt:8580/bc" env="ci"/>
    <product name="bc" url="http://gwqabc/bc" env="qa"/>
    <product name="bc" url="http://gwqcbc/bc" env="qc"/>
    <product name="bc" url="http://gwqc2bc/bc" env="qc2"/>
    <product name="bc" url="http://gwqc3bc/bc" env="qc3"/>
    <product name="bc" url="http://gwqc4bc/bc" env="qc4"/>
    <product name="bc" url="http://gwqc5bc/bc" env="qc5"/>
    <product name="bc" url="http://gwqc6bc/bc" env="qc6"/>
    <product name="bc" url="http://gwqc7bc/bc" env="qc7"/>
    <product name="bc" url="http://gwqc8bc/bc" env="qc8"/>
    <product name="bc" url="http://gwadmbc/bc" env="adm"/>
    <product name="bc" url="http://gwpgtbc/bc" env="pgt"/>
    <product name="bc" url="http://gwcnvbc/bc" env="cnv"/>
    <product name="bc" url="http://gwcrmbc/bc" env="crm"/>
    <product name="bc" url="http://gwd1bc:27040/bc" env="d01"/>
    <product name="bc" url="http://gwd2bc:27040/bc" env="d02"/>
    <product name="bc" url="http://gwd3bc:27040/bc" env="d03"/>
    <product name="bc" url="http://gwd4bc:27040/bc" env="d04"/>
    <product name="bc" url="http://gwd5bc:27040/bc" env="d05"/>
    <product name="bc" url="http://gwd6bc:27040/bc" env="d06"/>
    <product name="bc" url="http://gwd7bc:27040/bc" env="d07"/>
    <product name="bc" url="http://gwd8bc:27040/bc" env="d08"/>
    <product name="bc" url="http://gwd9bc:27040/bc" env="d09"/>
    <product name="bc" url="http://gwd10bc:27040/bc" env="d10"/>
    <product name="bc" url="http://gwshbc/bc" env="sh"/>
    <product name="bc" url="http://gwprdbc/bc" env="prod"/>
</suite-config>