<?xml version="1.0"?>
<import>
  <ModifierLookup public-id="lktblimport_652">
    <Availability>Available</Availability>
    <EndEffectiveDate/>
    <ModifierPatternCode>BOPScheduleCredits</ModifierPatternCode>
    <PolicyLinePatternCode>BOPLine</PolicyLinePatternCode>
    <StartEffectiveDate>2000-01-01 00:00:00.000</StartEffectiveDate>
    <State/>
    <UWCompanyCode/>
  </ModifierLookup>
  <RateFactorLookup public-id="wKgJLQ9orWAAAAAA">
    <Availability>Available</Availability>
    <EndEffectiveDate/>
    <PolicyLinePatternCode>BOPLine</PolicyLinePatternCode>
    <RateFactorPatternCode>RateFactor_Building</RateFactorPatternCode>
    <StartEffectiveDate>2000-09-01 00:00:00.000</StartEffectiveDate>
    <State/>
    <UWCompanyCode/>
  </RateFactorLookup>
  <RateFactorLookup public-id="wKgJLRSfi2MAAAAA">
    <Availability>Available</Availability>
    <EndEffectiveDate/>
    <PolicyLinePatternCode>BOPLine</PolicyLinePatternCode>
    <RateFactorPatternCode>RateFactor_Employees</RateFactorPatternCode>
    <StartEffectiveDate>2000-09-01 00:00:00.000</StartEffectiveDate>
    <State/>
    <UWCompanyCode/>
  </RateFactorLookup>
  <RateFactorLookup public-id="wKgJLYfsUckAAAAA">
    <Availability>Available</Availability>
    <EndEffectiveDate/>
    <PolicyLinePatternCode>BOPLine</PolicyLinePatternCode>
    <RateFactorPatternCode>RateFactor_RiskNotInClassifPlan</RateFactorPatternCode>
    <StartEffectiveDate>2000-09-01 00:00:00.000</StartEffectiveDate>
    <State/>
    <UWCompanyCode/>
  </RateFactorLookup>
  <RateFactorLookup public-id="wKgJLbUPrrsAAAAA">
    <Availability>Available</Availability>
    <EndEffectiveDate/>
    <PolicyLinePatternCode>BOPLine</PolicyLinePatternCode>
    <RateFactorPatternCode>RateFactor_Premises</RateFactorPatternCode>
    <StartEffectiveDate>2000-09-01 00:00:00.000</StartEffectiveDate>
    <State/>
    <UWCompanyCode/>
  </RateFactorLookup>
  <RateFactorLookup public-id="wKgJLc06YWkAAAAA">
    <Availability>Available</Availability>
    <EndEffectiveDate/>
    <PolicyLinePatternCode>BOPLine</PolicyLinePatternCode>
    <RateFactorPatternCode>RateFactor_Protection</RateFactorPatternCode>
    <StartEffectiveDate>2000-09-01 00:00:00.000</StartEffectiveDate>
    <State/>
    <UWCompanyCode/>
  </RateFactorLookup>
  <RateFactorLookup public-id="wKgJLei6JRIAAAAA">
    <Availability>Available</Availability>
    <EndEffectiveDate/>
    <PolicyLinePatternCode>BOPLine</PolicyLinePatternCode>
    <RateFactorPatternCode>RateFactor_Management</RateFactorPatternCode>
    <StartEffectiveDate>2000-09-01 00:00:00.000</StartEffectiveDate>
    <State/>
    <UWCompanyCode/>
  </RateFactorLookup>
  <ModifierLookup public-id="z8hjuhsnlm7ice4lob47of0gnl9">
    <Availability>Available</Availability>
    <EndEffectiveDate/>
    <ModifierPatternCode>BOPConditionalSurcharge</ModifierPatternCode>
    <PolicyLinePatternCode>BOPLine</PolicyLinePatternCode>
    <StartEffectiveDate>2010-05-14 00:00:00.000</StartEffectiveDate>
    <State/>
  </ModifierLookup>
  <RateFactorLookup public-id="zlnhao869umqv6hg50467fhi97a">
    <Availability>Available</Availability>
    <EndEffectiveDate/>
    <PolicyLinePatternCode>BOPLine</PolicyLinePatternCode>
    <RateFactorPatternCode>zmph2tfehq6o99iv8ivd6s4ptga</RateFactorPatternCode>
    <StartEffectiveDate>2010-05-14 00:00:00.000</StartEffectiveDate>
    <State/>
  </RateFactorLookup>
  <ModifierLookup public-id="zd0jukklj7gph553ou3s414np0a">
    <Availability>Available</Availability>
    <EndEffectiveDate/>
    <ModifierPatternCode>BOPLocationDispersionCredit</ModifierPatternCode>
    <PolicyLinePatternCode>BOPLine</PolicyLinePatternCode>
    <StartEffectiveDate>2010-05-20 00:00:00.000</StartEffectiveDate>
    <State/>
  </ModifierLookup>
</import>