<DiffTree xmlns:xsi="http://www.w3.org/2001/XMLSchema-instance" xsi:noNamespaceSchemaLocation="schema/difftree.xsd">
  <Section label="displaykey.Web.Differences.LOB.Common.PolicyInfo" sortorder="1">
    <RootProperties includefromtype="PolicyPeriod" sortorder="1"/>
    <RootEntity type="PolicyPriNamedInsured" label="displaykey.Web.Differences.LOB.Common.PolicyPriNamedInsured(ENTITY.DisplayName)" sortorder="2"/>
    <RootEntity type="PolicyAddlNamedInsured" label="displaykey.Web.Differences.LOB.Common.PolicyAddlNamedInsured(ENTITY.DisplayName)" sortorder="3"/>
    <RootEntity type="PolicyAddlInterest" showadds="false" showremoves="false" label="displaykey.Web.Differences.LOB.Common.PolicyAddlInterest(ENTITY.DisplayName)" sortorder="4"/>
    <RootEntity type="PolicyBillingContact" label="displaykey.Web.Differences.LOB.Common.PolicyBillingContact(ENTITY.DisplayName)" sortorder="5"/>
    <RootEntity type="PolicyAddress" label="displaykey.Web.Differences.LOB.Common.PolicyAddress(ENTITY.AddressType)" sortorder="6"/>
    <RootProperties includefromtype="EffectiveDatedFields" sortorder="7"/>
  </Section>
  <Section label="displaykey.Web.Differences.LOB.Common.LocationsAndBuildings" sortorder="2">
    <RootEntity type="CPLocation" sortorder="1">
      <Properties includefromtype="PolicyLocation" parentpath="ENTITY.Branch.CPLine.CPLocations.firstWhere(\ cpl->cpl.Location==ENTITY)" sortorder="1"/>
      <Properties includefromtype="CPLocation" parentpath="ENTITY" sortorder="2"/>
      <Entity type="CPBuilding" parentpath="ENTITY.CPLocation" sortorder="3">
        <Properties includefromtype="Building" parentpath="ENTITY.Branch.CPLine.CPLocations*.Buildings.firstWhere(\b->b.Building == ENTITY)" sortorder="1"/>
        <Properties includefromtype="BuildingImprovement" parentpath="ENTITY.Branch.CPLine.CPLocations*.Buildings.firstWhere(\b->b.Building == ENTITY.Building)" sortorder="2">
          <PropertyDisplay propertyname="YearAdded" label="displaykey.Web.Differences.LOB.Common.BuildingImprovements(ENTITY.BuildingImprType.DisplayName)"/>
        </Properties>
        <Properties includefromtype="BuildingSide" parentpath="ENTITY.Branch.CPLine.CPLocations*.Buildings.firstWhere(\b->b.Building == ENTITY.Building)" sortorder="3">
          <PropertyDisplay propertyname="Description" label="displaykey.Web.Differences.LOB.Common.BuildingSides(ENTITY.BuildingSideType.DisplayName)"/>
        </Properties>
        <Properties includefromtype="CPBuilding" parentpath="ENTITY" sortorder="4"/>
        <SubSection label="displaykey.Web.Differences.LOB.Common.Coverages" sortorder="5">
          <Entity type="CPBuildingCov" parentpath="ENTITY.CPBuilding"/>
        </SubSection>
        <Entity type="CPBldgAddlInterest" parentpath="ENTITY.CPBuilding" label="displaykey.Web.Differences.LOB.Common.PolicyAddlInterestDetail(ENTITY.DisplayName, ENTITY.AdditionalInterestType)" sortorder="6">
          <Properties includefromtype="CPBldgAddlInterest" parentpath="ENTITY">
            <PropertyDisplay propertyname="AdditionalInterestType"/>
          </Properties>
        </Entity>
      </Entity>
    </RootEntity>
  </Section>
  <Section label="displaykey.Web.Differences.LOB.CP.Blanket" sortorder="3">
    <RootEntity type="CPBlanket">
      <Properties includefromtype="CPBlanket" parentpath="ENTITY" sortorder="1"/>
      <Entity parentpath="ENTITY.CPBlanket" type="entity.CPBlanketCov" sortorder="2"/>
    </RootEntity>
  </Section>
  <Section label="displaykey.Web.Differences.LOB.Common.Modifiers" sortorder="4">
    <RootEntity type="CPModifier">
      <Entity parentpath="ENTITY.CPModifier" type="CPRateFactor"/>
    </RootEntity>
  </Section>
</DiffTree>