<DiffTree xmlns:xsi="http://www.w3.org/2001/XMLSchema-instance" xsi:noNamespaceSchemaLocation="schema/difftree.xsd">
  <Section label="displaykey.Web.Differences.LOB.Common.PolicyInfo" sortorder="1">
    <RootProperties includefromtype="PolicyPeriod" sortorder="1"/>
    <RootEntity type="PolicyPriNamedInsured" label="displaykey.Web.Differences.LOB.Common.PolicyPriNamedInsured(ENTITY.DisplayName)" sortorder="2"/>
    <RootEntity type="PolicyAddlNamedInsured" label="displaykey.Web.Differences.LOB.Common.PolicyAddlNamedInsured(ENTITY.DisplayName)" sortorder="3"/>
    <RootEntity type="PolicyAddlInsured" label="displaykey.Web.Differences.LOB.Common.PolicyAddlInsured(ENTITY.DisplayName)" sortorder="4"/>
    <RootEntity type="PolicyAddlInsuredDetail" label="displaykey.Web.Differences.LOB.Common.PolicyAddlInsuredDetail(ENTITY.DisplayName, ENTITY.AdditionalInsuredType)" sortorder="5"/>
    <RootEntity type="PolicyAddlInterest" showadds="false" showremoves="false" label="displaykey.Web.Differences.LOB.Common.PolicyAddlInterest(ENTITY.DisplayName)" sortorder="6"/>
    <RootEntity type="PolicyBillingContact" label="displaykey.Web.Differences.LOB.Common.PolicyBillingContact(ENTITY.DisplayName)" sortorder="7"/>
    <RootEntity type="PolicyAddress" label="displaykey.Web.Differences.LOB.Common.PolicyAddress(ENTITY.AddressType)" sortorder="8"/>
    <RootProperties includefromtype="EffectiveDatedFields" sortorder="9">
      <PropertyDisplay propertyname="OfferingCode" value="ENTITY.getOfferingName(VALUE)"/>
    </RootProperties>
  </Section>
  <Section label="displaykey.Web.Differences.LOB.Common.LocationsAndBuildings" sortorder="2">
    <RootEntity type="PolicyLocation">
      <Entity type="Building" parentpath="ENTITY.PolicyLocation" showadds="false" showremoves="false">
        <Properties includefromtype="BuildingImprovement" parentpath="ENTITY.Building" sortorder="1">
          <PropertyDisplay propertyname="YearAdded" label="displaykey.Web.Differences.LOB.Common.BuildingImprovements(ENTITY.BuildingImprType.DisplayName)"/>
        </Properties>
        <Properties includefromtype="BuildingSide" parentpath="ENTITY.Building" sortorder="2">
          <PropertyDisplay propertyname="Description" label="displaykey.Web.Differences.LOB.Common.BuildingSides(ENTITY.BuildingSideType.DisplayName)"/>
        </Properties>
      </Entity>
    </RootEntity>
  </Section>
  <Section label="displaykey.Web.Differences.LOB.Common.PolicyLines" sortorder="3">
    <RootEntity type="CommercialPropertyLine" sortorder="1">
      <SubSection label="displaykey.Web.Differences.LOB.Common.LocationsAndBuildings" sortorder="1">
        <Entity type="CPLocation" parentpath="ENTITY.CPLine">
          <Properties includefromtype="CPLocation" parentpath="ENTITY" sortorder="1"/>
          <Entity type="CPBuilding" parentpath="ENTITY.CPLocation" sortorder="2">
            <Properties includefromtype="CPBuilding" parentpath="ENTITY" sortorder="1"/>
            <SubSection label="displaykey.Web.Differences.LOB.Common.Coverages" sortorder="2">
              <Entity type="CPBuildingCov" parentpath="ENTITY.CPBuilding"/>
            </SubSection>
            <Entity type="CPBldgAddlInterest" parentpath="ENTITY.CPBuilding" label="displaykey.Web.Differences.LOB.Common.PolicyAddlInterestDetail(ENTITY.DisplayName, ENTITY.AdditionalInterestType)" sortorder="3">
              <Properties includefromtype="CPBldgAddlInterest" parentpath="ENTITY">
                <PropertyDisplay propertyname="AdditionalInterestType"/>
              </Properties>
            </Entity>
          </Entity>
        </Entity>
      </SubSection>
      <SubSection label="displaykey.Web.Differences.LOB.CP.Blanket" sortorder="2">
        <Entity parentpath="ENTITY.CPLine" type="CPBlanket">
          <Properties includefromtype="CPBlanket" parentpath="ENTITY" sortorder="1"/>
          <Entity parentpath="ENTITY.CPBlanket" type="entity.CPBlanketCov" sortorder="2"/>
        </Entity>
      </SubSection>
      <SubSection label="displaykey.Web.Differences.LOB.Common.Modifiers" sortorder="3">
        <Entity type="CPModifier" parentpath="ENTITY.CPLine">
          <Entity parentpath="ENTITY.CPModifier" type="CPRateFactor"/>
        </Entity>
      </SubSection>
    </RootEntity>
    <RootEntity type="GeneralLiabilityLine" sortorder="2">
      <SubSection label="displaykey.Web.Differences.LOB.GL.Exposures" sortorder="1">
        <Entity type="PolicyLocation" parentpath="ENTITY.Branch.GLLine" showadds="false" showremoves="false" showchanges="false">
          <Entity type="GLExposure" parentpath="ENTITY.Location" label="displaykey.Web.Differences.LOB.GL.Exposure(ENTITY.ClassCode.Code, ENTITY.ClassCode.Classification)" showadds="false" showremoves="false">
            <Properties includefromtype="GLExposure" parentpath="ENTITY">
              <PropertyDisplay propertyname="ScalableBasisAmount" label="displaykey.Web.Differences.LOB.GL.Basis" value="displaykey.Web.Differences.LOB.GL.BasisValue(VALUE, ENTITY.EffectiveDate.ShortFormat, ENTITY.ExpirationDate.ShortFormat)"/>
              <PropertyDisplay propertyname="FixedBasisAmount" label="displaykey.Web.Differences.LOB.GL.Basis" value="displaykey.Web.Differences.LOB.GL.BasisValue(VALUE, ENTITY.EffectiveDate.ShortFormat, ENTITY.ExpirationDate.ShortFormat)"/>
            </Properties>
          </Entity>
        <Entity type="GLExposure" parentpath="ENTITY.Location" label="displaykey.Web.Differences.LOB.GL.ExposureDisplay(ENTITY.ClassCode.Code, ENTITY.ClassCode.Classification, ENTITY.EffectiveDate.ShortFormat, ENTITY.ExpirationDate.ShortFormat)" showchanges="false"/>
        </Entity>
      </SubSection>
      <SubSection label="displaykey.Web.Differences.LOB.GL.Clauses" sortorder="2">
        <Entity type="GeneralLiabilityCov" parentpath="ENTITY.GLLine" sortorder="1"/>
        <Entity type="GeneralLiabilityCond" parentpath="ENTITY.GLLine" sortorder="2"/>
        <Entity type="GeneralLiabilityExcl" parentpath="ENTITY.GLLine" sortorder="3"/>
      </SubSection>
      <SubSection label="displaykey.Web.Differences.LOB.Common.Modifiers" sortorder="3">
        <Entity type="GLModifier" parentpath="ENTITY.GLLine">
          <Entity parentpath="ENTITY.GLModifier" type="GLRateFactor"/>    
        </Entity>
      </SubSection>
    </RootEntity>
    <RootEntity type="InlandMarineLine" sortorder="3">
      <SubSection label="displaykey.Web.Differences.LOB.Common.LocationsAndBuildings" sortorder="1">
        <Entity type="IMLocation" parentpath="ENTITY.IMLine">
          <Entity type="IMBuilding" parentpath="ENTITY.IMLocation"/>
        </Entity>
      </SubSection>
      <SubSection label="displaykey.Web.Differences.LOB.IM.CoverageParts" sortorder="2">
        <Entity type="IMAccountsRecPart" parentpath="ENTITY.Branch.IMLine" sortorder="1">
          <SubSection label="displaykey.Web.Differences.LOB.Common.Coverages" sortorder="1">
            <Entity type="IMAccountsRecPartCov" parentpath="ENTITY.IMAccountsRecPart"/>
          </SubSection>
          <SubSection label="displaykey.Web.Differences.LOB.IM.ScheduledItems" sortorder="2">
            <Entity type="IMAccountsReceivable" parentpath="ENTITY.IMAccountsRecPart"
                    label="displaykey.Web.Differences.LOB.IM.IMAccountsReceivable(ENTITY.ReceptacleType, ENTITY.IMBuilding.DisplayName, ENTITY.IMBuilding.IMLocation.Location.DisplayName)">
              <Entity type="IMAccountsRecCov" parentpath="ENTITY.IMAccountsReceivable" sortorder="1"/>
              <Properties includefromtype="IMAccountsReceivable" parentpath="ENTITY" sortorder="2"/>
            </Entity>
          </SubSection>
          <SubSection label="displaykey.Web.Differences.LOB.IM.ExcludedAccounts" sortorder="3">
            <Entity type="IMExcludedAccount" parentpath="ENTITY.IMAccountsRecPart"/>
          </SubSection>
        </Entity>
        <Entity type="ContractorsEquipPart" parentpath="ENTITY.Branch.IMLine" sortorder="2">
          <SubSection label="displaykey.Web.Differences.LOB.Common.Coverages" sortorder="1">
            <Entity type="ContrEquipPartCov" parentpath="ENTITY.ContractorsEquipPart"/>
          </SubSection>
          <SubSection label="displaykey.Web.Differences.LOB.IM.ScheduledEquipments" sortorder="2">
            <Entity type="ContractorsEquipment" parentpath="ENTITY.ContractorsEquipPart">
              <Entity type="ContractorsEquipCov" parentpath="ENTITY.ContractorsEquipment" sortorder="1"/>
              <Entity type="IMSchEquipAddlInterest" parentpath="ENTITY.ContractorsEquipment"
                      label="displaykey.Web.Differences.LOB.Common.PolicyAddlInterestDetail(ENTITY.DisplayName, ENTITY.AdditionalInterestType)" sortorder="2"/>
            </Entity>
          </SubSection>
        </Entity>
        <Entity type="IMSignPart" parentpath="ENTITY.Branch.IMLine" sortorder="3">
          <Entity type="IMSign" parentpath="ENTITY.IMSignPart">
            <Entity type="entity.IMSignCov" parentpath="ENTITY.IMSign"/>
          </Entity>
        </Entity>
      </SubSection>
    </RootEntity>
  </Section>
  <Section label="displaykey.Web.Differences.LOB.Common.Modifiers" sortorder="4">
    <RootEntity type="ProductModifier">
      <Entity type="ProductRateFactor" parentpath="ENTITY.ProductModifier" />
    </RootEntity>
  </Section>
</DiffTree>
