<DiffTree xmlns:xsi="http://www.w3.org/2001/XMLSchema-instance" xsi:noNamespaceSchemaLocation="schema/difftree.xsd">
  <Section label="displaykey.Web.Differences.LOB.Common.PolicyInfo" sortorder="1">
    <RootProperties includefromtype="PolicyPeriod" sortorder="1"/>
    <RootEntity type="PolicyPriNamedInsured" label="displaykey.Web.Differences.LOB.Common.PolicyPriNamedInsured(ENTITY.DisplayName)" sortorder="2"/>
    <RootEntity type="PolicyAddlNamedInsured" label="displaykey.Web.Differences.LOB.Common.PolicyAddlNamedInsured(ENTITY.DisplayName)" sortorder="3"/>
    <RootEntity type="PolicyBillingContact" label="displaykey.Web.Differences.LOB.Common.PolicyBillingContact(ENTITY.DisplayName)" sortorder="6"/>
    <RootEntity type="PolicyAddress" label="displaykey.Web.Differences.LOB.Common.PolicyAddress(ENTITY.AddressType)" sortorder="7"/>
    <RootProperties includefromtype="EffectiveDatedFields" sortorder="8"/>
  </Section>
  <Section label="displaykey.Web.Differences.LOB.Common.Locations" sortorder="2">
    <RootEntity type="PolicyLocation"/>
  </Section>
  <Section label="displaykey.Web.Differences.LOB.GL.Exposures" sortorder="3">
    <RootEntity type="PolicyLocation" showadds="false" showremoves="false" showchanges="false">
      <Entity type="GLExposure" parentpath="ENTITY.Location" label="displaykey.Web.Differences.LOB.GL.Exposure(ENTITY.ClassCode.Code, ENTITY.ClassCode.Classification)" showadds="false" showremoves="false">
        <Properties includefromtype="GLExposure" parentpath="ENTITY">
          <PropertyDisplay propertyname="ScalableBasisAmount" label="displaykey.Web.Differences.LOB.GL.Basis" value="displaykey.Web.Differences.LOB.GL.BasisValue(VALUE, ENTITY.EffectiveDate.ShortFormat, ENTITY.ExpirationDate.ShortFormat)"/>
          <PropertyDisplay propertyname="FixedBasisAmount" label="displaykey.Web.Differences.LOB.GL.Basis" value="displaykey.Web.Differences.LOB.GL.BasisValue(VALUE, ENTITY.EffectiveDate.ShortFormat, ENTITY.ExpirationDate.ShortFormat)"/>
        </Properties>
      </Entity>
      <Entity type="GLExposure" parentpath="ENTITY.Location" label="displaykey.Web.Differences.LOB.GL.ExposureDisplay(ENTITY.ClassCode.Code, ENTITY.ClassCode.Classification, ENTITY.EffectiveDate.ShortFormat, ENTITY.ExpirationDate.ShortFormat)" showchanges="false"/>
    </RootEntity>
  </Section>
  <Section label="displaykey.Web.Differences.LOB.GL.Clauses" sortorder="4">
    <RootEntity type="GeneralLiabilityCov" sortorder="1"/>
    <RootEntity type="GLLineScheduleCov">
        <Entity type="GLLineScheduleCovItem" parentpath="ENTITY.Schedule">
            <Entity type="GLLineSchCovItemCov" parentpath="ENTITY.GLLineScheduleCovItem"/>
        </Entity>
    </RootEntity>
    <RootEntity type="GeneralLiabilityCond" sortorder="2"/>
    <RootEntity type="GLLineScheduleCond">
        <Entity type="GLLineScheduleCondItem" parentpath="ENTITY.Schedule">
    </Entity>
    </RootEntity>
    <RootEntity type="GeneralLiabilityExcl" sortorder="3"/>
    <RootEntity type="GLLineScheduleExcl">
        <Entity type="GLLineScheduleExclItem" parentpath="ENTITY.Schedule">
      </Entity>
    </RootEntity>
    <RootEntity type="PolicyAddlInsured" label="displaykey.Web.Differences.LOB.Common.PolicyAddlInsured(ENTITY.DisplayName)" sortorder="4"/>
    <RootEntity type="PolicyAddlInsuredDetail" label="displaykey.Web.Differences.LOB.Common.PolicyAddlInsuredDetail(ENTITY.DisplayName, ENTITY.AdditionalInsuredType)" sortorder="5"/>
  </Section>
  <Section label="displaykey.Web.Differences.LOB.Common.Modifiers" sortorder="5">
    <RootEntity type="GLModifier">
      <Entity type="GLRateFactor" parentpath="ENTITY.GLModifier" />
    </RootEntity>
  </Section>
</DiffTree>
