<DiffTree xmlns:xsi="http://www.w3.org/2001/XMLSchema-instance" xsi:noNamespaceSchemaLocation="schema/difftree.xsd">
  <Section label="displaykey.Web.Differences.LOB.Common.PolicyInfo" sortorder="1">
    <RootProperties includefromtype="PolicyPeriod" sortorder="1"/>
    <RootProperties includefromtype="EffectiveDatedFields" sortorder="2">
      <PropertyDisplay propertyname="OfferingCode" value="ENTITY.getOfferingName(VALUE)"/>
    </RootProperties>
    <RootEntity type="PolicyPriNamedInsured" label="displaykey.Web.Differences.LOB.Common.PolicyPriNamedInsured(ENTITY.DisplayName)" sortorder="3"/>
    <RootEntity type="PolicySecNamedInsured" label="displaykey.Web.Differences.LOB.Common.PolicySecNamedInsured(ENTITY.DisplayName)" sortorder="4"/>
    <RootEntity type="PolicyAddlInterest" showadds="false" showremoves="false" label="displaykey.Web.Differences.LOB.Common.PolicyAddlInterest(ENTITY.DisplayName)" sortorder="5"/>
    <RootEntity type="PolicyAddress" label="displaykey.Web.Differences.LOB.Common.PolicyAddress(ENTITY.AddressType)" sortorder="6"/> 
  </Section>
  <Section label="displaykey.Web.Differences.LOB.PA.Drivers" sortorder="2">
    <RootEntity type="PolicyDriver" label="displaykey.Web.Differences.LOB.Common.PolicyDriver(ENTITY.DisplayName)">
      <Properties includefromtype="PolicyDriver" parentpath="ENTITY">
        <ExcludedProperty propertyname="QuickQuoteNumber"/>
        <PropertyDisplay propertyname="ExcludedInternal" label="displaykey.Web.Differences.LOB.PA.ExcludedLabel"/>
      </Properties>
    </RootEntity>
  </Section>
  <Section label="displaykey.Web.Differences.LOB.PA.Vehicles" sortorder="3">
    <RootEntity type="PersonalVehicle">
      <SubSection label="displaykey.Web.Differences.LOB.Common.Coverages" sortorder="1">
        <Entity type="PersonalVehicleCov" parentpath="ENTITY.PersonalVehicle"/>
      </SubSection>
      <SubSection label="displaykey.Web.Differences.LOB.Common.Modifiers" sortorder="2">
        <Entity type="PAVehicleModifier" parentpath="ENTITY.PAVehicle"/>
      </SubSection>
      <Properties includefromtype="PersonalVehicle" parentpath="ENTITY">
        <ExcludedProperty propertyname="QuickQuoteNumber"/>
      </Properties>
      <Entity type="VehicleDriver" parentpath="ENTITY.Vehicle" label="displaykey.Web.Differences.LOB.PA.AssignedDriver(ENTITY.DisplayName)" sortorder="3"/>
      <Entity type="PAVhcleAddlInterest" parentpath="ENTITY.PAVehicle" label="displaykey.Web.Differences.LOB.Common.PolicyAddlInterestDetail(ENTITY.DisplayName, ENTITY.AdditionalInterestType)" sortorder="4">
        <Properties includefromtype="PAVhcleAddlInterest" parentpath="ENTITY">
          <PropertyDisplay propertyname="AdditionalInterestType" />
        </Properties>
      </Entity>
    </RootEntity>
  </Section>
  <Section label="displaykey.Web.Differences.LOB.Common.LineCoverages" sortorder="4">
    <RootEntity type="PersonalAutoCov">
      <Entity parentpath="ENTITY" type="PersonalAutoCov" label="displaykey.Web.Differences.LOB.PA.Coverage(ENTITY.DisplayName)" sortorder="1"/>
    </RootEntity>
  </Section>
  <Section label="displaykey.Web.Differences.LOB.Common.LineExclusions" sortorder="5">
    <RootEntity type="PersonalAutoExcl" label="ENTITY.Pattern.Name"/>
  </Section>
  <Section label="displaykey.Web.Differences.LOB.Common.LineConditions" sortorder="6">
    <RootEntity type="PersonalAutoCond" label="ENTITY.Pattern.Name"/>
  </Section>
</DiffTree>
