<DiffTree xmlns:xsi="http://www.w3.org/2001/XMLSchema-instance" xsi:noNamespaceSchemaLocation="schema/difftree.xsd">
  <Section label="displaykey.Web.Differences.LOB.Common.PolicyInfo" sortorder="1">
      <RootProperties includefromtype="PolicyPeriod" sortorder="1">
          <PropertyDisplay propertyname="PeriodEnd" label="displaykey.Web.Differences.Review.LOB.WC7.Common.ExpirationDate" sortorder="1"/>
          <PropertyDisplay propertyname="ProducerName_Ext" label="displaykey.Web.Differences.Review.LOB.WC7.Common.ProducerName" sortorder="2"/>
          <PropertyDisplay propertyname="CustomerServiceRep_Ext" label="displaykey.Web.Differences.Review.LOB.WC7.Common.CSRepName" sortorder="3"/>
          <PropertyDisplay propertyname="CSRepEmail_Ext" label="displaykey.Web.Differences.Review.LOB.WC7.Common.CSRepEmail" sortorder="3"/>
          <PropertyDisplay propertyname="BusinessStartDate_Ext" label="displaykey.Web.Differences.Review.LOB.WC7.Common.YearsInBusiness"
                           value="displaykey.Web.Differences.Review.LOB.WC7.Common.YearsInBusinessValue(ENTITY.YearsInBusinessByPeriodStart_Ext as String)" sortorder="4"/>
          <PropertyDisplay propertyname="SicNaicsCode_Ext" label="displaykey.Ext.Web.SicNaicsCode"
                           value="displaykey.Ext.Web.SicNaicsCodeDiff(ENTITY.SicNaicsCode_Ext.NaicsCode.Code,ENTITY.SicNaicsCode_Ext.NaicsCode.Description,ENTITY.SicNaicsCode_Ext.SicCode.Code,ENTITY.SicNaicsCode_Ext.SicCode.Description)" sortorder="5"/>
          <PropertyDisplay propertyname="FTQualificationInd_Ext" label="displaykey.Ext.Job.Renewal.FastTrackQual" sortorder="6"/>
          <PropertyDisplay propertyname="StaffingPolicyInd_Ext" label="displaykey.Ext.PolicyPeriod.StaffingPolicyIndicator" sortorder="7"/>
      </RootProperties>
<!--    <RootEntity type="SicNaicsCrossRef_Ext" sortorder="7">
        <Properties includefromtype="SicCode_Ext" parentpath="ENTITY" sortorder="1"/>
        <Properties includefromtype="NaicsCode_Ext" parentpath="ENTITY" sortorder="2"/>
    </RootEntity>-->

    <RootEntity type="PolicyPriNamedInsured" label="displaykey.Web.Differences.LOB.Common.PolicyPriNamedInsured(ENTITY.DisplayName)" sortorder="2"/>
    <RootEntity type="PolicyAddlNamedInsured" label="displaykey.Web.Differences.LOB.Common.PolicyAddlNamedInsured(ENTITY.DisplayName)" sortorder="3"/>
    <RootEntity type="PolicyBillingContact" label="displaykey.Web.Differences.LOB.Common.PolicyBillingContact(ENTITY.DisplayName)" sortorder="4"/>
    <RootEntity type="PolicyAddress" label="displaykey.Web.Differences.LOB.Common.PolicyAddress(ENTITY.AddressType)" sortorder="5"/>
    <RootProperties includefromtype="EffectiveDatedFields" sortorder="6">
        <PropertyDisplay propertyname="ProducerCode" label="displaykey.Web.Differences.Review.LOB.WC7.Common.ServicingAgency" value="displaykey.Web.Differences.LOB.WC.Producer(ENTITY.ProducerCode.Code, ENTITY.ProducerCode.Description)" sortorder="1"/>
        <PropertyDisplay propertyname="DescriptionOfOperations_Ext" label ="displaykey.Web.Policy.Account.WC.BusOps" sortorder="2"/>
    </RootProperties>
  </Section>
  <Section label="displaykey.Web.Differences.LOB.Common.Locations" sortorder="2">
    <RootEntity type="PolicyLocation">
        <Properties includefromtype="PolicyLocation" parentpath="ENTITY" sortorder="1">
            <ExcludedProperty propertyname="LocationNum"/>
         </Properties>
      <Entity type="LocationNamedInsured" parentpath="ENTITY.Location" label="displaykey.Web.Differences.LOB.WC.LocationNamedInsured(ENTITY.DisplayName)" sortorder="2"/>
    </RootEntity>
  </Section>
    <Section label="displaykey.Web.Differences.LOB.WC.Clauses" sortorder="3">
        <RootEntity type="WC7WorkersCompCov" sortorder="1" showadds="false">
            <Entity type="WC7MaritimeCoveredEmployee" parentpath="ENTITY.MaritimeCoverage" label="displaykey.Web.Differences.LOB.WC7.MaritimeCoveredEmployee(ENTITY.DisplayName)" showadds="false" showremoves="false">
                <Properties includefromtype="WC7MaritimeCoveredEmployee" parentpath="ENTITY">
                    <PropertyDisplay propertyname="ClassCode" label="displaykey.Web.Differences.LOB.WC7.ClassCode" value="displaykey.Web.Differences.LOB.WC.CoveredEmpValue(VALUE, ENTITY.EffectiveDate.ShortFormat, ENTITY.ExpirationDate.ShortFormat)" sortorder="1"/>
                    <PropertyDisplay propertyname="BasisAmount" label="displaykey.Web.Differences.LOB.WC.Basis" value="displaykey.Web.Differences.LOB.WC.CoveredEmpValue(VALUE!=null ? VALUE :0, ENTITY.EffectiveDate.ShortFormat, ENTITY.ExpirationDate.ShortFormat)" sortorder="2"/>
                    <PropertyDisplay propertyname="IfAnyExposure" label="displaykey.Web.Differences.LOB.WC.IfAny" value="displaykey.Web.Differences.LOB.WC.CoveredEmpValue(VALUE, ENTITY.EffectiveDate.ShortFormat, ENTITY.ExpirationDate.ShortFormat)" sortorder="3"/>
                    <PropertyDisplay propertyname="NumEmployees" label="displaykey.Web.Differences.LOB.WC.NumEmployees" value="displaykey.Web.Differences.LOB.WC.CoveredEmpValue(VALUE, ENTITY.EffectiveDate.ShortFormat, ENTITY.ExpirationDate.ShortFormat)" sortorder="4"/>
                </Properties>
            </Entity>
            <Entity type="WC7MaritimeCoveredEmployee" parentpath="ENTITY.MaritimeCoverage" label="displaykey.Web.Differences.LOB.WC.CoveredEmployee(ENTITY.DisplayName, ENTITY.EffectiveDate.ShortFormat, ENTITY.ExpirationDate.ShortFormat)" showchanges="false"/>
            <Entity type="WC7FedCoveredEmployee" parentpath="ENTITY.FedEmpLiabCoverage" label="displaykey.Web.Differences.LOB.WC7.FedCoveredEmployee(ENTITY.DisplayName)" showadds="false" showremoves="false">
                <Properties includefromtype="WC7FedCoveredEmployee" parentpath="ENTITY">
                    <PropertyDisplay propertyname="ClassCode" label="displaykey.Web.Differences.LOB.WC7.ClassCode" value="displaykey.Web.Differences.LOB.WC.CoveredEmpValue(VALUE, ENTITY.EffectiveDate.ShortFormat, ENTITY.ExpirationDate.ShortFormat)" sortorder="1"/>
                    <PropertyDisplay propertyname="BasisAmount" label="displaykey.Web.Differences.LOB.WC.Basis" value="displaykey.Web.Differences.LOB.WC.CoveredEmpValue(VALUE!=null ? VALUE :0, ENTITY.EffectiveDate.ShortFormat, ENTITY.ExpirationDate.ShortFormat)" sortorder="2"/>
                    <PropertyDisplay propertyname="IfAnyExposure" label="displaykey.Web.Differences.LOB.WC.IfAny" value="displaykey.Web.Differences.LOB.WC.CoveredEmpValue(VALUE, ENTITY.EffectiveDate.ShortFormat, ENTITY.ExpirationDate.ShortFormat)" sortorder="3"/>
                    <PropertyDisplay propertyname="NumEmployees" label="displaykey.Web.Differences.LOB.WC.NumEmployees" value="displaykey.Web.Differences.LOB.WC.CoveredEmpValue(VALUE, ENTITY.EffectiveDate.ShortFormat, ENTITY.ExpirationDate.ShortFormat)" sortorder="4"/>
                </Properties>
            </Entity>
            <Entity type="WC7FedCoveredEmployee" parentpath="ENTITY.FedEmpLiabCoverage" label="displaykey.Web.Differences.LOB.WC.CoveredEmployee(ENTITY.DisplayName, ENTITY.EffectiveDate.ShortFormat, ENTITY.ExpirationDate.ShortFormat)" showchanges="false"/>
        </RootEntity>
        <RootEntity type="WC7VoluntaryMaritime_Ext" label="displaykey.Web.Differences.LOB.WC7.VoluntaryMaritime"/>
        <RootEntity type="WC7LineScheduleCov" sortorder="1">
            <Entity type="WC7LineScheduleCovItem" parentpath="ENTITY.Schedule"/>
        </RootEntity>
        <RootEntity type="WC7WorkersCompCond" sortorder="2">
            <Entity type="WC7AircraftSeat" parentpath="ENTITY.AircraftSeatCondition" 	            label="displaykey.Web.Differences.LOB.WC7.AircraftSeat(ENTITY.DisplayName)"/>
            <Entity type="WC7ContactDetail" parentpath="ENTITY.LaborContactCondition"
                    label="displaykey.Web.Differences.LOB.WC7.Contact(ENTITY.DisplayName)"/>
            <Entity type="WC7IncludedLaborContactDetail" parentpath="ENTITY.LaborContactCondition"
                    label="ENTITY.WC7LaborContact typeis WC7PolicyLaborClient ?
                                            displaykey.Web.Differences.LOB.WC7.LaborClient(ENTITY.DisplayName) :
                                            displaykey.Web.Differences.LOB.WC7.LaborContractor(ENTITY.DisplayName)"/>
            <Entity type="WC7CoordinatedPolicy" parentpath="ENTITY.MultipleCoordindatedPolicyCond" label="displaykey.Web.Differences.LOB.WC7.MultipleCoordinatedPolicy(ENTITY.DisplayName)"/>
            <Entity type="WC7IncludedOwnerOfficer" parentpath="ENTITY.OwnerOfficerCondition" label="displaykey.Web.Differences.LOB.WC7.OwnerOfficer(ENTITY.DisplayName)">
                <Properties includefromtype="WC7IncludedOwnerOfficer" parentpath="ENTITY">
                    <PropertyDisplay propertyname="RelationshipTitleInternal" label="displaykey.Web.Differences.LOB.WC7.OwnerOfficer.SoleProp.RelationshipTitle" sortorder="5"/>
                    <PropertyDisplay propertyname="Duties_Ext" label="displaykey.Web.Differences.LOB.WC7.OwnerOfficer.SoleProp.Duties" sortorder="8"/>
                    <PropertyDisplay propertyname="TitleOther_Ext" label="displaykey.Web.Differences.LOB.WC7.OwnerOfficer.SoleProp.TitleOther" sortorder="6"/>
                    <PropertyDisplay propertyname="WC7ClassCode" label="displaykey.Web.Differences.LOB.WC7.OwnerOfficer.SoleProp.ClassCode" sortorder="4"/>
                    <PropertyDisplay propertyname="WC7OwnershipPct" label="displaykey.Web.Differences.LOB.WC7.OwnerOfficer.SoleProp.WC7OwnershipPct" sortorder="7"/>
                </Properties>
            </Entity>
            <Entity type="WC7BlanketNOMC_Ext" parentpath="ENTITY.WC7BlanketNOMCCond"
                    label="displaykey.Web.Differences.LOB.WC7.NOMC.Blanket(ENTITY.Schedule, ENTITY.EffectiveDate.ShortFormat, ENTITY.ExpirationDate.ShortFormat)"/>
            <Entity type="WC7SpecificNOMC_Ext" parentpath="ENTITY.WC7SpecificNOMCCond"
                    label="ENTITY.Location.Name1 != null ? displaykey.Web.Differences.LOB.WC7.NOMC.Specific(ENTITY.Location.Name1, ENTITY.EffectiveDate.ShortFormat, ENTITY.ExpirationDate.ShortFormat)
                                                     : displaykey.Web.Differences.LOB.WC7.NOMC.Specific2(ENTITY.EffectiveDate.ShortFormat)">
                <Properties includefromtype="WC7NOMCLocation_Ext" parentpath="ENTITY.WC7SpecificNOMC_Ext" sortorder="2">
                    <PropertyDisplay propertyname="AddressLine1" label="displaykey.Web.Differences.LOB.WC7.NOMC.Address" sortorder="4"/>
                    <PropertyDisplay propertyname="AddressLine2" label="displaykey.Web.Differences.LOB.WC7.NOMC.Address2" sortorder="5"/>
                    <PropertyDisplay propertyname="Name1" label="displaykey.Web.Differences.LOB.WC7.NOMC.Name1" sortorder="1"/>
                    <PropertyDisplay propertyname="Name2" label="displaykey.Web.Differences.LOB.WC7.NOMC.Name2" sortorder="2"/>
                    <PropertyDisplay propertyname="Attention" label="displaykey.Web.Differences.LOB.WC7.AttnLabel" sortorder="3"/>
                    <PropertyDisplay propertyname="City" sortorder="6"/>
                    <PropertyDisplay propertyname="State" sortorder="7"/>
                    <PropertyDisplay propertyname="PostalCode" label="displaykey.Web.Differences.LOB.WC7.PEOClientEndr.PostalCode" sortorder="8"/>
                </Properties>
            </Entity>
            <Entity type="WC7WaiverOfSubro" parentpath="ENTITY.WaiverCondition" label="ENTITY.Type == WC7WaiverOfSubrogation.TC_BLANKET ?
                displaykey.Web.Differences.LOB.WC7.WaiverOfSubro(ENTITY.DisplayName) :
                displaykey.Web.Differences.LOB.WC7.WaiverOfSubro.Specific(ENTITY.DisplayName, ENTITY.PersonOrOrg)"
                    showadds="true" showremoves="false">
                <Properties includefromtype="WC7WaiverOfSubro" parentpath="ENTITY">
                    <PropertyDisplay propertyname="ClassCode" label="displaykey.Web.Differences.LOB.WC7.ClassCode" value="displaykey.Web.Differences.LOB.WC7.WaiverSubroPropWithDates(VALUE, ENTITY.EffectiveDate.ShortFormat, ENTITY.ExpirationDate.ShortFormat)" sortorder="1"/>
                    <PropertyDisplay propertyname="BasisAmount" label="displaykey.Web.Differences.LOB.WC7.Basis" value="displaykey.Web.Differences.LOB.WC7.WaiverSubroPropWithDates(VALUE!=null ? VALUE :0, ENTITY.EffectiveDate.ShortFormat, ENTITY.ExpirationDate.ShortFormat)" sortorder="2"/>
                    <PropertyDisplay propertyname="Description" label="displaykey.Web.Differences.LOB.WC7.Description" sortorder="3"/>
                    <PropertyDisplay propertyname="NumEmployees" label="displaykey.Web.Differences.LOB.WC7.JobID" value="displaykey.Web.Differences.LOB.WC7.WaiverSubroPropWithDates(VALUE, ENTITY.EffectiveDate.ShortFormat, ENTITY.ExpirationDate.ShortFormat)" sortorder="4"/>
                    <PropertyDisplay propertyname="GoverningLaw" label="displaykey.Web.Differences.LOB.WC7.GovLaw" value="displaykey.Web.Differences.LOB.WC7.WaiverSubroPropWithDates(VALUE, ENTITY.EffectiveDate.ShortFormat, ENTITY.ExpirationDate.ShortFormat)" sortorder="5"/>
                </Properties>
            </Entity>
            <Entity type="WC7WaiverOfSubro" parentpath="ENTITY.WaiverCondition" label="displaykey.Web.Differences.LOB.WC7.WaiverSubroEntityWithDates(ENTITY.DisplayName, ENTITY.EffectiveDate.ShortFormat, ENTITY.ExpirationDate.ShortFormat)" showadds="false" showchanges="false"/>
            <Entity type="WC7AdvNOCProfEmpOrg_Ext" parentpath="ENTITY.WC7AdvNOCCond"
                    label="displaykey.Web.Differences.LOB.WC7.AdvNOCToPEO(ENTITY.EffectiveDate.ShortFormat, ENTITY.ExpirationDate.ShortFormat)" showadds="false" showremoves="false">
                <Properties includefromtype="WC7AdvNOCLocation_Ext" parentpath="ENTITY.WC7AdvNOCPRofEmpOrg_Ext" sortorder="2">
                    <PropertyDisplay propertyname="Name1" label="displaykey.Web.Differences.LOB.WC7.AdvNOCToPEO.Name1" sortorder="1"/>
                    <PropertyDisplay propertyname="Name2" label="displaykey.Web.Differences.LOB.WC7.AdvNOCToPEO.Name2" sortorder="2"/>
                    <PropertyDisplay propertyname="Attention" label="displaykey.Web.Differences.LOB.WC7.AttnLabel" sortorder="3"/>
                    <PropertyDisplay propertyname="AddressLine1" label="displaykey.Web.Differences.LOB.WC7.AdvNOCToPEO.AddressLine1" sortorder="4"/>
                    <PropertyDisplay propertyname="AddressLine2" label="displaykey.Web.Differences.LOB.WC7.AdvNOCToPEO.AddressLine2" sortorder="5"/>
                    <PropertyDisplay propertyname="City" sortorder="6"/>
                    <PropertyDisplay propertyname="State" sortorder="7"/>
                    <PropertyDisplay propertyname="PostalCode" label="displaykey.Web.Differences.LOB.WC7.AdvNOCToPEO.PostalCode" sortorder="8"/>
                    <PropertyDisplay propertyname="Country" sortorder="9"/>
                </Properties>
            </Entity>
            <Entity type="WC7PEOClientEndors_Ext" parentpath="ENTITY.WC7PEOClientEndCond"
                    label="displaykey.Web.Differences.LOB.WC7.PEOClientEndr(ENTITY.EffectiveDate.ShortFormat, ENTITY.ExpirationDate.ShortFormat)" showadds="false" showremoves="false">
                <Properties includefromtype="WC7PEOClientEndrsAddr_Ext" parentpath="ENTITY.WC7PEOClientEndors_Ext">
                    <PropertyDisplay propertyname="Name1" label="displaykey.Web.Differences.LOB.WC7.PEOClientEndr.Name1" sortorder="1"/>
                    <PropertyDisplay propertyname="Name2" sortorder="2"/>
                    <PropertyDisplay propertyname="Attention" label="displaykey.Web.Differences.LOB.WC7.AttnLabel" sortorder="3"/>
                    <PropertyDisplay propertyname="AddressLine1" label="displaykey.Web.Differences.LOB.WC7.PEOClientEndr.AddressLine1" sortorder="4"/>
                    <PropertyDisplay propertyname="AddressLine2" label="displaykey.Web.Differences.LOB.WC7.PEOClientEndr.AddressLine2" sortorder="5"/>
                    <PropertyDisplay propertyname="City" sortorder="6"/>
                    <PropertyDisplay propertyname="State" sortorder="7"/>
                    <PropertyDisplay propertyname="PostalCode" label="displaykey.Web.Differences.LOB.WC7.PEOClientEndr.PostalCode" sortorder="8"/>
                </Properties>
            </Entity>
        </RootEntity>
        <RootEntity type="WC7LineScheduleCond" sortorder="2">
            <Entity type="WC7LineScheduleCondItem" parentpath="ENTITY.Schedule" label="displaykey.Web.Differences.LOB.WC7.LineScheduleCond(ENTITY.DisplayName)" showadds="true">
            </Entity>
        </RootEntity>
        <RootEntity type="WC7WorkersCompExcl" sortorder="3">
            <Entity type="WC7ExcludedWorkplace" parentpath="ENTITY.DesignatedWorkplacesExcl" label="displaykey.Web.Differences.LOB.WC7.ExcludedWorkplace(ENTITY.DisplayName)">
                <Properties includefromtype="WC7ExcludedWorkplace" parentpath="ENTITY">
                    <PropertyDisplay propertyname="ExcludedItem" sortorder="1"/>
                    <PropertyDisplay propertyname="Carrier_Ext" label="displaykey.Web.Differences.LOB.WC7.OwnerOfficer.DesignatedWorkPlace.Carrier" sortorder="3"/>
                    <PropertyDisplay propertyname="Jurisdiction" label="displaykey.Web.Differences.LOB.WC7.OwnerOfficer.DesignatedWorkPlace.State" sortorder="2"/>
                    <PropertyDisplay propertyname="PolicyEffectiveDate_Ext" label="displaykey.Web.Differences.LOB.WC7.OwnerOfficer.DesignatedWorkPlace.PolicyEffDate" sortorder="5"/>
                    <PropertyDisplay propertyname="PolicyExpirationDate_Ext" label="displaykey.Web.Differences.LOB.WC7.OwnerOfficer.DesignatedWorkPlace.PolicyExpDate" sortorder="6"/>
                    <PropertyDisplay propertyname="PolicyNumber_Ext" label="displaykey.Web.Differences.LOB.WC7.OwnerOfficer.DesignatedWorkPlace.PolicyNumber" sortorder="4"/>
                </Properties>
            </Entity>
            <Entity type="WC7ExcludedLaborContactDetail" parentpath="ENTITY.LaborContactExclusion"
                    label="ENTITY.WC7LaborContact typeis WC7PolicyLaborClient ?
                                            displaykey.Web.Differences.LOB.WC7.LaborClient(ENTITY.DisplayName) :
                                            displaykey.Web.Differences.LOB.WC7.LaborContractor(ENTITY.DisplayName)"/>
            <Entity type="WC7ExcludedOwnerOfficer" parentpath="ENTITY.OwnerOfficerExclusion" label="displaykey.Web.Differences.LOB.WC7.OwnerOfficer(ENTITY.DisplayName)">
                <Properties includefromtype="WC7ExcludedOwnerOfficer" parentpath="ENTITY">
                    <PropertyDisplay propertyname="RelationshipTitleInternal" label="displaykey.Web.Differences.LOB.WC7.OwnerOfficer.Partnersofficers.RelationshipTitle" sortorder="4"/>
                    <PropertyDisplay propertyname="Duties_Ext" label="displaykey.Web.Differences.LOB.WC7.OwnerOfficer.Partnersofficers.Duties" sortorder="5"/>
                    <PropertyDisplay propertyname="TitleOther_Ext" label="displaykey.Web.Differences.LOB.WC7.OwnerOfficer.Partnersofficers.TitleOther" sortorder="6"/>
                    <PropertyDisplay propertyname="WC7OwnershipPct" label="displaykey.Web.Differences.LOB.WC7.OwnerOfficer.Partnersofficers.WC7OwnershipPct" sortorder="7"/>
                </Properties>
            </Entity>
            <Entity type="WC7TXExclEndDirEmp_Ext" parentpath="ENTITY.TXEmpExclDirEmpExcl"
                    label="displaykey.Web.Differences.LOB.WC7.TXCovEmpExcl(ENTITY.EffectiveDate.ShortFormat, ENTITY.ExpirationDate.ShortFormat)" showadds="false" showremoves="false">
                <Properties includefromtype="WC7TXExclEndDirEmpAddr" parentpath="ENTITY.WC7TXExclEndDirEmp_Ext">
                    <PropertyDisplay propertyname="Name1" label="displaykey.Web.Differences.LOB.WC7.TXCovEmpExcl.Name1" sortorder="1"/>
                    <PropertyDisplay propertyname="Name2" sortorder="2"/>
                    <PropertyDisplay propertyname="Attention" label="displaykey.Web.Differences.LOB.WC7.AttnLabel" sortorder="3"/>
                    <PropertyDisplay propertyname="AddressLine1" label="displaykey.Web.Differences.LOB.WC7.TXCovEmpExcl.AddressLine1" sortorder="4"/>
                    <PropertyDisplay propertyname="AddressLine2" label="displaykey.Web.Differences.LOB.WC7.TXCovEmpExcl.AddressLine2" sortorder="5"/>
                    <PropertyDisplay propertyname="City" sortorder="6"/>
                    <PropertyDisplay propertyname="State" sortorder="7"/>
                    <PropertyDisplay propertyname="PostalCode" label="displaykey.Web.Differences.LOB.WC7.TXCovEmpExcl.PostalCode" sortorder="8"/>
                    <PropertyDisplay propertyname="Country" sortorder="9"/>
                </Properties>
            </Entity>
        </RootEntity>
        <RootEntity type="WC7LineScheduleExcl" sortorder="3">
            <Entity type="WC7LineScheduleExclItem" parentpath="ENTITY.Schedule"/>
        </RootEntity>
    </Section>
  <Section label="displaykey.Web.Differences.LOB.WC.Jurisdictions" sortorder="4">
    <RootEntity type="WC7CoveredEmployee" label="displaykey.Ext.Web.Differences.LOB.WC.CoveredEmployee(ENTITY.DisplayName, ENTITY.EffectiveDate.ShortFormat, ENTITY.ExpirationDate.ShortFormat, ENTITY.BasisAmount)" sortorder="10">
    </RootEntity>
    <RootEntity type="WC7Jurisdiction">
      <Properties includefromtype="WC7Jurisdiction" parentpath="ENTITY">
        <PropertyDisplay propertyname="AnniversaryDateInternal" label="displaykey.Ext.Web.Differences.LOB.WC.RatingEffectiveDate" sortorder="4"/>
          <PropertyDisplay propertyname="RatingTierFactor_Ext" label="displaykey.Ext.Web.Differences.LOB.WC.RateTier" value="displaykey.Web.Differences.LOB.WC.RateTierValue(VALUE.setScale(2))" sortorder="1"/>
          <PropertyDisplay propertyname="SafetyGroupException_Ext" label="displaykey.Ext.Web.Differences.LOB.WC.SafetyGroupException" sortorder="2"/>
          <PropertyDisplay propertyname="SafetyGroupId_Ext" label="displaykey.Ext.Web.Differences.LOB.WC.SafetyGroupID" sortorder="3"/>
          <PropertyDisplay propertyname="SafetyGroupName_Ext" label="displaykey.Ext.Web.Differences.LOB.WC.SafetyGroupName" sortorder="4"/>

      </Properties>
      <SubSection label="displaykey.Web.Differences.LOB.WC.CoveredEmployees" sortorder="2">
        <Entity type="WC7CoveredEmployee" parentpath="ENTITY.Jurisdiction" showadds="false" showremoves="false">
          <Properties includefromtype="WC7CoveredEmployee" parentpath="ENTITY">
            <PropertyDisplay propertyname="ClassCode" label="displaykey.Web.Differences.LOB.WC7.ClassCode" value="displaykey.Web.Differences.LOB.WC.CoveredEmpValue(VALUE, ENTITY.EffectiveDate.ShortFormat, ENTITY.ExpirationDate.ShortFormat)" sortorder="1"/>
            <PropertyDisplay propertyname="BasisAmount" label="displaykey.Web.Differences.LOB.WC.Basis" value="displaykey.Web.Differences.LOB.WC.CoveredEmpValue(VALUE!=null ? VALUE :0, ENTITY.EffectiveDate.ShortFormat, ENTITY.ExpirationDate.ShortFormat)" sortorder="2"/>
            <PropertyDisplay propertyname="IfAnyExposure" label="displaykey.Web.Differences.LOB.WC.IfAny" value="displaykey.Web.Differences.LOB.WC.CoveredEmpValue(VALUE, ENTITY.EffectiveDate.ShortFormat, ENTITY.ExpirationDate.ShortFormat)" sortorder="3"/>
            <PropertyDisplay propertyname="NumEmployees" label="displaykey.Web.Differences.LOB.WC.NumEmployees" value="displaykey.Web.Differences.LOB.WC.CoveredEmpValue(VALUE, ENTITY.EffectiveDate.ShortFormat, ENTITY.ExpirationDate.ShortFormat)" sortorder="4"/>
            <PropertyDisplay propertyname="GoverningLaw" label="displaykey.Web.Differences.LOB.WC.GovLaw" value="displaykey.Web.Differences.LOB.WC.CoveredEmpValue(VALUE, ENTITY.EffectiveDate.ShortFormat, ENTITY.ExpirationDate.ShortFormat)" sortorder="5"/>
            <!-- TMI_CHANGES[START] -->
            <PropertyDisplay propertyname="NumOfficersOwners_Ext" label="displaykey.Web.Policy.WC.CovEmp.NumOfficersOwners" value="VALUE != null ? displaykey.Web.Differences.LOB.WC.CoveredEmpValue(VALUE, ENTITY.EffectiveDate.ShortFormat, ENTITY.ExpirationDate.ShortFormat) : &quot;&quot;" sortorder="6"/>
            <!-- TMI_CHANGES[END] -->
          </Properties>
        </Entity>
       <!-- <Entity type="WC7CoveredEmployee" parentpath="ENTITY.Jurisdiction" label="displaykey.Ext.Web.Differences.LOB.WC.CoveredEmployee(ENTITY.DisplayName, ENTITY.EffectiveDate.ShortFormat, ENTITY.ExpirationDate.ShortFormat, ENTITY.BasisAmount)" showchanges="false"/>-->
      </SubSection>
      <SubSection label="displaykey.Web.Differences.LOB.WC7.SupplementaryDisease" sortorder="3">
        <Entity type="WC7SupplDiseaseExposure" parentpath="ENTITY.Jurisdiction" showadds="false" showremoves="false">
          <Properties includefromtype="WC7SupplDiseaseExposure" parentpath="ENTITY">
            <PropertyDisplay propertyname="DiseaseCode" label="displaykey.Web.Differences.LOB.WC7.DiseaseCode" value="displaykey.Web.Differences.LOB.WC7.SupplementaryDiseasePropWithDates(VALUE, ENTITY.EffectiveDate.ShortFormat, ENTITY.ExpirationDate.ShortFormat)" sortorder="1"/>
            <PropertyDisplay propertyname="BasisAmount" label="displaykey.Web.Differences.LOB.WC7.Basis" value="displaykey.Web.Differences.LOB.WC7.SupplementaryDiseasePropWithDates(VALUE!=null ? VALUE :0, ENTITY.EffectiveDate.ShortFormat, ENTITY.ExpirationDate.ShortFormat)" sortorder="2"/>
            <PropertyDisplay propertyname="IfAnyExposure" label="displaykey.Web.Differences.LOB.WC7.IfAny" value="displaykey.Web.Differences.LOB.WC7.SupplementaryDiseasePropWithDates(VALUE, ENTITY.EffectiveDate.ShortFormat, ENTITY.ExpirationDate.ShortFormat)" sortorder="3"/>
          </Properties>
        </Entity>
        <Entity type="WC7SupplDiseaseExposure" parentpath="ENTITY.Jurisdiction" label="displaykey.Web.Differences.LOB.WC7.SupplementaryDiseaseEntityWithDates(ENTITY.DisplayName, ENTITY.EffectiveDate.ShortFormat, ENTITY.ExpirationDate.ShortFormat)" showchanges="false"/>
      </SubSection>
      <SubSection label="displaykey.Web.Differences.LOB.WC7.AtomicEnergy" sortorder="4">
         <Entity type="WC7AtomicEnergyExposure" parentpath="ENTITY.Jurisdiction" showadds="false" showremoves="false">
               <Properties includefromtype="WC7AtomicEnergyExposure" parentpath="ENTITY">
                 <PropertyDisplay propertyname="ClassCode" label="displaykey.Web.Differences.LOB.WC7.ClassCode" value="displaykey.Web.Differences.LOB.WC7.AtomicEnergyPropWithDates(VALUE, ENTITY.EffectiveDate.ShortFormat, ENTITY.ExpirationDate.ShortFormat)" sortorder="1"/>
                 <PropertyDisplay propertyname="BasisAmount" label="displaykey.Web.Differences.LOB.WC7.Basis" value="displaykey.Web.Differences.LOB.WC7.AtomicEnergyPropWithDates(VALUE!=null ? VALUE :0, ENTITY.EffectiveDate.ShortFormat, ENTITY.ExpirationDate.ShortFormat)" sortorder="2"/>
                 <PropertyDisplay propertyname="IfAnyExposure" label="displaykey.Web.Differences.LOB.WC7.IfAny" value="displaykey.Web.Differences.LOB.WC7.AtomicEnergyPropWithDates(VALUE, ENTITY.EffectiveDate.ShortFormat, ENTITY.ExpirationDate.ShortFormat)" sortorder="3"/>
               </Properties>
             </Entity>
             <Entity type="WC7AtomicEnergyExposure" parentpath="ENTITY.Jurisdiction" label="displaykey.Web.Differences.LOB.WC7.AtomicEnergyEntityWithDates(ENTITY.DisplayName, ENTITY.EffectiveDate.ShortFormat, ENTITY.ExpirationDate.ShortFormat)" showchanges="false"/>
      </SubSection>
      <SubSection label="displaykey.Web.Differences.LOB.Common.Coverages" sortorder="5">
        <Entity type="WC7JurisdictionCov" parentpath="ENTITY.WC7Jurisdiction" showadds="false" showremoves="false">
        <!-- TODO WC7 Coverage
        <Properties includefromtype="WC7JurisdictionCov" parentpath="ENTITY">
            <PropertyDisplay propertyname="ChoiceTerm1" label="displaykey.Web.Differences.LOB.WC.Deductible" value="VALUE != null ? displaykey.Web.Differences.LOB.WC.DeductibleValue(ENTITY.getCovTerm(&quot;WCDeductible&quot;).DisplayValue, ENTITY.EffectiveDate.ShortFormat, ENTITY.ExpirationDate.ShortFormat) : &quot;&quot;"/>
          </Properties>
         -->
        </Entity>
        <Entity type="WC7JurisdictionCov" parentpath="ENTITY.WC7Jurisdiction" label="displaykey.Web.Differences.LOB.WC.WCStateCov(ENTITY.DisplayName, ENTITY.EffectiveDate.ShortFormat, ENTITY.ExpirationDate.ShortFormat)" showchanges="false"/>
      </SubSection>
      <SubSection label="displaykey.Web.Differences.LOB.Common.Modifiers" sortorder="6">
        <Entity type="WC7Modifier" parentpath="ENTITY.WC7Jurisdiction" showadds="false" showremoves="false">
          <Properties includefromtype="WC7Modifier" parentpath="ENTITY">
            <PropertyDisplay propertyname="RateModifier" label="displaykey.Ext.Web.Differences.LOB.WC.RateModifer(ENTITY.DisplayName)" value="VALUE != null ? displaykey.Web.Differences.LOB.WC.RateModifierValue(VALUE.setScale(2), ENTITY.EffectiveDate.ShortFormat, ENTITY.ExpirationDate.ShortFormat) : &quot;&quot;" sortorder="1"/>
            <PropertyDisplay propertyname="DateModifier" label="displaykey.Web.Differences.LOB.WC.DateModifier" value="VALUE != null ? displaykey.Web.Differences.LOB.WC.DateModifierValue(VALUE, ENTITY.EffectiveDate.ShortFormat, ENTITY.ExpirationDate.ShortFormat): &quot;&quot;" sortorder="2"/>
            <!--TMI CHANGES [START]-->
            <PropertyDisplay propertyname="TypeKeyModifier" label="ENTITY.Pattern.Name"
                             value="VALUE != null ?
                             VALUE == typekey.WC7TMIPISEType.TC_00.Code ? typekey.WC7TMIPISEType.TC_00.Description :
                             VALUE == typekey.WC7TMIPISEType.TC_01.Code ? typekey.WC7TMIPISEType.TC_01.Description :
                             VALUE == typekey.WC7TMIPISEType.TC_02.Code ? typekey.WC7TMIPISEType.TC_02.Description :
                             VALUE == typekey.WC7TMIPISEType.TC_03.Code ? typekey.WC7TMIPISEType.TC_03.Description :
                             VALUE == typekey.WC7TMIPISEType.TC_04.Code ? typekey.WC7TMIPISEType.TC_04.Description : VALUE
                             : &quot;&quot;"
                             sortorder="3"/>
              <!--TMI CHANGES [END]-->
            <PropertyDisplay propertyname="BooleanModifier" label="displaykey.Web.Differences.LOB.WC.BooleanModifier" value="VALUE != null ? displaykey.Web.Differences.LOB.WC.BooleanModifierValue(VALUE, ENTITY.EffectiveDate.ShortFormat, ENTITY.ExpirationDate.ShortFormat): &quot;&quot;" sortorder="4"/>
            <PropertyDisplay propertyname="ValueFinal" label="displaykey.Web.Differences.LOB.WC.ValueFinal" value="VALUE != null ? displaykey.Web.Differences.LOB.WC.ValueFinalValue(VALUE, ENTITY.EffectiveDate.ShortFormat, ENTITY.ExpirationDate.ShortFormat): &quot;&quot;" sortorder="5"/>
             <!--TMI_CHANGES[START] -->
             <PropertyDisplay propertyname="BureauID_Ext" label="displaykey.Ext.Web.Differences.LOB.WC.BureauID" value="VALUE != null ? displaykey.Ext.Web.Differences.LOB.WC.BureauValue(VALUE, ENTITY.EffectiveDate.ShortFormat, ENTITY.ExpirationDate.ShortFormat): &quot;&quot;" sortorder="6"/>
             <PropertyDisplay propertyname="Source_Ext" label="displaykey.Ext.Web.Differences.LOB.WC.Source" value="VALUE.Code != null ? displaykey.Web.Differences.LOB.WC.TypeKeyModifierValue(VALUE, ENTITY.EffectiveDate.ShortFormat, ENTITY.ExpirationDate.ShortFormat) : &quot;&quot;"  sortorder="7"/>
             <PropertyDisplay propertyname="Status_Ext" label="displaykey.Ext.Web.Differences.LOB.WC.Status" value="VALUE.Code != null ? displaykey.Web.Differences.LOB.WC.TypeKeyModifierValue(VALUE, ENTITY.EffectiveDate.ShortFormat, ENTITY.ExpirationDate.ShortFormat): &quot;&quot;" sortorder="8"/>
             <PropertyDisplay propertyname="PublishDate_Ext" label="displaykey.Ext.Web.Differences.LOB.WC.PublishDate" value="VALUE != null ? displaykey.Web.Differences.LOB.WC.DateModifierValue(VALUE, ENTITY.EffectiveDate.ShortFormat, ENTITY.ExpirationDate.ShortFormat): &quot;&quot;" sortorder="9"/>
            <!--TMI_CHANGES[END] -->
             <ExcludedProperty propertyname="Eligible"/>
          </Properties>
        </Entity>
        <Entity type="WC7Modifier" parentpath="ENTITY.WC7Jurisdiction" showadds="false" showremoves="false">
          <Entity type="WC7RateFactor" parentpath="ENTITY.WC7Modifier" sortorder="1"/>
        </Entity>
        <Entity type="WC7Modifier" parentpath="ENTITY.WC7Jurisdiction" label="displaykey.Web.Differences.LOB.WC.WCModifier(ENTITY.DisplayName, ENTITY.EffectiveDate.ShortFormat, ENTITY.ExpirationDate.ShortFormat)" showchanges="false"/>
      </SubSection>
    </RootEntity>
  </Section>
  <Section label="displaykey.Web.Differences.LOB.WC.WCOptions" sortorder="6">
      <!--<RootEntity type="WC7GnlChangeEndInfo_Ext" label="displaykey.Web.Differences.LOB.WC.GeneralChangeEndInfoEntityName" sortorder="13"/>-->
      <RootEntity type="WC7RetrospectiveRatingPlan" label="displaykey.Web.Differences.LOB.WC.RetrospectiveRating(ENTITY.DisplayName)" sortorder="10">
      <Entity type="WC7JurisdictionMultiplier" parentpath="ENTITY.WC7RetrospectiveRatingPlan" label="displaykey.Web.Differences.LOB.WC7.RRStateMultiplier(ENTITY.DisplayName)"/>
      <Entity type="WC7RetroRatingLetterOfCredit" parentpath="ENTITY.WC7RetrospectiveRatingPlan" label="displaykey.Web.Differences.LOB.WC7.RRLetterOfCredit(ENTITY.IssuerName)"/>
    </RootEntity>
    <RootEntity type="WC7ParticipatingPlan" label="displaykey.Web.Differences.LOB.WC.ParticipatingPlan(ENTITY.DisplayName)" sortorder="12"/>
    <RootProperties includefromtype="entity.WC7WorkersCompLine" sortorder="13">
      <ExcludedProperty propertyname="ParticipatingPlan"/>
      <ExcludedProperty propertyname="WC7GoverningClass"/>
      <ExcludedProperty propertyname="WC7HazardClass_Ext"/>
      <ExcludedProperty propertyname="WC7GnlChangeEndInfo_Ext"/>
      <PropertyDisplay propertyname="DoesNotQualifyDate_Ext" label ="displaykey.Ext.Web.Policy.Modifiers.DoesNotQualify" sortorder="2"/>
    </RootProperties>
  </Section>
  <!--TMI_CHANGES[START] -->
    <Section label="displaykey.Ext.Web.Differences.LOB.PEO.PEOClients" sortorder="7">
        <RootProperties includefromtype="PolicyPEOClientContact_Ext" sortorder="1"/>
        <RootEntity type="WC7PEOCoveredEmployee_Ext" label="displaykey.Ext.Web.Differences.LOB.WC.CoveredEmployee(ENTITY.DisplayName, ENTITY.EffectiveDate.ShortFormat, ENTITY.ExpirationDate.ShortFormat, ENTITY.BasisAmount)" sortorder="10">
        </RootEntity>
        <RootEntity type="PolicyPEOClientContact_Ext" label="displaykey.Ext.Web.Differences.LOB.PEO.PEOClient(ENTITY.CompanyName)" sortorder="2">
            <Properties includefromtype="PolicyPEOClientContact_Ext" parentpath="ENTITY" sortorder="1"/>
            <SubSection label="displaykey.Ext.Web.Differences.LOB.PEO.ClientModifier" sortorder="2">
                <Entity type="WC7PEOClientModifier_Ext" parentpath="ENTITY.PolicyPEOClientContact"/>
                <Properties includefromtype="WC7PEOClientModifier_Ext" parentpath="ENTITY.PolicyPEOClientContact">
                    <PropertyDisplay propertyname="UsePEOModifier_Ext" label="displaykey.Ext.Web.Differences.LOB.PEO.UsePEOModifier" sortorder="1"/>
                    <PropertyDisplay propertyname="Type_Ext" label="displaykey.Ext.Web.Differences.LOB.PEO.ModifierType" value="VALUE.Code != null ? displaykey.Web.Differences.LOB.WC.TypeKeyModifierValue(VALUE, ENTITY.EffectiveDate.ShortFormat, ENTITY.ExpirationDate.ShortFormat) : &quot;&quot;" sortorder="2"/>
                    <PropertyDisplay propertyname="RateModifier" label="displaykey.Ext.Web.Differences.LOB.WC.ExperienceRating" value="VALUE != null ? displaykey.Web.Differences.LOB.WC.RateModifierValue(VALUE, ENTITY.EffectiveDate.ShortFormat, ENTITY.ExpirationDate.ShortFormat) : &quot;&quot;" sortorder="3"/>
                    <PropertyDisplay propertyname="DateModifier" label="displaykey.Web.Differences.LOB.WC.DateModifier" value="VALUE != null ? displaykey.Web.Differences.LOB.WC.DateModifierValue(VALUE, ENTITY.EffectiveDate.ShortFormat, ENTITY.ExpirationDate.ShortFormat): &quot;&quot;" sortorder="4"/>
                    <PropertyDisplay propertyname="TypeKeyModifier" label="displaykey.Web.Differences.LOB.WC.TypeKeyModifier" value="VALUE != null ? displaykey.Web.Differences.LOB.WC.TypeKeyModifierValue(VALUE, ENTITY.EffectiveDate.ShortFormat, ENTITY.ExpirationDate.ShortFormat): &quot;&quot;" sortorder="5"/>
                    <PropertyDisplay propertyname="BooleanModifier" label="displaykey.Web.Differences.LOB.WC.BooleanModifier" value="VALUE != null ? displaykey.Web.Differences.LOB.WC.BooleanModifierValue(VALUE, ENTITY.EffectiveDate.ShortFormat, ENTITY.ExpirationDate.ShortFormat): &quot;&quot;" sortorder="6"/>
                    <PropertyDisplay propertyname="ValueFinal" label="displaykey.Web.Differences.LOB.WC.ValueFinal" value="VALUE != null ? displaykey.Web.Differences.LOB.WC.ValueFinalValue(VALUE, ENTITY.EffectiveDate.ShortFormat, ENTITY.ExpirationDate.ShortFormat): &quot;&quot;" sortorder="7"/>
                    <PropertyDisplay propertyname="BureauID_Ext" label="displaykey.Ext.Web.Differences.LOB.WC.BureauID" value="VALUE != null ? displaykey.Ext.Web.Differences.LOB.WC.BureauValue(VALUE, ENTITY.EffectiveDate.ShortFormat, ENTITY.ExpirationDate.ShortFormat): &quot;&quot;" sortorder="8"/>
                    <PropertyDisplay propertyname="Source_Ext" label="displaykey.Ext.Web.Differences.LOB.WC.Source" value="VALUE.Code != null ? displaykey.Web.Differences.LOB.WC.TypeKeyModifierValue(VALUE, ENTITY.EffectiveDate.ShortFormat, ENTITY.ExpirationDate.ShortFormat) : &quot;&quot;"  sortorder="9"/>
                    <PropertyDisplay propertyname="Status_Ext" label="displaykey.Ext.Web.Differences.LOB.WC.Status" value="VALUE.Code != null ? displaykey.Web.Differences.LOB.WC.TypeKeyModifierValue(VALUE, ENTITY.EffectiveDate.ShortFormat, ENTITY.ExpirationDate.ShortFormat): &quot;&quot;" sortorder="10"/>
                    <PropertyDisplay propertyname="PublishDate_Ext" label="displaykey.Ext.Web.Differences.LOB.WC.PublishDate" value="VALUE != null ? displaykey.Web.Differences.LOB.WC.DateModifierValue(VALUE, ENTITY.EffectiveDate.ShortFormat, ENTITY.ExpirationDate.ShortFormat): &quot;&quot;" sortorder="11"/>
                    <ExcludedProperty propertyname="Eligible"/>
                </Properties>
            </SubSection>

            <SubSection label="displaykey.Web.Differences.LOB.WC.CoveredEmployees" sortorder="3">

                <Entity type="WC7PEOCoveredEmployee_Ext" parentpath="ENTITY.PolicyPEOClientContact" showadds="false" showremoves="false">
                    <Properties includefromtype="WC7PEOCoveredEmployee_Ext" parentpath="ENTITY">
                        <PropertyDisplay propertyname="ClassCode" label="displaykey.Web.Differences.LOB.WC7.ClassCode"
                                         value="displaykey.Web.Differences.LOB.WC.CoveredEmpValue(VALUE, ENTITY.EffectiveDate.ShortFormat, ENTITY.ExpirationDate.ShortFormat)"
                                         sortorder="1"/>
                        <PropertyDisplay propertyname="BasisAmount" label="displaykey.Web.Differences.LOB.WC.Basis"
                                         value="displaykey.Web.Differences.LOB.WC.CoveredEmpValue(VALUE!=null ? VALUE :0, ENTITY.EffectiveDate.ShortFormat, ENTITY.ExpirationDate.ShortFormat)"
                                         sortorder="2"/>
                        <PropertyDisplay propertyname="IfAnyExposure" label="displaykey.Web.Differences.LOB.WC.IfAny"
                                         value="displaykey.Web.Differences.LOB.WC.CoveredEmpValue(VALUE, ENTITY.EffectiveDate.ShortFormat, ENTITY.ExpirationDate.ShortFormat)"
                                         sortorder="3"/>
                        <PropertyDisplay propertyname="NumEmployees"
                                         label="displaykey.Web.Differences.LOB.WC.NumEmployees"
                                         value="displaykey.Web.Differences.LOB.WC.CoveredEmpValue(VALUE, ENTITY.EffectiveDate.ShortFormat, ENTITY.ExpirationDate.ShortFormat)"
                                         sortorder="4"/>
                        <PropertyDisplay propertyname="GoverningLaw" label="displaykey.Web.Differences.LOB.WC.GovLaw"
                                         value="displaykey.Web.Differences.LOB.WC.CoveredEmpValue(VALUE, ENTITY.EffectiveDate.ShortFormat, ENTITY.ExpirationDate.ShortFormat)"
                                         sortorder="5"/>
                        <PropertyDisplay propertyname="NumOfficersOwners_Ext" label="displaykey.Web.Policy.WC.CovEmp.NumOfficersOwners"
                                         value="VALUE != null ? displaykey.Web.Differences.LOB.WC.CoveredEmpValue(VALUE, ENTITY.EffectiveDate.ShortFormat, ENTITY.ExpirationDate.ShortFormat) : &quot;&quot;"
                                         sortorder="6"/>
                    </Properties>
                </Entity>
           <!--     <Entity type="WC7PEOCoveredEmployee_Ext" parentpath="ENTITY.PolicyPEOClientContact" label="displaykey.Ext.Web.Differences.LOB.WC.CoveredEmployee(ENTITY.DisplayName, ENTITY.EffectiveDate.ShortFormat, ENTITY.ExpirationDate.ShortFormat, ENTITY.BasisAmount)" showchanges="false"/>-->
            </SubSection>
            <SubSection label="displaykey.Web.Differences.LOB.WC.Clauses" sortorder="4">
                <Entity type="WC7PEOClientCond_Ext"  parentpath="ENTITY.PolicyPEOClientContact" sortorder="1"/>
                <Entity type="WC7PEOWaiverOfSubro_Ext" parentpath="ENTITY.PolicyPEOClientContact_Ext" label="displaykey.Web.Differences.LOB.WC7.WaiverOfSubro(ENTITY.DisplayName)"  showadds="false" showremoves="false">
                    <Properties includefromtype="WC7PEOWaiverOfSubro_Ext" parentpath="ENTITY">
                        <PropertyDisplay propertyname="ClassCode" label="displaykey.Web.Differences.LOB.WC7.ClassCode" value="displaykey.Web.Differences.LOB.WC7.WaiverSubroPropWithDates(VALUE, ENTITY.EffectiveDate.ShortFormat, ENTITY.ExpirationDate.ShortFormat)" sortorder="1"/>
                        <PropertyDisplay propertyname="BasisAmount" label="displaykey.Web.Differences.LOB.WC7.Basis" value="displaykey.Web.Differences.LOB.WC7.WaiverSubroPropWithDates(VALUE!=null ? VALUE :0, ENTITY.EffectiveDate.ShortFormat, ENTITY.ExpirationDate.ShortFormat)" sortorder="2"/>
                        <PropertyDisplay propertyname="Description" label="displaykey.Web.Differences.LOB.WC7.Description" value="displaykey.Web.Differences.LOB.WC7.WaiverSubroPropWithDates(VALUE, ENTITY.EffectiveDate.ShortFormat, ENTITY.ExpirationDate.ShortFormat)" sortorder="3"/>
                        <PropertyDisplay propertyname="NumEmployees" label="displaykey.Web.Differences.LOB.WC7.JobID" value="displaykey.Web.Differences.LOB.WC7.WaiverSubroPropWithDates(VALUE, ENTITY.EffectiveDate.ShortFormat, ENTITY.ExpirationDate.ShortFormat)" sortorder="4"/>
                        <PropertyDisplay propertyname="GoverningLaw" label="displaykey.Web.Differences.LOB.WC7.GovLaw" value="displaykey.Web.Differences.LOB.WC7.WaiverSubroPropWithDates(VALUE, ENTITY.EffectiveDate.ShortFormat, ENTITY.ExpirationDate.ShortFormat)" sortorder="5"/>
                    </Properties>
                </Entity>
                <Entity type="WC7PEOWaiverOfSubro_Ext" parentpath="ENTITY.PolicyPEOClientContact_Ext" label="displaykey.Web.Differences.LOB.WC7.WaiverSubroEntityWithDates(ENTITY.DisplayName, ENTITY.EffectiveDate.ShortFormat, ENTITY.ExpirationDate.ShortFormat)" showchanges="false" sortorder="2"/>
            </SubSection>
        </RootEntity>
    </Section>
  <!--TMI_CHANGES[END] -->
</DiffTree>
