<?xml version="1.0"?>
<!-- ==============================================================================
   Messaging Configuration
  ============================================================================== -->
<messaging-config
  xmlns="http://guidewire.com/messaging-config">
  <messaging>
    <destination
      id="65"
      initialretryinterval="500"
      internal="true"
      maxretries="5"
      name="Java.MessageDestination.Email.Name"
      transportplugin="emailMessageTransport"/>
    <destination
      disabled="true"
      id="324"
      internal="true"
      name="Java.MessageDestination.DocumentStore.Name"
      transportplugin="documentStoreTransport">
      <event
        name="DocumentStore"/>
    </destination>
    <destination
      id="100"
      internal="true"
      name="Java.MessageDestination.PAS.Name"
      requestplugin="PASMessageRequest"
      transportplugin="PASMessageTransport">
      <event
        name="PAS_(\w)*"/>
      <event
        name="PolicyCommissionChanged"/>
    </destination>
    <destination
      id="67"
      internal="true"
      name="Java.MessageDestination.ContactMessageTransport.Name"
      primaryentity="Contact"
      requestplugin="ContactMessageRequest"
      transportplugin="ContactMessageTransport">
      <event
        name="ContactAdded"/>
      <event
        name="ContactChanged"/>
      <event
        name="ContactRemoved"/>
    </destination>
    <destination
      id="11"
      name="Ext.MessageDestination.CrossCenterActivities"
      pollinterval="1000"
      transportplugin="ActivityTransport">
      <event
        name="ActivityAdded"/>
      <event
        name="ActivityChanged"/>
      <event
        name="ActivityRemoved"/>
    </destination>
    <destination
      id="12"
      name="Thunderhead"
      requestplugin="ThunderheadRequestPlugin"
      transportplugin="ThunderheadTransportPlugin">
      <event
        name="DunningLetter1"/>
      <event
        name="DunningLetter1Agent"/>
      <event
        name="DunningLetter2Agent"/>
      <event
        name="DunningLetter2"/>
      <event
        name="DunningLetter3"/>
      <event
        name="DunningLetter3Agent"/>
      <event
        name="SendOutgoingPayment_Ext"/>
      <event
        name="PreLitigationLetter"/>
      <event
        name="PaymentPlanLetter"/>
      <event
        name="PromissoryNote"/>
      <event
        name="OGCPromissoryNote"/>
      <event
        name="OGCPromissoryDownPaymentNote"/>
      <event
        name="InvoicePrint_Ext"/>
      <event
        name="PrintProducerStatement_Ext"/>
      <event
        name="AccountTransactionSummaryPrint_Ext"/>
      <event
        name="DocumentDelivery_Ext"/>
      <event
        name="FTRReminderEmail1"/>
      <event
        name="FTRReminderEmail2"/>
      <event
        name="FailureToReportLetter"/>
      <event
        name="CRD_Dunning_Letter1_Ext"/>
      <event
        name="CRD_Dunning_Letter2_Ext"/>
      <event
        name="BillingHistoryPrint_Ext"/>
      <event
        name="PrintReIssuanceCheck_Ext"/>
    </destination>
    <destination
      id="13"
      name="Ext.MessageDestination.DB2"
      transportplugin="DB2Transport">
      <event
        name="InvoiceAdded"/>
      <event
        name="InvoiceChanged"/>
      <event
        name="TransactionAdded"/>
      <event
        name="TransactionChanged"/>
    </destination>
    <destination
      disabled="true"
      id="14"
      name="MessagingDebug"
      transportplugin="ConsoleTransport">
      <event
        name="\w*"/>
    </destination>
    <destination
      id="15"
      name="OtherStatePayments"
      transportplugin="OtherStatePayment">
      <event
        name="OsPaymentCreated_Ext"/>
    </destination>
    <destination
      id="16"
      name="TMO"
      transportplugin="TMOTransport">
      <event
        name="TMOInvoiceUpdateFailure"/>
    </destination>
  </messaging>
  <messaging
    env="dev">
    <destination
      id="65"
      initialretryinterval="500"
      internal="true"
      maxretries="5"
      name="Java.MessageDestination.Email.Name"
      transportplugin="emailMessageTransport"/>
    <destination
      disabled="true"
      id="324"
      internal="true"
      name="Java.MessageDestination.DocumentStore.Name"
      transportplugin="documentStoreTransport">
      <event
        name="DocumentStore"/>
    </destination>
    <destination
      id="100"
      internal="true"
      name="Java.MessageDestination.PAS.Name"
      requestplugin="PASMessageRequest"
      transportplugin="PASMessageTransport">
      <event
        name="PAS_(\w)*"/>
      <event
        name="PolicyCommissionChanged"/>
    </destination>
    <destination
      id="67"
      internal="true"
      name="Java.MessageDestination.ContactMessageTransport.Name"
      primaryentity="Contact"
      requestplugin="ContactMessageRequest"
      transportplugin="ContactMessageTransport">
      <event
        name="ContactAdded"/>
      <event
        name="ContactChanged"/>
      <event
        name="ContactRemoved"/>
    </destination>
    <destination
      id="11"
      name="Ext.MessageDestination.CrossCenterActivities"
      pollinterval="1000"
      transportplugin="ActivityTransport">
      <event
        name="ActivityAdded"/>
      <event
        name="ActivityChanged"/>
      <event
        name="ActivityRemoved"/>
    </destination>
    <destination
      id="12"
      name="Thunderhead"
      requestplugin="ThunderheadRequestPlugin"
      transportplugin="ThunderheadTransportPlugin">
      <event
        name="DunningLetter1"/>
      <event
        name="DunningLetter1Agent"/>
      <event
        name="DunningLetter2Agent"/>
      <event
        name="DunningLetter2"/>
      <event
        name="DunningLetter3"/>
      <event
        name="DunningLetter3Agent"/>
      <event
        name="SendOutgoingPayment_Ext"/>
      <event
        name="PreLitigationLetter"/>
      <event
        name="PaymentPlanLetter"/>
      <event
        name="PromissoryNote"/>
      <event
        name="OGCPromissoryNote"/>
      <event
        name="OGCPromissoryDownPaymentNote"/>
      <event
        name="InvoicePrint_Ext"/>
      <event
        name="PrintProducerStatement_Ext"/>
      <event
        name="AccountTransactionSummaryPrint_Ext"/>
      <event
        name="DocumentDelivery_Ext"/>
      <event
        name="FTRReminderEmail1"/>
      <event
        name="FTRReminderEmail2"/>
      <event
        name="FailureToReportLetter"/>
      <event
        name="BillingHistoryPrint_Ext"/>
      <event
        name="CRD_Dunning_Letter1_Ext"/>
      <event
        name="CRD_Dunning_Letter2_Ext"/>
      <event
        name="PrintReIssuanceCheck_Ext"/>
    </destination>
    <destination
      id="13"
      name="Ext.MessageDestination.DB2"
      transportplugin="DB2Transport">
      <event
        name="InvoiceAdded"/>
      <event
        name="InvoiceChanged"/>
      <event
        name="TransactionAdded"/>
      <event
        name="TransactionChanged"/>
    </destination>
    <destination
      id="15"
      name="OtherStatePayments"
      transportplugin="OtherStatePayment">
      <event
        name="OsPaymentCreated_Ext"/>
    </destination>
    <destination
      id="16"
      name="TMO"
      transportplugin="TMOTransport">
      <event
        name="TMOInvoiceUpdateFailure"/>
    </destination>
  </messaging>
  <messaging
    env="qa">
    <destination
      id="65"
      initialretryinterval="500"
      internal="true"
      maxretries="5"
      name="Java.MessageDestination.Email.Name"
      transportplugin="emailMessageTransport"/>
    <destination
      disabled="true"
      id="324"
      internal="true"
      name="Java.MessageDestination.DocumentStore.Name"
      transportplugin="documentStoreTransport">
      <event
        name="DocumentStore"/>
    </destination>
    <destination
      id="100"
      internal="true"
      name="Java.MessageDestination.PAS.Name"
      requestplugin="PASMessageRequest"
      transportplugin="PASMessageTransport">
      <event
        name="PAS_(\w)*"/>
      <event
        name="PolicyCommissionChanged"/>
    </destination>
    <destination
      id="67"
      internal="true"
      name="Java.MessageDestination.ContactMessageTransport.Name"
      primaryentity="Contact"
      requestplugin="ContactMessageRequest"
      transportplugin="ContactMessageTransport">
      <event
        name="ContactAdded"/>
      <event
        name="ContactChanged"/>
      <event
        name="ContactRemoved"/>
    </destination>
    <destination
      id="11"
      name="Ext.MessageDestination.CrossCenterActivities"
      pollinterval="1000"
      transportplugin="ActivityTransport">
      <event
        name="ActivityAdded"/>
      <event
        name="ActivityChanged"/>
      <event
        name="ActivityRemoved"/>
    </destination>
    <destination
      id="12"
      name="Thunderhead"
      requestplugin="ThunderheadRequestPlugin"
      transportplugin="ThunderheadTransportPlugin">
      <event
        name="DunningLetter1"/>
      <event
        name="DunningLetter1Agent"/>
      <event
        name="DunningLetter2Agent"/>
      <event
        name="DunningLetter2"/>
      <event
        name="DunningLetter3"/>
      <event
        name="DunningLetter3Agent"/>
      <event
        name="SendOutgoingPayment_Ext"/>
      <event
        name="PreLitigationLetter"/>
      <event
        name="PaymentPlanLetter"/>
      <event
        name="PromissoryNote"/>
      <event
        name="OGCPromissoryNote"/>
      <event
        name="OGCPromissoryDownPaymentNote"/>
      <event
        name="InvoicePrint_Ext"/>
      <event
        name="PrintProducerStatement_Ext"/>
      <event
        name="AccountTransactionSummaryPrint_Ext"/>
      <event
        name="DocumentDelivery_Ext"/>
      <event
        name="FTRReminderEmail1"/>
      <event
        name="FTRReminderEmail2"/>
      <event
        name="FailureToReportLetter"/>
      <event
        name="BillingHistoryPrint_Ext"/>
      <event
        name="CRD_Dunning_Letter1_Ext"/>
      <event
        name="CRD_Dunning_Letter2_Ext"/>
      <event
        name="PrintReIssuanceCheck_Ext"/>
    </destination>
    <destination
      id="13"
      name="Ext.MessageDestination.DB2"
      transportplugin="DB2Transport">
      <event
        name="InvoiceAdded"/>
      <event
        name="InvoiceChanged"/>
      <event
        name="TransactionAdded"/>
      <event
        name="TransactionChanged"/>
    </destination>
    <destination
      id="15"
      name="OtherStatePayments"
      transportplugin="OtherStatePayment">
      <event
        name="OsPaymentCreated_Ext"/>
    </destination>
    <destination
      id="16"
      name="TMO"
      transportplugin="TMOTransport">
      <event
        name="TMOInvoiceUpdateFailure"/>
    </destination>
  </messaging>
  <messaging
    env="sh">
    <destination
      id="65"
      initialretryinterval="500"
      internal="true"
      maxretries="5"
      name="Java.MessageDestination.Email.Name"
      transportplugin="emailMessageTransport"/>
    <destination
      disabled="true"
      id="324"
      internal="true"
      name="Java.MessageDestination.DocumentStore.Name"
      transportplugin="documentStoreTransport">
      <event
        name="DocumentStore"/>
    </destination>
    <destination
      id="100"
      internal="true"
      name="Java.MessageDestination.PAS.Name"
      requestplugin="PASMessageRequest"
      transportplugin="PASMessageTransport">
      <event
        name="PAS_(\w)*"/>
      <event
        name="PolicyCommissionChanged"/>
    </destination>
    <destination
      id="67"
      internal="true"
      name="Java.MessageDestination.ContactMessageTransport.Name"
      primaryentity="Contact"
      requestplugin="ContactMessageRequest"
      transportplugin="ContactMessageTransport">
      <event
        name="ContactAdded"/>
      <event
        name="ContactChanged"/>
      <event
        name="ContactRemoved"/>
    </destination>
    <destination
      id="11"
      name="Ext.MessageDestination.CrossCenterActivities"
      pollinterval="1000"
      transportplugin="ActivityTransport">
      <event
        name="ActivityAdded"/>
      <event
        name="ActivityChanged"/>
      <event
        name="ActivityRemoved"/>
    </destination>
    <destination
      id="12"
      name="Thunderhead"
      requestplugin="ThunderheadRequestPlugin"
      transportplugin="ThunderheadTransportPlugin">
      <event
        name="DunningLetter1"/>
      <event
        name="DunningLetter1Agent"/>
      <event
        name="DunningLetter2Agent"/>
      <event
        name="DunningLetter2"/>
      <event
        name="DunningLetter3"/>
      <event
        name="DunningLetter3Agent"/>
      <event
        name="SendOutgoingPayment_Ext"/>
      <event
        name="PreLitigationLetter"/>
      <event
        name="PaymentPlanLetter"/>
      <event
        name="PromissoryNote"/>
      <event
        name="OGCPromissoryNote"/>
      <event
        name="OGCPromissoryDownPaymentNote"/>
      <event
        name="InvoicePrint_Ext"/>
      <event
        name="PrintProducerStatement_Ext"/>
      <event
        name="AccountTransactionSummaryPrint_Ext"/>
      <event
        name="DocumentDelivery_Ext"/>
      <event
        name="FTRReminderEmail1"/>
      <event
        name="FTRReminderEmail2"/>
      <event
        name="FailureToReportLetter"/>
      <event
        name="BillingHistoryPrint_Ext"/>
      <event
        name="CRD_Dunning_Letter1_Ext"/>
      <event
        name="CRD_Dunning_Letter2_Ext"/>
      <event
        name="PrintReIssuanceCheck_Ext"/>
    </destination>
    <destination
      id="13"
      name="Ext.MessageDestination.DB2"
      transportplugin="DB2Transport">
      <event
        name="InvoiceAdded"/>
      <event
        name="InvoiceChanged"/>
      <event
        name="TransactionAdded"/>
      <event
        name="TransactionChanged"/>
    </destination>
    <destination
      id="15"
      name="OtherStatePayments"
      transportplugin="OtherStatePayment">
      <event
        name="OsPaymentCreated_Ext"/>
    </destination>
    <destination
      id="16"
      name="TMO"
      transportplugin="TMOTransport">
      <event
        name="TMOInvoiceUpdateFailure"/>
    </destination>
  </messaging>
  <messaging
    env="prod">
    <destination
      id="65"
      initialretryinterval="500"
      internal="true"
      maxretries="5"
      name="Java.MessageDestination.Email.Name"
      transportplugin="emailMessageTransport"/>
    <destination
      disabled="true"
      id="324"
      internal="true"
      name="Java.MessageDestination.DocumentStore.Name"
      transportplugin="documentStoreTransport">
      <event
        name="DocumentStore"/>
    </destination>
    <destination
      id="100"
      internal="true"
      name="Java.MessageDestination.PAS.Name"
      requestplugin="PASMessageRequest"
      transportplugin="PASMessageTransport">
      <event
        name="PAS_(\w)*"/>
      <event
        name="PolicyCommissionChanged"/>
    </destination>
    <destination
      id="67"
      internal="true"
      name="Java.MessageDestination.ContactMessageTransport.Name"
      primaryentity="Contact"
      requestplugin="ContactMessageRequest"
      transportplugin="ContactMessageTransport">
      <event
        name="ContactAdded"/>
      <event
        name="ContactChanged"/>
      <event
        name="ContactRemoved"/>
    </destination>
    <destination
      id="11"
      name="Ext.MessageDestination.CrossCenterActivities"
      pollinterval="1000"
      transportplugin="ActivityTransport">
      <event
        name="ActivityAdded"/>
      <event
        name="ActivityChanged"/>
      <event
        name="ActivityRemoved"/>
    </destination>
    <destination
      id="12"
      name="Thunderhead"
      requestplugin="ThunderheadRequestPlugin"
      transportplugin="ThunderheadTransportPlugin">
      <event
        name="DunningLetter1"/>
      <event
        name="DunningLetter1Agent"/>
      <event
        name="DunningLetter2Agent"/>
      <event
        name="DunningLetter2"/>
      <event
        name="DunningLetter3"/>
      <event
        name="DunningLetter3Agent"/>
      <event
        name="SendOutgoingPayment_Ext"/>
      <event
        name="PreLitigationLetter"/>
      <event
        name="PaymentPlanLetter"/>
      <event
        name="PromissoryNote"/>
      <event
        name="OGCPromissoryNote"/>
      <event
        name="OGCPromissoryDownPaymentNote"/>
      <event
        name="InvoicePrint_Ext"/>
      <event
        name="PrintProducerStatement_Ext"/>
      <event
        name="AccountTransactionSummaryPrint_Ext"/>
      <event
        name="DocumentDelivery_Ext"/>
      <event
        name="FTRReminderEmail1"/>
      <event
        name="FTRReminderEmail2"/>
      <event
        name="FailureToReportLetter"/>
      <event
        name="BillingHistoryPrint_Ext"/>
      <event
        name="CRD_Dunning_Letter1_Ext"/>
      <event
        name="CRD_Dunning_Letter2_Ext"/>
      <event
        name="PrintReIssuanceCheck_Ext"/>
    </destination>
    <destination
      id="13"
      name="Ext.MessageDestination.DB2"
      transportplugin="DB2Transport">
      <event
        name="InvoiceAdded"/>
      <event
        name="InvoiceChanged"/>
      <event
        name="TransactionAdded"/>
      <event
        name="TransactionChanged"/>
    </destination>
    <destination
      id="15"
      name="OtherStatePayments"
      transportplugin="OtherStatePayment">
      <event
        name="OsPaymentCreated_Ext"/>
    </destination>
    <destination
      id="16"
      name="TMO"
      transportplugin="TMOTransport">
      <event
        name="TMOInvoiceUpdateFailure"/>
    </destination>
  </messaging>
</messaging-config>