<?xml version="1.0" encoding="UTF-8"?>
<AddressConfig xmlns="http://guidewire.com/address-config">
    <AddressDef name="GB">
        <Match>
            <Field name="Country" value="GB"/>
        </Match>
        <Fields>
            <Field name="City" zonecode="city">
            </Field>
            <Field name="PostalCode" zonecode="postcoderegion">
                <!--validator definition from: http://webarchive.nationalarchives.gov.uk/20101126012154/http://www.cabinetoffice.gov.uk/govtalk/schemasstandards/e-gif/datastandards/address/postcode.aspx-->
                <!--<ValidatorDef description="Validator.PostalCode.GB" value="(GIR 0AA|[A-PR-UWYZ]([0-9]{1,2}|([A-HK-Y][0-9]|[A-HK-Y][0-9]([0-9]|[ABEHMNPRV-Y]))|[0-9][A-HJKS-UW]) [0-9][ABD-HJLNP-UW-Z]{2})"/>-->
              <ValidatorDef description="Validator.PostalCode.GB" value=".+"/>
            </Field>
        </Fields>
    </AddressDef>
</AddressConfig>