<?xml version="1.0"?>
<database-config xmlns="http://guidewire.com/database-config">
  <!-- <database xmlns="" autoupgrade="true" dbtype="h2" env="local" name="BillingCenterDatabase">
    <dbcp-connection-pool jdbc-url="jdbc:h2:file:db/bc"/>
  </database> -->
  <!-- H2 (meant for demo/quickstart use only!)
    
     H2 database in memory -->
  <database autoupgrade="true" dbtype="h2" env="h2mem" name="BillingCenterDatabase">
    <dbcp-connection-pool jdbc-url="jdbc:h2:mem:db/bc"/>
  </database>
  <!-- SQL Server Local -->
  <database autoupgrade="true" dbtype="sqlserver" env="local" name="BillingCenterDatabase">
    <dbcp-connection-pool jdbc-url="jdbc:sqlserver://localhost\MSSQLSERVER2014;DatabaseName=BC_local;User=bcUser;Password=gwlocal"/>
    <upgrade collectstorageinstrumentation="false">
      <versiontriggers dbmsperfinfothreshold="600"/>
      <mssql-db-ddl>
        <mssql-filegroups admin="BC_local_ADMIN" index="BC_local_INDEX" op="BC_local_OP" staging="BC_local_STAGING" typelist="BC_local_TYPELIST"/>
      </mssql-db-ddl>
    </upgrade>
  </database>

  <!-- SQL Server Default -->
  <database autoupgrade="true" dbtype="sqlserver" name="BillingCenterDatabase">
    <jndi-connection-pool datasource-name="jdbc/bcDataSource"/>
    <upgrade collectstorageinstrumentation="false">
        <versiontriggers dbmsperfinfothreshold="600"/>
        <mssql-db-ddl>
            <mssql-filegroups admin="BC_ADMIN" index="BC_INDEX" op="BC_OP" staging="BC_STAGING" typelist="BC_TYPELIST"/>
        </mssql-db-ddl>
    </upgrade>
  </database>

  <!-- SQL Server SH - Shadow Testing -->
  <database autoupgrade="true" dbtype="sqlserver" env="sh" name="BillingCenterDatabase">
    <jndi-connection-pool datasource-name="jdbc/bcDataSource"/>
    <upgrade collectstorageinstrumentation="false">
      <versiontriggers dbmsperfinfothreshold="600"/>
      <mssql-db-ddl>
        <mssql-filegroups admin="BC_PROD_ADMIN" index="BC_PROD_INDEX" op="BC_PROD_OP" staging="BC_PROD_STAGING" typelist="BC_PROD_TYPELIST"/>
      </mssql-db-ddl>
    </upgrade>
  </database>
  <!-- SQL Server PROD -->
  <database autoupgrade="true" dbtype="sqlserver" env="prod" name="BillingCenterDatabase">
    <jndi-connection-pool datasource-name="jdbc/bcDataSource"/>
    <upgrade collectstorageinstrumentation="false">
      <versiontriggers dbmsperfinfothreshold="600"/>
      <mssql-db-ddl>
        <mssql-filegroups admin="BC_PROD_ADMIN" index="BC_PROD_INDEX" op="BC_PROD_OP" staging="BC_PROD_STAGING" typelist="BC_PROD_TYPELIST"/>
      </mssql-db-ddl>
    </upgrade>
  </database>
</database-config>