type,data-set,entityid,permission,role
RolePrivilege,0,rolprv:1,abcreate,superuser
RolePrivilege,0,rolprv:2,abcreatepref,superuser
RolePrivilege,0,rolprv:3,abdelete,superuser
RolePrivilege,0,rolprv:4,abdeletepref,superuser
RolePrivilege,0,rolprv:5,abedit,superuser
RolePrivilege,0,rolprv:6,abeditpref,superuser
RolePrivilege,0,rolprv:7,abview,superuser
RolePrivilege,0,rolprv:8,abviewsearch,superuser
RolePrivilege,0,rolprv:9,accountbilling,superuser
RolePrivilege,0,rolprv:10,accountclaims,superuser
RolePrivilege,0,rolprv:11,accountcontacts,superuser
RolePrivilege,0,rolprv:12,accountcreate,superuser
RolePrivilege,0,rolprv:13,accountdocs,superuser
RolePrivilege,0,rolprv:14,accounthistory,superuser
RolePrivilege,0,rolprv:15,accountmovepolicies,superuser
RolePrivilege,0,rolprv:16,accountnotes,superuser
RolePrivilege,0,rolprv:17,accountpremloss,superuser
RolePrivilege,0,rolprv:18,accountrelations,superuser
RolePrivilege,0,rolprv:19,accountreopen,superuser
RolePrivilege,0,rolprv:20,accountrewritepolicies,superuser
RolePrivilege,0,rolprv:21,accountroles,superuser
RolePrivilege,0,rolprv:22,accountsummary,superuser
RolePrivilege,0,rolprv:23,accountwithdraw,superuser
RolePrivilege,0,rolprv:24,accountworkorders,superuser
RolePrivilege,0,rolprv:25,actapproveany,superuser
RolePrivilege,0,rolprv:26,actcreate,superuser
RolePrivilege,0,rolprv:27,acteditunowned,superuser
RolePrivilege,0,rolprv:28,actmakemand,superuser
RolePrivilege,0,rolprv:29,actown,superuser
RolePrivilege,0,rolprv:30,actpatcreate,superuser
RolePrivilege,0,rolprv:31,actpatdelete,superuser
RolePrivilege,0,rolprv:32,actpatedit,superuser
RolePrivilege,0,rolprv:33,actpatview,superuser
RolePrivilege,0,rolprv:34,actpolicyapprove,superuser
RolePrivilege,0,rolprv:35,actpolicyapproveany,superuser
RolePrivilege,0,rolprv:36,actqueuenext,superuser
RolePrivilege,0,rolprv:37,actqueuepick,superuser
RolePrivilege,0,rolprv:38,actraown,superuser
RolePrivilege,0,rolprv:39,actraunown,superuser
RolePrivilege,0,rolprv:40,actreviewassign,superuser
RolePrivilege,0,rolprv:41,actview,superuser
RolePrivilege,0,rolprv:42,actviewallqueues,superuser
RolePrivilege,0,rolprv:43,adminerrorstatejobs,superuser
RolePrivilege,0,rolprv:44,advanceaudit,superuser
RolePrivilege,0,rolprv:45,advancecancellation,superuser
RolePrivilege,0,rolprv:46,advanceissuance,superuser
RolePrivilege,0,rolprv:47,advancepolchange,superuser
RolePrivilege,0,rolprv:48,advancereinstate,superuser
RolePrivilege,0,rolprv:49,advancerenewal,superuser
RolePrivilege,0,rolprv:50,advancerewrite,superuser
RolePrivilege,0,rolprv:51,advancerewrnewacct,superuser
RolePrivilege,0,rolprv:52,advancesubmission,superuser
RolePrivilege,0,rolprv:53,alpview,superuser
RolePrivilege,0,rolprv:54,anytagcreate,superuser
RolePrivilege,0,rolprv:55,anytagdelete,superuser
RolePrivilege,0,rolprv:56,anytagedit,superuser
RolePrivilege,0,rolprv:57,anytagview,superuser
RolePrivilege,0,rolprv:58,archive,superuser
RolePrivilege,0,rolprv:59,archivedisable,superuser
RolePrivilege,0,rolprv:60,archiveenable,superuser
RolePrivilege,0,rolprv:61,attrmanage,superuser
RolePrivilege,0,rolprv:62,attrview,superuser
RolePrivilege,0,rolprv:63,authprofileassignedit,superuser
RolePrivilege,0,rolprv:64,authprofileassignview,superuser
RolePrivilege,0,rolprv:65,authprofilecreate,superuser
RolePrivilege,0,rolprv:66,authprofiledelete,superuser
RolePrivilege,0,rolprv:67,authprofileedit,superuser
RolePrivilege,0,rolprv:68,authprofileview,superuser
RolePrivilege,0,rolprv:69,bindcancellation,superuser
RolePrivilege,0,rolprv:70,bindissuance,superuser
RolePrivilege,0,rolprv:71,bindpolchange,superuser
RolePrivilege,0,rolprv:72,bindreinstate,superuser
RolePrivilege,0,rolprv:73,bindrenewal,superuser
RolePrivilege,0,rolprv:74,bindrewrite,superuser
RolePrivilege,0,rolprv:75,bindrewrnewacct,superuser
RolePrivilege,0,rolprv:76,bindsubmission,superuser
RolePrivilege,0,rolprv:77,bulkpolicyratingtest,superuser
RolePrivilege,0,rolprv:78,buswkmanage,superuser
RolePrivilege,0,rolprv:79,buswkview,superuser
RolePrivilege,0,rolprv:80,cancelcarriersource,superuser
RolePrivilege,0,rolprv:81,cancelovereffdate,superuser
RolePrivilege,0,rolprv:82,canceloverrefund,superuser
RolePrivilege,0,rolprv:83,cancelreschedule,superuser
RolePrivilege,0,rolprv:84,cancelrescind,superuser
RolePrivilege,0,rolprv:85,cancwizdocs,superuser
RolePrivilege,0,rolprv:86,cancwizhist,superuser
RolePrivilege,0,rolprv:87,cancwiznotes,superuser
RolePrivilege,0,rolprv:88,cancwizpriorhist,superuser
RolePrivilege,0,rolprv:89,cancwizrateinputs,superuser
RolePrivilege,0,rolprv:90,cancwizrisk,superuser
RolePrivilege,0,rolprv:91,cancwizriskhist,superuser
RolePrivilege,0,rolprv:92,cancwizroles,superuser
RolePrivilege,0,rolprv:93,cancwizworkplan,superuser
RolePrivilege,0,rolprv:94,completeaudit,superuser
RolePrivilege,0,rolprv:95,contactclaims,superuser
RolePrivilege,0,rolprv:96,copypolicydata,superuser
RolePrivilege,0,rolprv:97,createaudit,superuser
RolePrivilege,0,rolprv:98,createcancellation,superuser
RolePrivilege,0,rolprv:99,createevalissue,superuser
RolePrivilege,0,rolprv:100,createintnote,superuser
RolePrivilege,0,rolprv:101,createissuance,superuser
RolePrivilege,0,rolprv:102,createmanualuwissue,superuser
RolePrivilege,0,rolprv:103,createpolchange,superuser
RolePrivilege,0,rolprv:104,createreferralreason,superuser
RolePrivilege,0,rolprv:105,createreinstate,superuser
RolePrivilege,0,rolprv:106,createrenewal,superuser
RolePrivilege,0,rolprv:107,createrewrite,superuser
RolePrivilege,0,rolprv:108,createrewrnewacct,superuser
RolePrivilege,0,rolprv:109,createsensnote,superuser
RolePrivilege,0,rolprv:110,createsubmission,superuser
RolePrivilege,0,rolprv:111,ctccreate,superuser
RolePrivilege,0,rolprv:112,ctcedit,superuser
RolePrivilege,0,rolprv:113,ctcview,superuser
RolePrivilege,0,rolprv:114,debugtools,superuser
RolePrivilege,0,rolprv:115,declinepolchange,superuser
RolePrivilege,0,rolprv:116,declinesubmission,superuser
RolePrivilege,0,rolprv:117,delintdoc,superuser
RolePrivilege,0,rolprv:118,delintnote,superuser
RolePrivilege,0,rolprv:119,delsensdoc,superuser
RolePrivilege,0,rolprv:120,delsensnote,superuser
RolePrivilege,0,rolprv:121,doccreate,superuser
RolePrivilege,0,rolprv:122,docdelete,superuser
RolePrivilege,0,rolprv:123,docedit,superuser
RolePrivilege,0,rolprv:124,docmodifyall,superuser
RolePrivilege,0,rolprv:125,docview,superuser
RolePrivilege,0,rolprv:126,docviewall,superuser
RolePrivilege,0,rolprv:127,editaccountcontacts,superuser
RolePrivilege,0,rolprv:128,editaccountroles,superuser
RolePrivilege,0,rolprv:129,editaccountsummary,superuser
RolePrivilege,0,rolprv:130,editaudit,superuser
RolePrivilege,0,rolprv:131,editautosymbol,superuser
RolePrivilege,0,rolprv:132,editcancellation,superuser
RolePrivilege,0,rolprv:133,editintdoc,superuser
RolePrivilege,0,rolprv:134,editintnote,superuser
RolePrivilege,0,rolprv:135,editissuance,superuser
RolePrivilege,0,rolprv:136,editjobroles,superuser
RolePrivilege,0,rolprv:137,editlockoverride,superuser
RolePrivilege,0,rolprv:138,editnonrenewexp,superuser
RolePrivilege,0,rolprv:139,editpolchange,superuser
RolePrivilege,0,rolprv:140,editpolicyroles,superuser
RolePrivilege,0,rolprv:141,editprerenewal,superuser
RolePrivilege,0,rolprv:142,editrateasofdate,superuser
RolePrivilege,0,rolprv:143,editratingoverrides,superuser
RolePrivilege,0,rolprv:144,editreinstate,superuser
RolePrivilege,0,rolprv:145,editreinsuranceactiveprogram,superuser
RolePrivilege,0,rolprv:146,editreinsurancefacagreement,superuser
RolePrivilege,0,rolprv:147,editreinsuranceforpolicyadvanced,superuser
RolePrivilege,0,rolprv:148,editreinsuranceforpolicybasic,superuser
RolePrivilege,0,rolprv:149,editreinsuranceprogram,superuser
RolePrivilege,0,rolprv:150,editrenewal,superuser
RolePrivilege,0,rolprv:151,editrewrite,superuser
RolePrivilege,0,rolprv:152,editrewrnewacct,superuser
RolePrivilege,0,rolprv:153,editsensdoc,superuser
RolePrivilege,0,rolprv:154,editsensnote,superuser
RolePrivilege,0,rolprv:155,editsubmission,superuser
RolePrivilege,0,rolprv:156,editwrittendate,superuser
RolePrivilege,0,rolprv:157,eventmessageview,superuser
RolePrivilege,0,rolprv:158,formpatcreate,superuser
RolePrivilege,0,rolprv:159,formpatdelete,superuser
RolePrivilege,0,rolprv:160,formpatedit,superuser
RolePrivilege,0,rolprv:161,formpatview,superuser
RolePrivilege,0,rolprv:162,genstatrep,superuser
RolePrivilege,0,rolprv:163,groupcreate,superuser
RolePrivilege,0,rolprv:164,groupdelete,superuser
RolePrivilege,0,rolprv:165,groupedit,superuser
RolePrivilege,0,rolprv:166,grouptreeview,superuser
RolePrivilege,0,rolprv:167,groupview,superuser
RolePrivilege,0,rolprv:168,holidaymanage,superuser
RolePrivilege,0,rolprv:169,holidayview,superuser
RolePrivilege,0,rolprv:170,integadmin,superuser
RolePrivilege,0,rolprv:171,internaltools,superuser
RolePrivilege,0,rolprv:172,issue,superuser
RolePrivilege,0,rolprv:173,issuerenewal,superuser
RolePrivilege,0,rolprv:174,jobcopy,superuser
RolePrivilege,0,rolprv:175,lvprint,superuser
RolePrivilege,0,rolprv:176,manageldfctrs,superuser
RolePrivilege,0,rolprv:177,mergeaccounts,superuser
RolePrivilege,0,rolprv:178,multicompquote,superuser
RolePrivilege,0,rolprv:179,nonrenew,superuser
RolePrivilege,0,rolprv:180,notecreate,superuser
RolePrivilege,0,rolprv:181,notedelete,superuser
RolePrivilege,0,rolprv:182,noteedit,superuser
RolePrivilege,0,rolprv:183,noteeditbody,superuser
RolePrivilege,0,rolprv:184,noteview,superuser
RolePrivilege,0,rolprv:185,nottakensubmission,superuser
RolePrivilege,0,rolprv:186,nottakerenewal,superuser
RolePrivilege,0,rolprv:187,orgcreate,superuser
RolePrivilege,0,rolprv:188,orgdelete,superuser
RolePrivilege,0,rolprv:189,orgdeleteex,superuser
RolePrivilege,0,rolprv:190,orgeditagency,superuser
RolePrivilege,0,rolprv:191,orgeditbasic,superuser
RolePrivilege,0,rolprv:192,orgeditbasicex,superuser
RolePrivilege,0,rolprv:193,orgsearch,superuser
RolePrivilege,0,rolprv:194,orgviewagency,superuser
RolePrivilege,0,rolprv:195,orgviewbasic,superuser
RolePrivilege,0,rolprv:196,orgviewextmgt,superuser
RolePrivilege,0,rolprv:197,overridebilling,superuser
RolePrivilege,0,rolprv:198,pchgwizdocs,superuser
RolePrivilege,0,rolprv:199,pchgwizhist,superuser
RolePrivilege,0,rolprv:200,pchgwiznotes,superuser
RolePrivilege,0,rolprv:201,pchgwizpriorhist,superuser
RolePrivilege,0,rolprv:202,pchgwizrateinputs,superuser
RolePrivilege,0,rolprv:203,pchgwizrisk,superuser
RolePrivilege,0,rolprv:204,pchgwizriskhist,superuser
RolePrivilege,0,rolprv:205,pchgwizroles,superuser
RolePrivilege,0,rolprv:206,pchgwizworkplan,superuser
RolePrivilege,0,rolprv:207,pfilebilling,superuser
RolePrivilege,0,rolprv:208,pfileclaims,superuser
RolePrivilege,0,rolprv:209,pfilecontacts,superuser
RolePrivilege,0,rolprv:210,pfiledetails,superuser
RolePrivilege,0,rolprv:211,pfiledocs,superuser
RolePrivilege,0,rolprv:212,pfilenotes,superuser
RolePrivilege,0,rolprv:213,pfilepayments,superuser
RolePrivilege,0,rolprv:214,pfilepricing,superuser
RolePrivilege,0,rolprv:215,pfilepriorhist,superuser
RolePrivilege,0,rolprv:216,pfilerateinputs,superuser
RolePrivilege,0,rolprv:217,pfileriskeval,superuser
RolePrivilege,0,rolprv:218,pfileroles,superuser
RolePrivilege,0,rolprv:219,pfilesummary,superuser
RolePrivilege,0,rolprv:220,pfileworkorders,superuser
RolePrivilege,0,rolprv:221,polholdcreate,superuser
RolePrivilege,0,rolprv:222,polholdedit,superuser
RolePrivilege,0,rolprv:223,polholdelete,superuser
RolePrivilege,0,rolprv:224,polholdview,superuser
RolePrivilege,0,rolprv:225,price,superuser
RolePrivilege,0,rolprv:226,prodcodecreate,superuser
RolePrivilege,0,rolprv:227,prodcodedelete,superuser
RolePrivilege,0,rolprv:228,prodcodeeditaddr,superuser
RolePrivilege,0,rolprv:229,prodcodeeditbasic,superuser
RolePrivilege,0,rolprv:230,prodcodeeditprefuw,superuser
RolePrivilege,0,rolprv:231,prodcodeviewbasic,superuser
RolePrivilege,0,rolprv:232,prodcodeviewprefuw,superuser
RolePrivilege,0,rolprv:233,purge,superuser
RolePrivilege,0,rolprv:234,quote,superuser
RolePrivilege,0,rolprv:235,quotehideoverride,superuser
RolePrivilege,0,rolprv:236,ratebookapprove,superuser
RolePrivilege,0,rolprv:237,ratebookedit,superuser
RolePrivilege,0,rolprv:238,ratebookview,superuser
RolePrivilege,0,rolprv:239,rateimpacttesting,superuser
RolePrivilege,0,rolprv:240,ratingworksheetview,superuser
RolePrivilege,0,rolprv:241,regionmanage,superuser
RolePrivilege,0,rolprv:242,regionview,superuser
RolePrivilege,0,rolprv:243,reinwizdocs,superuser
RolePrivilege,0,rolprv:244,reinwizhist,superuser
RolePrivilege,0,rolprv:245,reinwiznotes,superuser
RolePrivilege,0,rolprv:246,reinwizpriorhist,superuser
RolePrivilege,0,rolprv:247,reinwizrateinputs,superuser
RolePrivilege,0,rolprv:248,reinwizrisk,superuser
RolePrivilege,0,rolprv:249,reinwizriskhist,superuser
RolePrivilege,0,rolprv:250,reinwizroles,superuser
RolePrivilege,0,rolprv:251,reinwizworkplan,superuser
RolePrivilege,0,rolprv:252,reporting_view,superuser
RolePrivilege,0,rolprv:253,rescheduleaudit,superuser
RolePrivilege,0,rolprv:254,resetquotinglock,superuser
RolePrivilege,0,rolprv:255,restorefromarchive,superuser
RolePrivilege,0,rolprv:256,resyncmessage,superuser
RolePrivilege,0,rolprv:257,retrymessage,superuser
RolePrivilege,0,rolprv:258,reverseaudit,superuser
RolePrivilege,0,rolprv:259,reviewcancellation,superuser
RolePrivilege,0,rolprv:260,reviewpolchange,superuser
RolePrivilege,0,rolprv:261,reviewreinstate,superuser
RolePrivilege,0,rolprv:262,reviewrenewal,superuser
RolePrivilege,0,rolprv:263,reviewrewrite,superuser
RolePrivilege,0,rolprv:264,reviewrewrnewacct,superuser
RolePrivilege,0,rolprv:265,reviewsubmission,superuser
RolePrivilege,0,rolprv:266,reviseaudit,superuser
RolePrivilege,0,rolprv:267,rewrwizdocs,superuser
RolePrivilege,0,rolprv:268,rewrwizhist,superuser
RolePrivilege,0,rolprv:269,rewrwiznotes,superuser
RolePrivilege,0,rolprv:270,rewrwizpriorhist,superuser
RolePrivilege,0,rolprv:271,rewrwizrateinputs,superuser
RolePrivilege,0,rolprv:272,rewrwizrisk,superuser
RolePrivilege,0,rolprv:273,rewrwizriskhist,superuser
RolePrivilege,0,rolprv:274,rewrwizroles,superuser
RolePrivilege,0,rolprv:275,rewrwizworkplan,superuser
RolePrivilege,0,rolprv:276,rnwlwizdocs,superuser
RolePrivilege,0,rolprv:277,rnwlwizhist,superuser
RolePrivilege,0,rolprv:278,rnwlwiznotes,superuser
RolePrivilege,0,rolprv:279,rnwlwizpriorhist,superuser
RolePrivilege,0,rolprv:280,rnwlwizrateinputs,superuser
RolePrivilege,0,rolprv:281,rnwlwizrisk,superuser
RolePrivilege,0,rolprv:282,rnwlwizriskhist,superuser
RolePrivilege,0,rolprv:283,rnwlwizroles,superuser
RolePrivilege,0,rolprv:284,rnwlwizworkplan,superuser
RolePrivilege,0,rolprv:285,roleedittype,superuser
RolePrivilege,0,rolprv:286,rolemanage,superuser
RolePrivilege,0,rolprv:287,roleview,superuser
RolePrivilege,0,rolprv:288,ruleadmin,superuser
RolePrivilege,0,rolprv:289,scrprmmanage,superuser
RolePrivilege,0,rolprv:290,scrprmview,superuser
RolePrivilege,0,rolprv:291,searchaccounts,superuser
RolePrivilege,0,rolprv:292,searchactivities,superuser
RolePrivilege,0,rolprv:293,searchcontacts,superuser
RolePrivilege,0,rolprv:294,searchpols,superuser
RolePrivilege,0,rolprv:295,searchprodcodes,superuser
RolePrivilege,0,rolprv:296,seczonemanage,superuser
RolePrivilege,0,rolprv:297,selectnonrenew,superuser
RolePrivilege,0,rolprv:298,sendemail,superuser
RolePrivilege,0,rolprv:299,skipmessage,superuser
RolePrivilege,0,rolprv:300,soapadmin,superuser
RolePrivilege,0,rolprv:301,splitpolicy,superuser
RolePrivilege,0,rolprv:302,startaudit,superuser
RolePrivilege,0,rolprv:303,subwizdocs,superuser
RolePrivilege,0,rolprv:304,subwizhist,superuser
RolePrivilege,0,rolprv:305,subwiznotes,superuser
RolePrivilege,0,rolprv:306,subwizpriorhist,superuser
RolePrivilege,0,rolprv:307,subwizrateinputs,superuser
RolePrivilege,0,rolprv:308,subwizrisk,superuser
RolePrivilege,0,rolprv:309,subwizriskhist,superuser
RolePrivilege,0,rolprv:310,subwizroles,superuser
RolePrivilege,0,rolprv:311,subwizworkplan,superuser
RolePrivilege,0,rolprv:312,toolsBatchProcessedit,superuser
RolePrivilege,0,rolprv:313,toolsBatchProcessview,superuser
RolePrivilege,0,rolprv:314,toolsCacheinfoview,superuser
RolePrivilege,0,rolprv:315,toolsClusteredit,superuser
RolePrivilege,0,rolprv:316,toolsClusterview,superuser
RolePrivilege,0,rolprv:317,toolsInfoview,superuser
RolePrivilege,0,rolprv:318,toolsJMXBeansEdit,superuser
RolePrivilege,0,rolprv:319,toolsJMXBeansview,superuser
RolePrivilege,0,rolprv:320,toolsJProfileredit,superuser
RolePrivilege,0,rolprv:321,toolsLogedit,superuser
RolePrivilege,0,rolprv:322,toolsLogview,superuser
RolePrivilege,0,rolprv:323,toolsPluginedit,superuser
RolePrivilege,0,rolprv:324,toolsPluginview,superuser
RolePrivilege,0,rolprv:325,toolsProductModelInfoview,superuser
RolePrivilege,0,rolprv:326,toolsProfileredit,superuser
RolePrivilege,0,rolprv:327,toolsProfilerview,superuser
RolePrivilege,0,rolprv:328,toolsWorkQueueedit,superuser
RolePrivilege,0,rolprv:329,toolsWorkQueueview,superuser
RolePrivilege,0,rolprv:330,usercreate,superuser
RolePrivilege,0,rolprv:331,userdelete,superuser
RolePrivilege,0,rolprv:332,useredit,superuser
RolePrivilege,0,rolprv:333,usereditattrs,superuser
RolePrivilege,0,rolprv:334,usereditlang,superuser
RolePrivilege,0,rolprv:335,usereditpcsec,superuser
RolePrivilege,0,rolprv:336,useredittype,superuser
RolePrivilege,0,rolprv:337,usergrantauth,superuser
RolePrivilege,0,rolprv:338,usergrantroles,superuser
RolePrivilege,0,rolprv:339,userroleassignmentbulkassign,superuser
RolePrivilege,0,rolprv:340,userview,superuser
RolePrivilege,0,rolprv:341,userviewall,superuser
RolePrivilege,0,rolprv:342,uwapproveall,superuser
RolePrivilege,0,rolprv:343,uwedit,superuser
RolePrivilege,0,rolprv:344,uwreject,superuser
RolePrivilege,0,rolprv:345,uwreopen,superuser
RolePrivilege,0,rolprv:346,uwview,superuser
RolePrivilege,0,rolprv:347,viewaccount,superuser
RolePrivilege,0,rolprv:348,viewactcal,superuser
RolePrivilege,0,rolprv:349,viewaudit,superuser
RolePrivilege,0,rolprv:350,viewbillingsystem,superuser
RolePrivilege,0,rolprv:351,viewcancellation,superuser
RolePrivilege,0,rolprv:352,viewclaimsystem,superuser
RolePrivilege,0,rolprv:353,viewdesktop,superuser
RolePrivilege,0,rolprv:354,viewhist,superuser
RolePrivilege,0,rolprv:355,viewintdoc,superuser
RolePrivilege,0,rolprv:356,viewintnote,superuser
RolePrivilege,0,rolprv:357,viewissuance,superuser
RolePrivilege,0,rolprv:358,viewmodifiers,superuser
RolePrivilege,0,rolprv:359,viewmyaccounts,superuser
RolePrivilege,0,rolprv:360,viewmyactivities,superuser
RolePrivilege,0,rolprv:361,viewmypolicychanges,superuser
RolePrivilege,0,rolprv:362,viewmyqueues,superuser
RolePrivilege,0,rolprv:363,viewmyrenewals,superuser
RolePrivilege,0,rolprv:364,viewmysubmissions,superuser
RolePrivilege,0,rolprv:365,viewparticipants,superuser
RolePrivilege,0,rolprv:366,viewpolchange,superuser
RolePrivilege,0,rolprv:367,viewpolicyfile,superuser
RolePrivilege,0,rolprv:368,viewprerenewal,superuser
RolePrivilege,0,rolprv:369,viewproducerstyledesktopdetails,superuser
RolePrivilege,0,rolprv:370,viewratingoverrides,superuser
RolePrivilege,0,rolprv:371,viewreinstate,superuser
RolePrivilege,0,rolprv:372,viewreinsuranceforpolicy,superuser
RolePrivilege,0,rolprv:373,viewreinsuranceprogram,superuser
RolePrivilege,0,rolprv:374,viewrenewal,superuser
RolePrivilege,0,rolprv:375,viewrestrictedclaim,superuser
RolePrivilege,0,rolprv:376,viewrewrite,superuser
RolePrivilege,0,rolprv:377,viewrewrnewacct,superuser
RolePrivilege,0,rolprv:378,viewriskclaims,superuser
RolePrivilege,0,rolprv:379,viewriskevalissues,superuser
RolePrivilege,0,rolprv:380,viewriskpriorlosses,superuser
RolePrivilege,0,rolprv:381,viewriskpriorpolicies,superuser
RolePrivilege,0,rolprv:382,viewriskrefreasons,superuser
RolePrivilege,0,rolprv:383,viewsearch,superuser
RolePrivilege,0,rolprv:384,viewsensdoc,superuser
RolePrivilege,0,rolprv:385,viewsensnote,superuser
RolePrivilege,0,rolprv:386,viewstatrep,superuser
RolePrivilege,0,rolprv:387,viewsubmission,superuser
RolePrivilege,0,rolprv:388,viewteam,superuser
RolePrivilege,0,rolprv:389,viewworkload,superuser
RolePrivilege,0,rolprv:390,viewworkplan,superuser
RolePrivilege,0,rolprv:391,waiveaudit,superuser
RolePrivilege,0,rolprv:392,withdraw,superuser
RolePrivilege,0,rolprv:393,workflowmanage,superuser
RolePrivilege,0,rolprv:394,workflowview,superuser
RolePrivilege,0,rolprv:395,zonemanage,superuser
RolePrivilege,0,rolprv:396,zoneview,superuser
RolePrivilege,0,rolprv:397,contactedit_ext,superuser
RolePrivilege,0,rolprv:398,contactcreate_ext,superuser
RolePrivilege,0,rolprv:399,editlocation_ext,superuser
RolePrivilege,0,rolprv:400,viewunderwritingfiles_ext,superuser
RolePrivilege,0,rolprv:401,uwassignment_ext,superuser