<?xml version="1.0" encoding="UTF-8"?>
<cii:integration xmlns:cii="http://guidewire.com/config/integration/inbound"
                 xmlns:xsi="http://www.w3.org/2001/XMLSchema-instance"
                 xsi:schemaLocation="http://guidewire.com/config/integration/inbound integration-config.xsd ">
    <threadpools>
        <threadpool name="gw_default" disabled="false">
            <gwthreadpooltype>FORKJOIN</gwthreadpooltype>
        </threadpool>
        <threadpool name="websphere_default" disabled="true">
            <workmanagerjndi>wm/default</workmanagerjndi>
            <gwthreadpooltype>COMMONJ</gwthreadpooltype>
        </threadpool>
        <threadpool name="weblogic_default" disabled="true">
            <workmanagerjndi>default</workmanagerjndi>
            <gwthreadpooltype>COMMONJ</gwthreadpooltype>
        </threadpool>
    </threadpools>
    <integrations>
        <!--<cii:file-integration name="exampleFileIntegration" disabled="true">-->
        <!--<pluginhandler>InboundFileIntegrationHandler</pluginhandler>-->
        <!--<pollinginterval>15</pollinginterval>-->
        <!--<throttleinterval>5</throttleinterval>-->
        <!--<threadpool>gw_default</threadpool>-->
        <!--<ordered>true</ordered>-->
        <!--<stoponerror>false</stoponerror>-->
        <!--<transactional>false</transactional>-->
        <!--<osgiservice>true</osgiservice>-->
        <!--<processingmode>line</processingmode>-->
        <!--<incoming>/tmp/file/incoming</incoming>-->
        <!--<processing>/tmp/file/processing</processing>-->
        <!--<error>/tmp/file/error</error>-->
        <!--<done>/tmp/file/done</done>-->
        <!--<charset>UTF-8</charset>-->
        <!--<createdirectories>true</createdirectories>-->
        <!--</cii:file-integration>-->
        <!--<cii:file-integration name="exampleFileIntegrationMessageReply" disabled="true">-->
        <!--<pluginhandler>InboundFileIntegrationMessageReplyHandler</pluginhandler>-->
        <!--<pollinginterval>15</pollinginterval>-->
        <!--<throttleinterval>5</throttleinterval>-->
        <!--<threadpool>gw_default</threadpool>-->
        <!--<ordered>false</ordered>-->
        <!--<stoponerror>false</stoponerror>-->
        <!--<transactional>false</transactional>-->
        <!--<osgiservice>true</osgiservice>-->
        <!--<processingmode>file</processingmode>-->
        <!--<incoming>/tmp/reply/incoming</incoming>-->
        <!--<processing>/tmp/reply/processing</processing>-->
        <!--<error>/tmp/reply/error</error>-->
        <!--<done>/tmp/reply/done</done>-->
        <!--<charset>UTF-8</charset>-->
        <!--<createdirectories>true</createdirectories>-->
        <!--</cii:file-integration>-->
        <!--<cii:jms-integration name="exampleJmsIntegration" disabled="true">-->
        <!--<pluginhandler>InboundJMSIntegrationHandler</pluginhandler>-->
        <!--<pollinginterval>15</pollinginterval>-->
        <!--<throttleinterval>5</throttleinterval>-->
        <!--<threadpool>gw_default</threadpool>-->
        <!--<ordered>true</ordered>-->
        <!--<stoponerror>false</stoponerror>-->
        <!--<transactional>true</transactional>-->
        <!--<osgiservice>true</osgiservice>-->
        <!--<connectionfactoryjndi>defaultCF</connectionfactoryjndi>-->
        <!--<destinationjndi>gw/dest</destinationjndi>-->
        <!--<user>gw</user>-->
        <!--<password>passw0rd</password>-->
        <!--<batchlimit>5</batchlimit>-->
        <!--<messagereceivetimeout>5</messagereceivetimeout>-->
        <!--</cii:jms-integration>-->
        <!--<cii:custom-integration name="exampleCustomIntegration" disabled="true">-->
        <!--<workagentimpl>com.myexample.agent</workagentimpl>-->
        <!--<pollinginterval>15</pollinginterval>-->
        <!--<throttleinterval>5</throttleinterval>-->
        <!--<threadpool>gw_default</threadpool>-->
        <!--<ordered>true</ordered>-->
        <!--<stoponerror>false</stoponerror>-->
        <!--<transactional>false</transactional>-->
        <!--<osgiservice>false</osgiservice>-->
        <!--<parameters>-->
        <!--<key>k1</key>-->
        <!--<value>v1</value>-->
        <!--</parameters>-->
        <!--<parameters>-->
        <!--<key>k2</key>-->
        <!--<value>v2</value>-->
        <!--</parameters>-->
        <!--<parameters>-->
        <!--<key>k3</key>-->
        <!--<value>v3</value>-->
        <!--</parameters>-->
        <!--</cii:custom-integration>-->
    </integrations>
</cii:integration>
