<?xml version="1.0"?>
<Workflow
  language=""
  subtype="TMICRDelinquency_Ext"
  version="1">
  <Context>
    <Symbol
      name="producer"
      type="Producer"
      value="Workflow.Producer"/>
  </Context>
  <Start
    firstStep="OnDeliquencyInception"/>
  <AutoStep
    desc="This is step id for inception of the delinquency,"
    id="OnDeliquencyInception"
    layoutid="2029643767">
    <Enter><![CDATA[Workflow.onDelinquencyInception()]]></Enter>
    <Go
      desc="This go decides if delinquency is qualified for Direct collection"
      id="DirectCollector"
      if="Workflow.isQualifiedForDirectCollection()"
      layoutid="1268570871"
      nextStep="AssignDirectCollector"/>
    <Go
      desc="IndirectCollection"
      id="IndirectCollector"
      layoutid="1798389126"
      nextStep="HasDelinquencyHold"/>
  </AutoStep>
  <AutoStep
    id="HasDelinquencyHold"
    layoutid="139770064">
    <Go
      desc=""
      id="DelinquencyOnHold"
      if="Workflow.hasDelinquencyHold()"
      layoutid="1506159850"
      nextStep="PostponeDelinquency"/>
    <Go
      desc=""
      id="HasDelinquencyHoldBranch"
      layoutid="1432236450"
      nextStep="AddDelinquencyBanner"/>
  </AutoStep>
  <AutoStep
    desc="Assign Direct Collect"
    id="AssignDirectCollector"
    layoutid="1762055106">
    <Enter><![CDATA[Workflow.assignDirectCollector()]]></Enter>
    <Go
      desc=""
      id="AssignDirectCollectorBranch"
      layoutid="921095306"
      nextStep="HasDelinquencyHold"/>
  </AutoStep>
  <AutoStep
    desc="Sets delinquency banner on the producer"
    id="AddDelinquencyBanner"
    layoutid="1660112301">
    <Enter><![CDATA[Workflow.setDelinquencyBannerOnProducer()]]></Enter>
    <Go
      desc=""
      id="AssignDirectCollector"
      if="Workflow.CurrentAmountDue &gt; Workflow.CRDelinquencyPlan.DirectColLowLimit"
      layoutid="1464702801"
      nextStep="AssignDirecrCollectorAndCreateHistory"/>
    <Go
      desc=""
      id="OnDeliquencyInception"
      layoutid="392973078"
      nextStep="DemandLetter1"/>
  </AutoStep>
  <ManualStep
    desc="  Send demand letter 1"
    id="DemandLetter1"
    layoutid="1826650735">
    <Enter/>
    <Exit/>
    <Timeout
      desc=""
      id="DemandLetter1"
      layoutid="214199837"
      nextStep="DemandLetter2"
      timeAbsolute="Workflow.getEventCompleteDate(typekey.DelinquencyEventName.TC_REMINDERLETTER1_EXT)"
      timeDelta=""><![CDATA[Workflow.sendDemandLetter1()]]></Timeout>
    <Trigger
      desc=""
      id="CRDPaidInFull_Ext"
      layoutid="2012509082"
      nextStep="ExitCRDelinquency"><![CDATA[]]></Trigger>
    <Trigger
      desc=""
      id="CRDChangeInBalanceGT400_Ext"
      layoutid="326604468"
      nextStep="AssignDirecrCollectorAndCreateHistory"/>
    <Trigger
      desc=""
      id="HoldCRDDelinquency_Ext"
      layoutid="376450004"
      nextStep="PostponeDelinquency"><![CDATA[]]></Trigger>
    <Trigger
      desc=""
      id="ExitCRDDelinquency_Ext"
      layoutid="1228897933"
      nextStep="ExitCRDelinquency"/>
  </ManualStep>
  <Outcome
    id="ExitCRDelinquency"
    layoutid="939232328">
    <Enter><![CDATA[Workflow.exitDelinquency()]]></Enter>
  </Outcome>
  <AutoStep
    id="AssignDirecrCollectorAndCreateHistory"
    layoutid="1335386384">
    <Enter><![CDATA[Workflow.createHistoryAndAssignDirectCollector()]]></Enter>
    <Go
      desc=""
      id="DemandLetter2"
      if="Workflow.isEventCompleted(typekey.DelinquencyEventName.TC_REMINDERLETTER1_EXT)"
      layoutid="2025940490"
      nextStep="DemandLetter2"/>
    <Go
      desc=""
      id="AssignDirecrCollectorAndCreateHistoryBranch"
      if=""
      layoutid="384766970"
      nextStep="DemandLetter1"/>
  </AutoStep>
  <ManualStep
    desc="Send demand letter 2"
    id="DemandLetter2"
    layoutid="1857808939">
    <Enter/>
    <Exit/>
    <Timeout
      desc=""
      id="DemandLetter2Branch"
      layoutid="1495949269"
      nextStep="BalanceCheck"
      timeAbsolute="Workflow.getEventCompleteDate(typekey.DelinquencyEventName.TC_REMINDERLETTER2_EXT)"
      timeDelta=""><![CDATA[Workflow.sendDemandLetter2()]]></Timeout>
    <Trigger
      desc=""
      id="CRDChangeInBalanceGT400_Ext"
      layoutid="1598492133"
      nextStep="AssignDirecrCollectorAndCreateHistory"><![CDATA[]]></Trigger>
    <Trigger
      desc=""
      id="CRDPaidInFull_Ext"
      layoutid="1215573397"
      nextStep="ExitCRDelinquency"/>
    <Trigger
      desc=""
      id="HoldCRDDelinquency_Ext"
      layoutid="144093758"
      nextStep="PostponeDelinquency"/>
    <Trigger
      desc=""
      id="ExitCRDDelinquency_Ext"
      layoutid="863878780"
      nextStep="ExitCRDelinquency"/>
  </ManualStep>
  <AutoStep
    id="BalanceCheck"
    layoutid="1718504573">
    <Go
      desc=""
      id="BalanceLessThanWriteOffThreshold"
      if="Workflow.CurrentAmountDue &lt;= producer.CRDelinquencyPlan_Ext.DirectColLowLimit"
      layoutid="1291491512"
      nextStep="WriteOffWait"><![CDATA[tmi.util.TMILogger.CONFIG.info("CRD work flow qualified for auto writeoff because current balance ${Workflow.CurrentAmountDue} is less than ${producer.CRDelinquencyPlan_Ext.DirectColLowLimit}")]]></Go>
    <Go
      desc=""
      id="SetWorkByDate"
      if="Workflow.WorkByDate == null"
      layoutid="697913649"
      nextStep="WaitForWorkByDateSetUp"><![CDATA[Workflow.createAndAssignActivityForWriteOffRequirement()]]></Go>
    <Go
      desc=""
      id="BalanceChangedFromLastBalance"
      if=""
      layoutid="1727947586"
      nextStep="WaitForCollectorsAction"><![CDATA[Workflow.createAndAssignActivityForWriteOffRequirement( )]]></Go>
  </AutoStep>
  <ManualStep
    id="WriteOffWait"
    layoutid="202098372">
    <Timeout
      desc=""
      id="WriteOffWaitBranch"
      layoutid="1145452670"
      nextStep="ProcessWriteOff"
      timeAbsolute="Workflow.getEventCompleteDate(typekey.DelinquencyEventName.TC_CRDWRITEOFF)"
      timeDelta=""><![CDATA[]]></Timeout>
    <Trigger
      desc=""
      id="ExitCRDDelinquency_Ext"
      layoutid="924634212"
      nextStep="ExitCRDelinquency"/>
    <Trigger
      desc=""
      id="CRDPaidInFull_Ext"
      layoutid="635782331"
      nextStep="ExitCRDelinquency"/>
    <Trigger
      desc=""
      id="HoldCRDDelinquency_Ext"
      layoutid="1478762816"
      nextStep="PostponeDelinquency"/>
    <Trigger
      desc=""
      id="BalanceChange_Ext"
      layoutid="93666584"
      nextStep="BalanceCheck"/>
  </ManualStep>
  <AutoStep
    id="ProcessWriteOff"
    layoutid="4595984">
    <Enter><![CDATA[Workflow.writeOffProcess()]]></Enter>
    <Go
      desc=""
      id="ProcessWriteOffBranch"
      layoutid="1242917493"
      nextStep="ExitCRDelinquency"/>
  </AutoStep>
  <ManualStep
    id="PostponeDelinquency"
    layoutid="2023148699">
    <Enter><![CDATA[Workflow.putDelinquencyOnHold()]]></Enter>
    <Trigger
      desc=""
      id="CRDDelinquencyHoldRemoved_Ext"
      layoutid="1207527858"
      nextStep="StepToGoAfterHoldRemoval"><![CDATA[]]></Trigger>
    <Trigger
      desc=""
      id="ExitCRDDelinquency_Ext"
      layoutid="245494542"
      nextStep="ExitCRDelinquency"><![CDATA[]]></Trigger>
  </ManualStep>
  <ManualStep
    id="WaitForCollectorsAction"
    layoutid="1530029304">
    <Enter/>
    <Trigger
      desc=""
      id="ExitCRDDelinquency_Ext"
      layoutid="1521568707"
      nextStep="ExitCRDelinquency"/>
    <Trigger
      desc=""
      id="BalanceChange_Ext"
      layoutid="1894482718"
      nextStep="BalanceCheckActivity"/>
    <Trigger
      desc=""
      id="HoldCRDDelinquency_Ext"
      layoutid="377572971"
      nextStep="PostponeDelinquency"/>
    <Timeout
      desc=""
      id="WorkByDayReached"
      layoutid="131671344"
      nextStep="BalanceCheck"
      timeAbsolute="Workflow.WorkByDate"
      timeDelta=""><![CDATA[Workflow.WorkByDate = null
Workflow.Producer.WorkByDate_Ext = null
]]></Timeout>
    <Trigger
      desc=""
      id="CRDPaidInFull_Ext"
      layoutid="216743887"
      nextStep="ExitCRDelinquency"/>
  </ManualStep>
  <AutoStep
    id="BalanceCheckActivity"
    layoutid="276103661">
    <Enter/>
    <Go
      desc=""
      id="OnDeliquencyInception"
      if="Workflow.WorkByDate != null"
      layoutid="837468001"
      nextStep="WaitForCollectorsAction"/>
    <Go
      desc=""
      id="WorkByDateSetup"
      layoutid="1165166541"
      nextStep="WaitForWorkByDateSetUp"/>
  </AutoStep>
  <AutoStep
    id="StepToGoAfterHoldRemoval"
    layoutid="1672074444">
    <Enter><![CDATA[Workflow.pushForwardHeldEvents(Workflow.HoldDate)

]]></Enter>
    <Exit><![CDATA[Workflow.Status = typekey.DelinquencyProcessStatus.TC_OPEN]]></Exit>
    <Go
      desc=""
      id="AddDelinquencyBanner"
      if="not Workflow.isEventCompleted(typekey.DelinquencyEventName.TC_CRDBANNER_EXT)"
      layoutid="1557463786"
      nextStep="AddDelinquencyBanner"/>
    <Go
      desc=""
      id="DemandLetter1"
      if="Workflow.isEventCompleted(typekey.DelinquencyEventName.TC_CRDBANNER_EXT) and not Workflow.isEventCompleted(typekey.DelinquencyEventName.TC_REMINDERLETTER1_EXT)"
      layoutid="1148842623"
      nextStep="DemandLetter1"><![CDATA[]]></Go>
    <Go
      desc=""
      id="DemandLetter2"
      if="Workflow.isEventCompleted(typekey.DelinquencyEventName.TC_CRDBANNER_EXT) and Workflow.isEventCompleted(typekey.DelinquencyEventName.TC_REMINDERLETTER1_EXT) and not Workflow.isEventCompleted(typekey.DelinquencyEventName.TC_REMINDERLETTER2_EXT)"
      layoutid="2098768518"
      nextStep="DemandLetter2"/>
    <Go
      desc=""
      id="WriteOffWait"
      if="Workflow.CurrentAmountDue &lt;= producer.CRDelinquencyPlan_Ext.DirectColLowLimit and Workflow.isEventCompleted(typekey.DelinquencyEventName.TC_CRDBANNER_EXT) and Workflow.isEventCompleted(typekey.DelinquencyEventName.TC_REMINDERLETTER1_EXT) and  Workflow.isEventCompleted(typekey.DelinquencyEventName.TC_REMINDERLETTER2_EXT)"
      layoutid="313386342"
      nextStep="WriteOffWait"><![CDATA[tmi.util.TMILogger.CONFIG.info("Resuming Write off wait")]]></Go>
    <Go
      desc=""
      id="WaitForCollectorsAction"
      layoutid="1989982871"
      nextStep="WaitForCollectorsAction"><![CDATA[tmi.util.TMILogger.CONFIG.info("Resuming Wait for collectors action")]]></Go>
  </AutoStep>
  <ManualStep
    id="WaitForWorkByDateSetUp"
    layoutid="344717734">
    <Enter/>
    <Trigger
      desc=""
      id="DCSetsWorkbyDate_Ext"
      layoutid="1826608819"
      nextStep="WaitForCollectorsAction"/>
    <Trigger
      desc=""
      id="BalanceChange_Ext"
      layoutid="1462379395"
      nextStep="BalanceCheckActivity"/>
    <Trigger
      desc=""
      id="ExitCRDDelinquency_Ext"
      layoutid="1317930382"
      nextStep="ExitCRDelinquency"/>
    <Trigger
      desc=""
      id="CRDPaidInFull_Ext"
      layoutid="626200207"
      nextStep="ExitCRDelinquency"/>
    <Trigger
      desc=""
      id="HoldCRDDelinquency_Ext"
      layoutid="2018942130"
      nextStep="PostponeDelinquency"/>
  </ManualStep>
  <Layout>
    <BoxUI
      height="4"
      layoutid="2029643767"
      width="20"
      x="8"
      y="-69"/>
    <ArrowUI
      layoutid="1268570871"
      visible="true">
      <PointUI
        x="23"
        y="-65"/>
      <PointUI
        x="23"
        y="-60"/>
    </ArrowUI>
    <ArrowUI
      layoutid="1798389126"
      visible="true">
      <PointUI
        x="12"
        y="-65"/>
      <PointUI
        x="12"
        y="-50"/>
    </ArrowUI>
    <BoxUI
      height="4"
      layoutid="139770064"
      width="20"
      x="8"
      y="-50"/>
    <ArrowUI
      layoutid="1432236450"
      visible="true">
      <PointUI
        x="12"
        y="-46"/>
      <PointUI
        x="12"
        y="-29"/>
    </ArrowUI>
    <BoxUI
      height="4"
      layoutid="1762055106"
      width="20"
      x="16"
      y="-60"/>
    <ArrowUI
      layoutid="921095306"
      visible="true">
      <PointUI
        x="23"
        y="-56"/>
      <PointUI
        x="23"
        y="-50"/>
    </ArrowUI>
    <ArrowUI
      layoutid="2059703152"
      visible="true">
      <PointUI
        x="33"
        y="-33"/>
      <PointUI
        x="33"
        y="-24"/>
      <PointUI
        x="16"
        y="-24"/>
    </ArrowUI>
    <BoxUI
      height="5"
      layoutid="1660112301"
      width="20"
      x="2"
      y="-29"/>
    <ArrowUI
      layoutid="392973078"
      visible="true">
      <PointUI
        x="12"
        y="-24"/>
      <PointUI
        x="12"
        y="-17"/>
    </ArrowUI>
    <BoxUI
      height="4"
      layoutid="1826650735"
      width="20"
      x="2"
      y="-17"/>
    <ArrowUI
      layoutid="214199837"
      visible="true">
      <PointUI
        x="12"
        y="-13"/>
      <PointUI
        x="12"
        y="8"/>
    </ArrowUI>
    <ArrowUI
      layoutid="2012509082"
      visible="true">
      <PointUI
        x="22"
        y="-15"/>
      <PointUI
        x="107"
        y="-15"/>
      <PointUI
        x="107"
        y="17"/>
    </ArrowUI>
    <BoxUI
      height="4"
      layoutid="939232328"
      width="20"
      x="97"
      y="17"/>
    <BoxUI
      height="4"
      layoutid="1335386384"
      width="20"
      x="35"
      y="-4"/>
    <ArrowUI
      layoutid="384766970"
      visible="true">
      <PointUI
        x="36"
        y="-4"/>
      <PointUI
        x="36"
        y="-8"/>
      <PointUI
        x="18"
        y="-8"/>
      <PointUI
        x="18"
        y="-13"/>
    </ArrowUI>
    <BoxUI
      height="4"
      layoutid="1857808939"
      width="20"
      x="3"
      y="8"/>
    <ArrowUI
      layoutid="1495949269"
      visible="true">
      <PointUI
        x="12"
        y="12"/>
      <PointUI
        x="12"
        y="26"/>
    </ArrowUI>
    <ArrowUI
      layoutid="1598492133"
      visible="true">
      <PointUI
        x="20"
        y="8"/>
      <PointUI
        x="20"
        y="4"/>
      <PointUI
        x="37"
        y="4"/>
      <PointUI
        x="37"
        y="0"/>
    </ArrowUI>
    <ArrowUI
      layoutid="2025940490"
      visible="true">
      <PointUI
        x="36"
        y="0"/>
      <PointUI
        x="36"
        y="3"/>
      <PointUI
        x="18"
        y="3"/>
      <PointUI
        x="18"
        y="8"/>
    </ArrowUI>
    <BoxUI
      height="4"
      layoutid="1718504573"
      width="20"
      x="3"
      y="26"/>
    <BoxUI
      height="4"
      layoutid="202098372"
      width="20"
      x="17"
      y="39"/>
    <ArrowUI
      layoutid="1145452670"
      visible="true">
      <PointUI
        x="27"
        y="43"/>
      <PointUI
        x="27"
        y="50"/>
    </ArrowUI>
    <ArrowUI
      layoutid="1291491512"
      visible="true">
      <PointUI
        x="22"
        y="30"/>
      <PointUI
        x="22"
        y="39"/>
    </ArrowUI>
    <BoxUI
      height="4"
      layoutid="4595984"
      width="20"
      x="18"
      y="50"/>
    <BoxUI
      height="4"
      layoutid="2023148699"
      width="20"
      x="-62"
      y="-41"/>
    <ArrowUI
      layoutid="1207527858"
      visible="true">
      <PointUI
        x="-47"
        y="-37"/>
      <PointUI
        x="-47"
        y="-33"/>
    </ArrowUI>
    <ArrowUI
      layoutid="1506159850"
      visible="true">
      <PointUI
        x="8"
        y="-48"/>
      <PointUI
        x="-52"
        y="-48"/>
      <PointUI
        x="-52"
        y="-41"/>
    </ArrowUI>
    <BoxUI
      height="4"
      layoutid="1530029304"
      width="20"
      x="2"
      y="85"/>
    <ArrowUI
      layoutid="1521568707"
      visible="true">
      <PointUI
        x="22"
        y="89"/>
      <PointUI
        x="107"
        y="89"/>
      <PointUI
        x="107"
        y="21"/>
    </ArrowUI>
    <ArrowUI
      layoutid="1727947586"
      visible="true">
      <PointUI
        x="4"
        y="30"/>
      <PointUI
        x="4"
        y="85"/>
    </ArrowUI>
    <BoxUI
      height="4"
      layoutid="276103661"
      width="20"
      x="15"
      y="71"/>
    <ArrowUI
      layoutid="837468001"
      visible="true">
      <PointUI
        x="17"
        y="75"/>
      <PointUI
        x="17"
        y="85"/>
    </ArrowUI>
    <ArrowUI
      layoutid="1894482718"
      visible="true">
      <PointUI
        x="20"
        y="85"/>
      <PointUI
        x="20"
        y="75"/>
    </ArrowUI>
    <ArrowUI
      layoutid="1242917493"
      visible="true">
      <PointUI
        x="38"
        y="52"/>
      <PointUI
        x="107"
        y="52"/>
      <PointUI
        x="107"
        y="21"/>
    </ArrowUI>
    <ArrowUI
      layoutid="1215573397"
      visible="true">
      <PointUI
        x="23"
        y="10"/>
      <PointUI
        x="107"
        y="10"/>
      <PointUI
        x="107"
        y="17"/>
    </ArrowUI>
    <ArrowUI
      layoutid="326604468"
      visible="true">
      <PointUI
        x="20"
        y="-13"/>
      <PointUI
        x="20"
        y="-9"/>
      <PointUI
        x="37"
        y="-9"/>
      <PointUI
        x="37"
        y="-4"/>
    </ArrowUI>
    <ArrowUI
      layoutid="924634212"
      visible="true">
      <PointUI
        x="37"
        y="42"/>
      <PointUI
        x="107"
        y="42"/>
      <PointUI
        x="107"
        y="21"/>
    </ArrowUI>
    <ArrowUI
      layoutid="635782331"
      visible="true">
      <PointUI
        x="37"
        y="41"/>
      <PointUI
        x="107"
        y="41"/>
      <PointUI
        x="107"
        y="21"/>
    </ArrowUI>
    <ArrowUI
      layoutid="1464702801"
      visible="true">
      <PointUI
        x="22"
        y="-26"/>
      <PointUI
        x="45"
        y="-26"/>
      <PointUI
        x="45"
        y="-4"/>
    </ArrowUI>
    <ArrowUI
      layoutid="245494542"
      visible="true">
      <PointUI
        x="-42"
        y="-39"/>
      <PointUI
        x="107"
        y="-39"/>
      <PointUI
        x="107"
        y="17"/>
    </ArrowUI>
    <ArrowUI
      layoutid="376450004"
      visible="true">
      <PointUI
        x="2"
        y="-14"/>
      <PointUI
        x="-59"
        y="-14"/>
      <PointUI
        x="-59"
        y="-37"/>
    </ArrowUI>
    <BoxUI
      height="4"
      layoutid="1672074444"
      width="20"
      x="-57"
      y="-33"/>
    <ArrowUI
      layoutid="1557463786"
      visible="true">
      <PointUI
        x="-46"
        y="-29"/>
      <PointUI
        x="-46"
        y="-26"/>
      <PointUI
        x="2"
        y="-26"/>
    </ArrowUI>
    <ArrowUI
      layoutid="1148842623"
      visible="true">
      <PointUI
        x="-48"
        y="-29"/>
      <PointUI
        x="-48"
        y="-15"/>
      <PointUI
        x="2"
        y="-15"/>
    </ArrowUI>
    <ArrowUI
      layoutid="2098768518"
      visible="true">
      <PointUI
        x="-50"
        y="-29"/>
      <PointUI
        x="-50"
        y="10"/>
      <PointUI
        x="3"
        y="10"/>
    </ArrowUI>
    <ArrowUI
      layoutid="1989982871"
      visible="true">
      <PointUI
        x="-54"
        y="-29"/>
      <PointUI
        x="-54"
        y="87"/>
      <PointUI
        x="2"
        y="87"/>
    </ArrowUI>
    <ArrowUI
      layoutid="313386342"
      visible="true">
      <PointUI
        x="-52"
        y="-29"/>
      <PointUI
        x="-52"
        y="41"/>
      <PointUI
        x="17"
        y="41"/>
    </ArrowUI>
    <ArrowUI
      layoutid="144093758"
      visible="true">
      <PointUI
        x="3"
        y="11"/>
      <PointUI
        x="-59"
        y="11"/>
      <PointUI
        x="-59"
        y="-37"/>
    </ArrowUI>
    <ArrowUI
      layoutid="377572971"
      visible="true">
      <PointUI
        x="2"
        y="88"/>
      <PointUI
        x="-59"
        y="88"/>
      <PointUI
        x="-59"
        y="-37"/>
    </ArrowUI>
    <ArrowUI
      layoutid="1478762816"
      visible="true">
      <PointUI
        x="17"
        y="42"/>
      <PointUI
        x="-59"
        y="42"/>
      <PointUI
        x="-59"
        y="-37"/>
    </ArrowUI>
    <ArrowUI
      layoutid="93666584"
      visible="true">
      <PointUI
        x="20"
        y="39"/>
      <PointUI
        x="20"
        y="30"/>
    </ArrowUI>
    <ArrowUI
      layoutid="131671344"
      visible="true">
      <PointUI
        x="2"
        y="86"/>
      <PointUI
        x="-12"
        y="86"/>
      <PointUI
        x="-12"
        y="28"/>
      <PointUI
        x="3"
        y="28"/>
    </ArrowUI>
    <BoxUI
      height="4"
      layoutid="344717734"
      width="20"
      x="6"
      y="60"/>
    <ArrowUI
      layoutid="1826608819"
      visible="true">
      <PointUI
        x="10"
        y="64"/>
      <PointUI
        x="10"
        y="85"/>
    </ArrowUI>
    <ArrowUI
      layoutid="697913649"
      visible="true">
      <PointUI
        x="13"
        y="30"/>
      <PointUI
        x="13"
        y="60"/>
    </ArrowUI>
    <ArrowUI
      layoutid="1462379395"
      visible="true">
      <PointUI
        x="24"
        y="64"/>
      <PointUI
        x="24"
        y="71"/>
    </ArrowUI>
    <ArrowUI
      layoutid="1317930382"
      visible="true">
      <PointUI
        x="26"
        y="63"/>
      <PointUI
        x="107"
        y="63"/>
      <PointUI
        x="107"
        y="21"/>
    </ArrowUI>
    <ArrowUI
      layoutid="216743887"
      visible="true">
      <PointUI
        x="22"
        y="88"/>
      <PointUI
        x="107"
        y="88"/>
      <PointUI
        x="107"
        y="21"/>
    </ArrowUI>
    <ArrowUI
      layoutid="626200207"
      visible="true">
      <PointUI
        x="26"
        y="62"/>
      <PointUI
        x="107"
        y="62"/>
      <PointUI
        x="107"
        y="21"/>
    </ArrowUI>
    <ArrowUI
      layoutid="1228897933"
      visible="true">
      <PointUI
        x="22"
        y="-14"/>
      <PointUI
        x="107"
        y="-14"/>
      <PointUI
        x="107"
        y="17"/>
    </ArrowUI>
    <ArrowUI
      layoutid="863878780"
      visible="true">
      <PointUI
        x="23"
        y="11"/>
      <PointUI
        x="107"
        y="11"/>
      <PointUI
        x="107"
        y="17"/>
    </ArrowUI>
    <ArrowUI
      layoutid="1165166541"
      visible="true">
      <PointUI
        x="20"
        y="71"/>
      <PointUI
        x="20"
        y="64"/>
    </ArrowUI>
    <ArrowUI
      layoutid="2018942130"
      visible="true">
      <PointUI
        x="6"
        y="62"/>
      <PointUI
        x="-59"
        y="62"/>
      <PointUI
        x="-59"
        y="-37"/>
    </ArrowUI>
  </Layout>
</Workflow>