<?xml version="1.0"?>
<Workflow
  language=""
  subtype="TMIDelinquency_Ext"
  version="1">
  <Context>
    <Symbol
      name="delinquency"
      type="DelinquencyProcess"
      value="Workflow.DelinquencyProcess"/>
  </Context>
  <Start
    firstStep="onDelinquencyInception"/>
  <AutoStep
    id="onDelinquencyInception"
    layoutid="630924718">
    <Enter><![CDATA[delinquency.onDelinquencyInception()]]></Enter>
    <Go
      desc=""
      id="ExitDelinquency"
      if="delinquency.isAgencyBillingAtPolicyLevel() or delinquency.isDelinquentAmountBelowThreshold() or delinquency.isPolicyExpiredWithoutFinalAudit() or delinquency.isPolicyCancelledWithoutFinalAudit()"
      layoutid="1510157356"
      nextStep="ExitDelinquency"/>
    <Go
      desc=""
      id="DirectBillingAtAccount"
      if=""
      layoutid="1716573553"
      nextStep="UpdatePolicyCenter"/>
  </AutoStep>
  <Outcome
    id="ExitDelinquency"
    layoutid="730350279">
    <Enter><![CDATA[delinquency.exitDelinquency()]]></Enter>
  </Outcome>
  <AutoStep
    id="UpdatePolicyCenter"
    layoutid="1748879432">
    <Enter><![CDATA[delinquency.updatePolicyCenter()
delinquency.reverseCommissions() 
]]></Enter>
    <Go
      desc=""
      id="AssignSrCollector"
      if="delinquency.isDelinquentAmountGreaterThanSrCollectorThreshold()"
      layoutid="970529651"
      nextStep="AssignSrCollector"/>
    <Go
      desc=""
      id="AssignJrCollection"
      if="delinquency.isDelinquentAmountWithinJrCollectorThresholds()"
      layoutid="629175961"
      nextStep="AssignJrCollection"/>
    <Go
      desc=""
      id="WaitForSixDays"
      layoutid="242604370"
      nextStep="WaitForSixDays"/>
  </AutoStep>
  <AutoStep
    id="AssignSrCollector"
    layoutid="1848858968">
    <Enter><![CDATA[delinquency.assignSrCollector()]]></Enter>
    <Go
      desc=""
      id="UpdatePolicyCenter"
      layoutid="1280263661"
      nextStep="WaitForSixDays"/>
  </AutoStep>
  <AutoStep
    id="AssignJrCollection"
    layoutid="2038124534">
    <Enter><![CDATA[delinquency.assignJrCollector()]]></Enter>
    <Go
      desc=""
      id="UpdatePolicyCenter"
      layoutid="700522479"
      nextStep="WaitForSixDays"/>
  </AutoStep>
  <ManualStep
    id="WaitForSixDays"
    layoutid="1037336875">
    <Timeout
      desc=""
      id="WaitSixDays"
      layoutid="1175847720"
      nextStep="CheckOutStanding"
      timeAbsolute="delinquency.getEventCompletionTargetDate(typekey.DelinquencyEventName.TC_DUNNINGLETTER1)"
      timeDelta=""/>
    <Trigger
      desc=""
      id="ExitDelinquency"
      layoutid="670789382"
      nextStep="ExitDelinquencyAfterCollectorAssignment"/>
    <Trigger
      desc=""
      id="DirectBillMoneyReceived_Ext"
      layoutid="895766011"
      nextStep="ExitDelinquencyAfterCollectorAssignment"/>
    <StepLocalization
      locale="en_US"
      name="Wait6Days"/>
    <Trigger
      desc=""
      id="Cancel"
      layoutid="81473600"
      nextStep="ExitDelinquencyAfterCollectorAssignment"/>
  </ManualStep>
  <AutoStep
    id="CheckOutStanding"
    layoutid="1924881313">
    <Go
      desc=""
      id="ExitDelinquencyAfterCollectorAssignment"
      if="delinquency.isDelinquentAmountBelowThreshold() or delinquency.isPolicyExpiredWithoutFinalAudit()"
      layoutid="952530844"
      nextStep="ExitDelinquencyAfterCollectorAssignment"/>
    <Go
      desc=""
      id="SkipFirstDunningLetter"
      if="delinquency.hasCollectionPaymentPlan"
      layoutid="2044881767"
      nextStep="SkipFirstDunningLetter"/>
    <Go
      desc=""
      id="SendFirstDunningLetterToAgent"
      if="delinquency.checkDPGAAndPaidAmountEqual0()"
      layoutid="673579177"
      nextStep="SendFirstDunningLetterToAgent"/>
    <Go
      desc=""
      id="SendDunningLetterToPolicyHolder"
      if=""
      layoutid="754818105"
      nextStep="SendDunningLetterToPolicyHolder"/>
  </AutoStep>
  <Outcome
    id="ExitDelinquencyAfterCollectorAssignment"
    layoutid="1288024755">
    <Enter><![CDATA[delinquency.exitDelinquencyAndCheckStatus()]]></Enter>
  </Outcome>
  <AutoStep
    id="SendDunningLetterToPolicyHolder"
    layoutid="404412562">
    <Go
      desc=""
      id="WaitFifteenDays"
      layoutid="206556287"
      nextStep="WaitFifteenDays"/>
    <Enter><![CDATA[delinquency.firstDunningLetterToAccountHolder()
]]></Enter>
    <StepLocalization
      locale="en_US"
      name="SendFirstDunningLetterToAccount"/>
  </AutoStep>
  <AutoStep
    id="SendFirstDunningLetterToAgent"
    layoutid="93620236">
    <Enter><![CDATA[delinquency.firstDunningLetterToAgent()]]></Enter>
    <Go
      desc=""
      id="WaitFifteenDays"
      layoutid="573848363"
      nextStep="WaitFifteenDays"/>
  </AutoStep>
  <ManualStep
    id="WaitFifteenDays"
    layoutid="1798280239">
    <Timeout
      desc=""
      id="PremiumOutstanding"
      layoutid="1038393530"
      nextStep="PremiumOutstanding"
      timeAbsolute="delinquency.getEventCompletionTargetDate(typekey.DelinquencyEventName.TC_CANCELINPAS)"
      timeDelta=""/>
    <Trigger
      desc=""
      id="ExitDelinquency"
      layoutid="1503084413"
      nextStep="ExitDelinquencyAfterCollectorAssignment"/>
    <Trigger
      desc=""
      id="DirectBillMoneyReceived_Ext"
      layoutid="845476090"
      nextStep="ExitDelinquencyAfterCollectorAssignment"/>
    <StepLocalization
      locale="en_US"
      name="Wait15Days"/>
    <Trigger
      desc=""
      id="Cancel"
      layoutid="1243911245"
      nextStep="ExitDelinquencyAfterCollectorAssignment"/>
  </ManualStep>
  <AutoStep
    id="PremiumOutstanding"
    layoutid="2145009936">
    <Go
      desc=""
      id="ExitDelinquencyAfterCollectorAssignment"
      if="delinquency.isDelinquentAmountBelowThreshold() or delinquency.isPolicyExpiredWithoutFinalAudit()"
      layoutid="158206450"
      nextStep="ExitDelinquencyAfterCollectorAssignment"/>
    <Go
      desc=""
      id="AssignToAllCollectors"
      if="delinquency.premiumOutstandingBetweenThresholds()"
      layoutid="1448247676"
      nextStep="AssignToAllCollectors"/>
    <Go
      desc=""
      id="ValidateCancellationRules"
      layoutid="1480202887"
      nextStep="ValidateCancellationRules"><![CDATA[//delinquency.assignRoboCollector()]]></Go>
  </AutoStep>
  <AutoStep
    id="AssignToAllCollectors"
    layoutid="999055795">
    <Enter><![CDATA[delinquency.assignAllCollector()]]></Enter>
    <Go
      desc=""
      id="SetPolicyCenter"
      layoutid="1564406362"
      nextStep="ValidateCancellationRules"/>
  </AutoStep>
  <AutoStep
    id="ValidateCancellationRules"
    layoutid="1908525704">
    <Go
      desc="If the policy qualifies for cancellation and is not currently being handled by a collector through a payment plan, then request cancellation in Policy Center"
      id="RequestForCancellation"
      if="delinquency.qualifiesForCancellation() and !delinquency.hasCollectionPaymentPlan and not delinquency.isTermExpiredAndNoRenewal()"
      layoutid="1047764167"
      nextStep="RequestCancellation"/>
    <Go
      desc=""
      id="WaitFor32Days"
      layoutid="1083852195"
      nextStep="SkipRequestCancellation"/>
  </AutoStep>
  <AutoStep
    id="ResciendRequestOfCancellation"
    layoutid="1963611608">
    <Enter><![CDATA[delinquency.rescindRequestForCancellation()]]></Enter>
    <Go
      desc=""
      id="ResciendRequestOfCancellation"
      layoutid="842594255"
      nextStep="ExitDelinquencyAfterCollectorAssignment"/>
    <StepLocalization
      locale="en_US"
      name="RescindRequestOfCancellation"/>
  </AutoStep>
  <ManualStep
    id="WaitForSecondDunningLetter"
    layoutid="284647103">
    <Timeout
      desc=""
      id="WaitFor32Days"
      layoutid="245902360"
      nextStep="DGPAissuanceAndPaidAmount"
      timeAbsolute="delinquency.getEventCompletionTargetDate(typekey.DelinquencyEventName.TC_DUNNINGLETTER2)"
      timeDelta=""/>
    <StepLocalization
      locale="en_US"
      name="Wait32Days"/>
    <Trigger
      desc=""
      id="DirectBillMoneyReceived_Ext"
      layoutid="687678180"
      nextStep="ResciendRequestOfCancellation"/>
    <Trigger
      desc=""
      id="ExitDelinquency"
      layoutid="159039956"
      nextStep="ResciendRequestOfCancellation"/>
    <Trigger
      desc=""
      id="Cancel"
      layoutid="1514875489"
      nextStep="ExitDelinquencyAfterCollectorAssignment1"/>
  </ManualStep>
  <AutoStep
    id="DGPAissuanceAndPaidAmount"
    layoutid="397710539">
    <Go
      desc=""
      id="SkipSecondDunningLetter"
      if="delinquency.hasCollectionPaymentPlan"
      layoutid="975901976"
      nextStep="SkipSecondDunningLetter"/>
    <Go
      desc=""
      id="SendSecondDunnigLetterToAgent"
      if="delinquency.checkDPGAAndPaidAmountEqual0()"
      layoutid="743246917"
      nextStep="SendSecondDunningLetterToAgentOld"/>
    <Go
      desc=""
      id="SendSecondDunningLetterPolicyHolder"
      if=""
      layoutid="1741877688"
      nextStep="SendSecondDunningLetterPolicyHolderOld"/>
    <StepLocalization
      locale="en_US"
      name="DGPAIssuanceAndPaidAmount"/>
  </AutoStep>
  <AutoStep
    id="SendSecondDunningLetterToAgentOld"
    layoutid="697867022">
    <Enter><![CDATA[delinquency.secondDunningLetterToAgent()]]></Enter>
    <Go
      desc=""
      id="PremiumOutstanding2"
      layoutid="466767589"
      nextStep="Wait50Days"/>
    <StepLocalization
      locale="en_US"
      name="SendSecondDunningLetterToAgent"/>
  </AutoStep>
  <AutoStep
    id="SendSecondDunningLetterPolicyHolderOld"
    layoutid="2007192196">
    <Enter><![CDATA[delinquency.secondDunningLetterToAccountHolder()]]></Enter>
    <Go
      desc=""
      id="Wait50Days"
      layoutid="860048886"
      nextStep="Wait50Days"/>
    <StepLocalization
      locale="en_US"
      name="SendSecondDunningLetterToAccount"/>
  </AutoStep>
  <ManualStep
    id="Wait50Days"
    layoutid="665087764">
    <Timeout
      desc=""
      id="PremiumOutstanding2"
      layoutid="1319055413"
      nextStep="PremiumOutstanding2"
      timeAbsolute="delinquency.getEventCompletionTargetDate(typekey.DelinquencyEventName.TC_DUNNINGLETTER3)"
      timeDelta=""/>
    <Trigger
      desc=""
      id="ExitDelinquency"
      layoutid="1495728037"
      nextStep="ResciendRequestOfCancellation"/>
    <Trigger
      desc=""
      id="DirectBillMoneyReceived_Ext"
      layoutid="894055665"
      nextStep="ResciendRequestOfCancellation"/>
    <Trigger
      desc=""
      id="Cancel"
      layoutid="841241912"
      nextStep="ExitDelinquencyAfterCollectorAssignment1"/>
  </ManualStep>
  <AutoStep
    id="PremiumOutstanding2"
    layoutid="940794728">
    <Go
      desc=""
      id="PremiumOutstanding"
      if="(delinquency.isDelinquentAmountBelowThreshold() or delinquency.isPolicyExpiredWithoutFinalAudit()) and delinquency.DelinquencyEvents.hasMatch( \ elt1 -&gt; elt1.EventName == typekey.DelinquencyEventName.TC_CANCELINPAS)"
      layoutid="1848791149"
      nextStep="ResciendRequestOfCancellation"/>
    <Go
      desc=""
      id="SkipThirdDunningLetter"
      if="delinquency.hasCollectionPaymentPlan"
      layoutid="1775408534"
      nextStep="SkipThirdDunningLetter"/>
    <Go
      desc=""
      id="SendThirdDunningLetterToAgent"
      if="delinquency.checkDPGAAndPaidAmountEqual0()"
      layoutid="1453108613"
      nextStep="SendThirdDunningLetterToAgentx"/>
    <Go
      desc=""
      id="SendThirdDunningLetter"
      layoutid="880551334"
      nextStep="SendThirdDunningLetterToAccount"/>
  </AutoStep>
  <AutoStep
    id="SendThirdDunningLetterToAccount"
    layoutid="1527073965">
    <Enter><![CDATA[delinquency.thirdDunningLetterToAccountHolder()]]></Enter>
    <Go
      desc=""
      id="Wait1Day"
      layoutid="253209897"
      nextStep="CheckPremiumBalanceForLessThan25"/>
  </AutoStep>
  <AutoStep
    id="SendThirdDunningLetterToAgentx"
    layoutid="955010138">
    <Enter><![CDATA[delinquency.thirdDunningLetterToAgent()]]></Enter>
    <Go
      desc=""
      id="Wait1Day"
      layoutid="193077761"
      nextStep="CheckPremiumBalanceForLessThan25"/>
    <StepLocalization
      locale="en_US"
      name="SendThirdDunningLetterToAgent"/>
  </AutoStep>
  <Outcome
    id="ExitDelinquencyAfterCollectorAssignment1"
    layoutid="1587954129">
    <Enter><![CDATA[delinquency.exitDelinquencyAndCheckStatus()]]></Enter>
  </Outcome>
  <AutoStep
    id="CheckOutstandingPremium"
    layoutid="1032207103">
    <Go
      desc=""
      id="ResciendRequestOfCancellation"
      if="delinquency.isDelinquentAmountBelowThreshold() or delinquency.isPolicyExpiredWithoutFinalAudit()"
      layoutid="578519400"
      nextStep="ResciendRequestOfCancellation"/>
    <Go
      desc=""
      id="CheckOutstandingPremium"
      if=""
      layoutid="1616808874"
      nextStep="CheckPremiumBalanceForLessThan25"/>
  </AutoStep>
  <ManualStep
    id="CheckPremiumBalanceForLessThan25"
    layoutid="1799010152">
    <Trigger
      desc=""
      id="DirectBillMoneyReceived_Ext"
      layoutid="1833769897"
      nextStep="ResciendRequestOfCancellation"/>
    <Timeout
      desc=""
      id="CheckOutstandingPremium"
      layoutid="1563831817"
      nextStep="CheckOutstandingPremium"
      timeDelta="1d0h0s"/>
    <Trigger
      desc=""
      id="ExitDelinquency"
      layoutid="1294496325"
      nextStep="ExitDelinquencyAfterCollectorAssignment1"/>
    <Trigger
      desc=""
      id="isNGF_OGC_Writeoff_Ext"
      layoutid="776961641"
      nextStep="NotGoodFaith_OGC_Writeoff"/>
    <Trigger
      desc=""
      id="isNGF_PR_Writeoff_Ext"
      layoutid="207090985"
      nextStep="NotGoodFaith_PR_Writeoff"/>
    <Trigger
      desc=""
      id="isGoodWillWriteOff"
      layoutid="863990477"
      nextStep="GoodFaithWriteOff"/>
    <StepLocalization
      locale="en_US"
      name="CheckBalanceDaily"/>
    <Trigger
      desc=""
      id="Cancel"
      layoutid="307872890"
      nextStep="ExitDelinquencyAfterCollectorAssignment1"/>
  </ManualStep>
  <Outcome
    id="ExitDelinquencyAfterWriteOff"
    layoutid="1633860989">
    <Enter><![CDATA[delinquency.nonGoodFaithExitDelinquency()]]></Enter>
  </Outcome>
  <AutoStep
    id="GoodFaithWriteOff"
    layoutid="1127364852">
    <Enter><![CDATA[var pp = delinquency.Target as PolicyPeriod
pp.DirectCollector_Ext = null
pp.Collecting_Ext = false
pp.CollectionStatus = CollectionStatus_Ext.TC_WRITEOFFGFGOODFAITH
pp.addEvent(gw.plugin.pas.PASMessageTransport.EVENT_POLICY_PERIOD_REMOVE_DELINQUENCY_FLAG)]]></Enter>
    <Go
      desc=""
      id="ExitDelinquencyAfterWriteOff"
      layoutid="1595480451"
      nextStep="ExitDelinquencyAfterWriteOff"/>
  </AutoStep>
  <AutoStep
    id="NotGoodFaith_PR_Writeoff"
    layoutid="1188631786">
    <Enter><![CDATA[var pp = delinquency.Target as PolicyPeriod       
pp.DirectCollector_Ext = null
pp.Collecting_Ext = false
pp.CollectionStatus = typekey.CollectionStatus_Ext.TC_WRITEOFFNGF_PR
//pp.addEvent(gw.plugin.pas.PASMessageTransport.EVENT_POLICY_PERIOD_NGF_WRITEOFF_FLAG)]]></Enter>
    <Go
      desc=""
      id="ExitDelinquencyAfterWriteOff"
      layoutid="1689297554"
      nextStep="ExitDelinquencyAfterWriteOff"/>
  </AutoStep>
  <AutoStep
    id="NotGoodFaith_OGC_Writeoff"
    layoutid="1195869326">
    <Enter><![CDATA[var pp = delinquency.Target as PolicyPeriod       
pp.DirectCollector_Ext = null
pp.Collecting_Ext = false
pp.CollectionStatus = typekey.CollectionStatus_Ext.TC_WRITEOFFNGF_OGC
//pp.addEvent(gw.plugin.pas.PASMessageTransport.EVENT_POLICY_PERIOD_NGF_WRITEOFF_FLAG)]]></Enter>
    <Go
      desc=""
      id="ExitDelinquencyAfterWriteOff"
      layoutid="1771542217"
      nextStep="ExitDelinquencyAfterWriteOff"/>
  </AutoStep>
  <AutoStep
    id="RequestCancellation"
    layoutid="88444119">
    <Enter><![CDATA[delinquency.requestForCancellation()]]></Enter>
    <Go
      desc=""
      id="ValidateCancellationRules"
      layoutid="1250471014"
      nextStep="WaitForSecondDunningLetter"/>
  </AutoStep>
  <AutoStep
    id="SkipFirstDunningLetter"
    layoutid="1190468755">
    <Enter><![CDATA[delinquency.flagEventCompleted(typekey.DelinquencyEventName.TC_SKIPDUNNINGLETTER1)]]></Enter>
    <Go
      desc=""
      id="WaitFifteenDays"
      layoutid="516314899"
      nextStep="WaitFifteenDays"/>
  </AutoStep>
  <AutoStep
    id="SkipRequestCancellation"
    layoutid="768939438">
    <Enter><![CDATA[delinquency.flagEventCompleted(typekey.DelinquencyEventName.TC_SKIPCANCELINPAS)
delinquency.logHistoryEventIfCancelRequestSkipped()]]></Enter>
    <Go
      desc=""
      id="WaitForSecondDunningLetter"
      layoutid="1072617808"
      nextStep="WaitForSecondDunningLetter"/>
  </AutoStep>
  <AutoStep
    id="SkipSecondDunningLetter"
    layoutid="1263058565">
    <Enter><![CDATA[delinquency.flagEventCompleted(typekey.DelinquencyEventName.TC_SKIPDUNNINGLETTER2)]]></Enter>
    <Go
      desc=""
      id="Wait50Days"
      layoutid="337723473"
      nextStep="Wait50Days"/>
  </AutoStep>
  <AutoStep
    id="SkipThirdDunningLetter"
    layoutid="1220044587">
    <Enter><![CDATA[delinquency.flagEventCompleted(typekey.DelinquencyEventName.TC_SKIPDUNNINGLETTER3)]]></Enter>
    <Go
      desc=""
      id="CheckPremiumBalanceForLessThan25"
      layoutid="1862037076"
      nextStep="CheckPremiumBalanceForLessThan25"/>
  </AutoStep>
  <Layout>
    <BoxUI
      height="4"
      layoutid="630924718"
      width="20"
      x="-51"
      y="-68"/>
    <BoxUI
      height="4"
      layoutid="730350279"
      width="20"
      x="15"
      y="-68"/>
    <ArrowUI
      layoutid="1510157356"
      visible="true">
      <PointUI
        x="-31"
        y="-66"/>
      <PointUI
        x="15"
        y="-66"/>
    </ArrowUI>
    <ArrowUI
      layoutid="1981217491"
      visible="true">
      <PointUI
        x="33"
        y="-38"/>
      <PointUI
        x="50"
        y="-51"/>
    </ArrowUI>
    <ArrowUI
      layoutid="1784587422">
      <PointUI
        x="14"
        y="-46"/>
      <PointUI
        x="40"
        y="-53"/>
    </ArrowUI>
    <ArrowUI
      layoutid="1716573553"
      visible="true">
      <PointUI
        x="-41"
        y="-64"/>
      <PointUI
        x="-41"
        y="-58"/>
    </ArrowUI>
    <ArrowUI
      layoutid="892481585"
      visible="true">
      <PointUI
        x="47"
        y="-46"/>
      <PointUI
        x="59"
        y="-46"/>
    </ArrowUI>
    <BoxUI
      height="4"
      layoutid="1748879432"
      width="20"
      x="-52"
      y="-58"/>
    <BoxUI
      height="4"
      layoutid="1848858968"
      width="20"
      x="-26"
      y="-50"/>
    <ArrowUI
      layoutid="1280263661"
      visible="true">
      <PointUI
        x="-6"
        y="-48"/>
      <PointUI
        x="2"
        y="-48"/>
      <PointUI
        x="2"
        y="-35"/>
      <PointUI
        x="-41"
        y="-35"/>
      <PointUI
        x="-41"
        y="-30"/>
    </ArrowUI>
    <BoxUI
      height="4"
      layoutid="2038124534"
      width="20"
      x="-26"
      y="-43"/>
    <ArrowUI
      layoutid="700522479"
      visible="true">
      <PointUI
        x="-6"
        y="-41"/>
      <PointUI
        x="2"
        y="-41"/>
      <PointUI
        x="2"
        y="-35"/>
      <PointUI
        x="-41"
        y="-35"/>
      <PointUI
        x="-41"
        y="-30"/>
    </ArrowUI>
    <BoxUI
      height="4"
      layoutid="1037336875"
      width="20"
      x="-52"
      y="-30"/>
    <ArrowUI
      layoutid="1175847720"
      visible="true">
      <PointUI
        x="-41"
        y="-26"/>
      <PointUI
        x="-41"
        y="-20"/>
    </ArrowUI>
    <BoxUI
      height="4"
      layoutid="1924881313"
      width="20"
      x="-52"
      y="-20"/>
    <BoxUI
      height="4"
      layoutid="1288024755"
      width="20"
      x="77"
      y="7"/>
    <ArrowUI
      layoutid="952530844"
      visible="true">
      <PointUI
        x="-32"
        y="-18"/>
      <PointUI
        x="87"
        y="-18"/>
      <PointUI
        x="87"
        y="7"/>
    </ArrowUI>
    <ArrowUI
      layoutid="670789382"
      visible="true">
      <PointUI
        x="-32"
        y="-29"/>
      <PointUI
        x="87"
        y="-29"/>
      <PointUI
        x="87"
        y="7"/>
    </ArrowUI>
    <ArrowUI
      layoutid="1811832117"
      visible="true">
      <PointUI
        x="20"
        y="3"/>
      <PointUI
        x="20"
        y="8"/>
      <PointUI
        x="87"
        y="8"/>
      <PointUI
        x="87"
        y="2"/>
    </ArrowUI>
    <ArrowUI
      layoutid="1861211336"
      visible="true">
      <PointUI
        x="-38"
        y="17"/>
      <PointUI
        x="87"
        y="11"/>
      <PointUI
        x="87"
        y="-1"/>
    </ArrowUI>
    <BoxUI
      height="4"
      layoutid="404412562"
      width="20"
      x="-75"
      y="-7"/>
    <ArrowUI
      layoutid="754818105"
      visible="true">
      <PointUI
        x="-49"
        y="-16"/>
      <PointUI
        x="-49"
        y="-11"/>
      <PointUI
        x="-65"
        y="-11"/>
      <PointUI
        x="-65"
        y="-7"/>
    </ArrowUI>
    <BoxUI
      height="4"
      layoutid="2145009936"
      width="20"
      x="-52"
      y="19"/>
    <ArrowUI
      layoutid="158206450"
      visible="true">
      <PointUI
        x="-32"
        y="21"/>
      <PointUI
        x="87"
        y="21"/>
      <PointUI
        x="87"
        y="11"/>
    </ArrowUI>
    <BoxUI
      height="4"
      layoutid="999055795"
      width="20"
      x="-45"
      y="29"/>
    <ArrowUI
      layoutid="1564406362"
      visible="true">
      <PointUI
        x="-35"
        y="33"/>
      <PointUI
        x="-35"
        y="37"/>
      <PointUI
        x="-41"
        y="37"/>
      <PointUI
        x="-41"
        y="42"/>
    </ArrowUI>
    <ArrowUI
      layoutid="1933666887"
      visible="true">
      <PointUI
        x="97"
        y="32"/>
      <PointUI
        x="97"
        y="44"/>
      <PointUI
        x="53"
        y="44"/>
    </ArrowUI>
    <ArrowUI
      layoutid="1336097811"
      visible="true">
      <PointUI
        x="4"
        y="-37"/>
      <PointUI
        x="4"
        y="-20"/>
      <PointUI
        x="28"
        y="-20"/>
    </ArrowUI>
    <ArrowUI
      layoutid="257969309"
      visible="true">
      <PointUI
        x="-38"
        y="19"/>
      <PointUI
        x="-24"
        y="19"/>
      <PointUI
        x="-4"
        y="19"/>
      <PointUI
        x="-4"
        y="31"/>
    </ArrowUI>
    <ArrowUI
      layoutid="1448247676"
      visible="true">
      <PointUI
        x="-35"
        y="23"/>
      <PointUI
        x="-35"
        y="29"/>
    </ArrowUI>
    <BoxUI
      height="4"
      layoutid="1908525704"
      width="20"
      x="-51"
      y="42"/>
    <ArrowUI
      layoutid="1480202887"
      visible="true">
      <PointUI
        x="-48"
        y="23"/>
      <PointUI
        x="-48"
        y="37"/>
      <PointUI
        x="-41"
        y="37"/>
      <PointUI
        x="-41"
        y="42"/>
    </ArrowUI>
    <ArrowUI
      layoutid="890527483"
      visible="true">
      <PointUI
        x="78"
        y="53"/>
      <PointUI
        x="120"
        y="53"/>
      <PointUI
        x="120"
        y="1"/>
      <PointUI
        x="97"
        y="1"/>
    </ArrowUI>
    <BoxUI
      height="4"
      layoutid="284647103"
      width="14"
      x="-48"
      y="66"/>
    <ArrowUI
      layoutid="245902360"
      visible="true">
      <PointUI
        x="-41"
        y="70"/>
      <PointUI
        x="-41"
        y="76"/>
    </ArrowUI>
    <ArrowUI
      layoutid="1083852195"
      visible="true">
      <PointUI
        x="-48"
        y="46"/>
      <PointUI
        x="-48"
        y="50"/>
      <PointUI
        x="-60"
        y="50"/>
      <PointUI
        x="-60"
        y="53"/>
    </ArrowUI>
    <ArrowUI
      layoutid="1105512432"
      visible="true">
      <PointUI
        x="5"
        y="59"/>
      <PointUI
        x="97"
        y="54"/>
      <PointUI
        x="97"
        y="59"/>
    </ArrowUI>
    <ArrowUI
      layoutid="1047764167"
      visible="true">
      <PointUI
        x="-35"
        y="46"/>
      <PointUI
        x="-35"
        y="50"/>
      <PointUI
        x="-24"
        y="50"/>
      <PointUI
        x="-24"
        y="53"/>
    </ArrowUI>
    <BoxUI
      height="4"
      layoutid="1963611608"
      width="20"
      x="80"
      y="66"/>
    <ArrowUI
      layoutid="842594255"
      visible="true">
      <PointUI
        x="90"
        y="66"/>
      <PointUI
        x="90"
        y="11"/>
    </ArrowUI>
    <BoxUI
      height="4"
      layoutid="397710539"
      width="20"
      x="-51"
      y="76"/>
    <ArrowUI
      layoutid="743246917"
      visible="true">
      <PointUI
        x="-41"
        y="80"/>
      <PointUI
        x="-41"
        y="87"/>
    </ArrowUI>
    <ArrowUI
      layoutid="358826626"
      visible="true">
      <PointUI
        x="-5"
        y="60"/>
      <PointUI
        x="77"
        y="74"/>
      <PointUI
        x="53"
        y="74"/>
    </ArrowUI>
    <ArrowUI
      layoutid="1769221516"
      visible="true">
      <PointUI
        x="-38"
        y="17"/>
      <PointUI
        x="87"
        y="12"/>
      <PointUI
        x="87"
        y="-1"/>
    </ArrowUI>
    <ArrowUI
      layoutid="866006854"
      visible="true">
      <PointUI
        x="19"
        y="91"/>
      <PointUI
        x="19"
        y="96"/>
      <PointUI
        x="132"
        y="96"/>
      <PointUI
        x="132"
        y="65"/>
      <PointUI
        x="109"
        y="65"/>
      <PointUI
        x="116"
        y="66"/>
    </ArrowUI>
    <ArrowUI
      layoutid="1598548393"
      visible="true">
      <PointUI
        x="5"
        y="57"/>
      <PointUI
        x="117"
        y="52"/>
      <PointUI
        x="117"
        y="21"/>
      <PointUI
        x="97"
        y="21"/>
    </ArrowUI>
    <ArrowUI
      layoutid="100363047"
      visible="true">
      <PointUI
        x="70"
        y="88"/>
      <PointUI
        x="70"
        y="90"/>
      <PointUI
        x="129"
        y="90"/>
      <PointUI
        x="129"
        y="67"/>
      <PointUI
        x="106"
        y="67"/>
      <PointUI
        x="113"
        y="70"/>
    </ArrowUI>
    <ArrowUI
      layoutid="1574312724"
      visible="true">
      <PointUI
        x="79"
        y="85"/>
      <PointUI
        x="121"
        y="85"/>
      <PointUI
        x="121"
        y="2"/>
      <PointUI
        x="97"
        y="9"/>
    </ArrowUI>
    <ArrowUI
      layoutid="1916015883"
      visible="true">
      <PointUI
        x="21"
        y="91"/>
      <PointUI
        x="21"
        y="92"/>
      <PointUI
        x="121"
        y="92"/>
      <PointUI
        x="121"
        y="-4"/>
      <PointUI
        x="97"
        y="8"/>
    </ArrowUI>
    <ArrowUI
      layoutid="1741877688"
      visible="true">
      <PointUI
        x="-48"
        y="80"/>
      <PointUI
        x="-48"
        y="84"/>
      <PointUI
        x="-65"
        y="84"/>
      <PointUI
        x="-65"
        y="87"/>
    </ArrowUI>
    <ArrowUI
      layoutid="1005466553"
      visible="true">
      <PointUI
        x="55"
        y="101"/>
      <PointUI
        x="103"
        y="101"/>
      <PointUI
        x="103"
        y="63"/>
    </ArrowUI>
    <BoxUI
      height="4"
      layoutid="940794728"
      width="20"
      x="-51"
      y="109"/>
    <ArrowUI
      layoutid="1848791149"
      visible="true">
      <PointUI
        x="-31"
        y="111"/>
      <PointUI
        x="90"
        y="111"/>
      <PointUI
        x="90"
        y="70"/>
    </ArrowUI>
    <ArrowUI
      layoutid="1366540613"
      visible="true">
      <PointUI
        x="16"
        y="91"/>
      <PointUI
        x="16"
        y="103"/>
      <PointUI
        x="44"
        y="103"/>
    </ArrowUI>
    <ArrowUI
      layoutid="874079901"
      visible="true">
      <PointUI
        x="66"
        y="88"/>
      <PointUI
        x="66"
        y="103"/>
      <PointUI
        x="64"
        y="103"/>
    </ArrowUI>
    <ArrowUI
      layoutid="233100198"
      visible="true">
      <PointUI
        x="11"
        y="125"/>
      <PointUI
        x="25"
        y="122"/>
      <PointUI
        x="104"
        y="122"/>
      <PointUI
        x="111"
        y="70"/>
    </ArrowUI>
    <ArrowUI
      layoutid="565127799"
      visible="true">
      <PointUI
        x="62"
        y="116"/>
      <PointUI
        x="100"
        y="115"/>
      <PointUI
        x="107"
        y="70"/>
    </ArrowUI>
    <ArrowUI
      layoutid="1453108613"
      visible="true">
      <PointUI
        x="-41"
        y="113"/>
      <PointUI
        x="-41"
        y="120"/>
    </ArrowUI>
    <ArrowUI
      layoutid="880551334"
      visible="true">
      <PointUI
        x="-47"
        y="113"/>
      <PointUI
        x="-47"
        y="117"/>
      <PointUI
        x="-65"
        y="117"/>
      <PointUI
        x="-65"
        y="120"/>
    </ArrowUI>
    <BoxUI
      height="4"
      layoutid="1799010152"
      width="20"
      x="-51"
      y="135"/>
    <ArrowUI
      layoutid="1833769897"
      visible="true">
      <PointUI
        x="-31"
        y="138"/>
      <PointUI
        x="90"
        y="138"/>
      <PointUI
        x="90"
        y="70"/>
    </ArrowUI>
    <ArrowUI
      layoutid="1637860512"
      visible="true">
      <PointUI
        x="1"
        y="125"/>
      <PointUI
        x="19"
        y="130"/>
      <PointUI
        x="41"
        y="133"/>
    </ArrowUI>
    <ArrowUI
      layoutid="1834822867"
      visible="true">
      <PointUI
        x="53"
        y="118"/>
      <PointUI
        x="52"
        y="131"/>
    </ArrowUI>
    <BoxUI
      height="4"
      layoutid="1032207103"
      width="20"
      x="-56"
      y="176"/>
    <ArrowUI
      layoutid="1616808874"
      visible="true">
      <PointUI
        x="-56"
        y="178"/>
      <PointUI
        x="-66"
        y="178"/>
      <PointUI
        x="-66"
        y="137"/>
      <PointUI
        x="-51"
        y="137"/>
    </ArrowUI>
    <ArrowUI
      layoutid="1563831817"
      visible="true">
      <PointUI
        x="-46"
        y="139"/>
      <PointUI
        x="-46"
        y="176"/>
    </ArrowUI>
    <ArrowUI
      layoutid="578519400"
      visible="true">
      <PointUI
        x="-36"
        y="178"/>
      <PointUI
        x="90"
        y="178"/>
      <PointUI
        x="90"
        y="70"/>
    </ArrowUI>
    <BoxUI
      height="4"
      layoutid="1587954129"
      width="20"
      x="20"
      y="120"/>
    <ArrowUI
      layoutid="1828878127"
      visible="true">
      <PointUI
        x="62"
        y="116"/>
      <PointUI
        x="67"
        y="120"/>
      <PointUI
        x="68"
        y="183"/>
      <PointUI
        x="35"
        y="183"/>
    </ArrowUI>
    <ArrowUI
      layoutid="295777260"
      visible="true">
      <PointUI
        x="-6"
        y="125"/>
      <PointUI
        x="12"
        y="184"/>
      <PointUI
        x="15"
        y="184"/>
    </ArrowUI>
    <ArrowUI
      layoutid="1294496325"
      visible="true">
      <PointUI
        x="-31"
        y="136"/>
      <PointUI
        x="30"
        y="136"/>
      <PointUI
        x="30"
        y="124"/>
    </ArrowUI>
    <ArrowUI
      layoutid="1540180503"
      visible="true">
      <PointUI
        x="58"
        y="134"/>
      <PointUI
        x="94"
        y="134"/>
      <PointUI
        x="94"
        y="63"/>
    </ArrowUI>
    <ArrowUI
      layoutid="242153475"
      visible="true">
      <PointUI
        x="48"
        y="136"/>
      <PointUI
        x="48"
        y="141"/>
    </ArrowUI>
    <ArrowUI
      layoutid="687678180"
      visible="true">
      <PointUI
        x="-34"
        y="67"/>
      <PointUI
        x="80"
        y="67"/>
    </ArrowUI>
    <ArrowUI
      layoutid="159039956"
      visible="true">
      <PointUI
        x="-34"
        y="68"/>
      <PointUI
        x="80"
        y="68"/>
    </ArrowUI>
    <ArrowUI
      layoutid="895766011"
      visible="true">
      <PointUI
        x="-32"
        y="-28"/>
      <PointUI
        x="87"
        y="-28"/>
      <PointUI
        x="87"
        y="7"/>
    </ArrowUI>
    <ArrowUI
      layoutid="970529651"
      visible="true">
      <PointUI
        x="-35"
        y="-54"/>
      <PointUI
        x="-35"
        y="-48"/>
      <PointUI
        x="-26"
        y="-48"/>
    </ArrowUI>
    <ArrowUI
      layoutid="629175961"
      visible="true">
      <PointUI
        x="-38"
        y="-54"/>
      <PointUI
        x="-38"
        y="-41"/>
      <PointUI
        x="-26"
        y="-41"/>
    </ArrowUI>
    <ArrowUI
      layoutid="242604370"
      visible="true">
      <PointUI
        x="-41"
        y="-54"/>
      <PointUI
        x="-41"
        y="-30"/>
    </ArrowUI>
    <BoxUI
      height="4"
      layoutid="1633860989"
      width="20"
      x="9"
      y="155"/>
    <BoxUI
      height="4"
      layoutid="1127364852"
      width="20"
      x="-23"
      y="147"/>
    <ArrowUI
      layoutid="1595480451"
      visible="true">
      <PointUI
        x="-3"
        y="149"/>
      <PointUI
        x="19"
        y="149"/>
      <PointUI
        x="19"
        y="155"/>
    </ArrowUI>
    <BoxUI
      height="4"
      layoutid="1188631786"
      width="20"
      x="-23"
      y="155"/>
    <ArrowUI
      layoutid="1689297554"
      visible="true">
      <PointUI
        x="-3"
        y="157"/>
      <PointUI
        x="9"
        y="157"/>
    </ArrowUI>
    <BoxUI
      height="4"
      layoutid="1195869326"
      width="20"
      x="-23"
      y="163"/>
    <ArrowUI
      layoutid="1771542217"
      visible="true">
      <PointUI
        x="-3"
        y="165"/>
      <PointUI
        x="19"
        y="165"/>
      <PointUI
        x="19"
        y="159"/>
    </ArrowUI>
    <ArrowUI
      layoutid="776961641"
      visible="true">
      <PointUI
        x="-38"
        y="139"/>
      <PointUI
        x="-38"
        y="165"/>
      <PointUI
        x="-23"
        y="165"/>
    </ArrowUI>
    <ArrowUI
      layoutid="207090985"
      visible="true">
      <PointUI
        x="-35"
        y="139"/>
      <PointUI
        x="-35"
        y="157"/>
      <PointUI
        x="-23"
        y="157"/>
    </ArrowUI>
    <ArrowUI
      layoutid="863990477"
      visible="true">
      <PointUI
        x="-33"
        y="139"/>
      <PointUI
        x="-33"
        y="149"/>
      <PointUI
        x="-23"
        y="149"/>
    </ArrowUI>
    <ArrowUI
      layoutid="971152618">
      <PointUI
        x="-42"
        y="26"/>
      <PointUI
        x="-14"
        y="26"/>
    </ArrowUI>
    <BoxUI
      height="4"
      layoutid="1798280239"
      width="16"
      x="-50"
      y="7"/>
    <ArrowUI
      layoutid="1038393530"
      visible="true">
      <PointUI
        x="-41"
        y="11"/>
      <PointUI
        x="-41"
        y="19"/>
    </ArrowUI>
    <ArrowUI
      layoutid="1503084413"
      visible="true">
      <PointUI
        x="-34"
        y="10"/>
      <PointUI
        x="77"
        y="10"/>
    </ArrowUI>
    <ArrowUI
      layoutid="845476090"
      visible="true">
      <PointUI
        x="-34"
        y="8"/>
      <PointUI
        x="77"
        y="8"/>
    </ArrowUI>
    <BoxUI
      height="4"
      layoutid="93620236"
      width="20"
      x="-50"
      y="-7"/>
    <ArrowUI
      layoutid="573848363"
      visible="true">
      <PointUI
        x="-41"
        y="-3"/>
      <PointUI
        x="-41"
        y="7"/>
    </ArrowUI>
    <ArrowUI
      layoutid="673579177"
      visible="true">
      <PointUI
        x="-41"
        y="-16"/>
      <PointUI
        x="-41"
        y="-7"/>
    </ArrowUI>
    <ArrowUI
      layoutid="206556287"
      visible="true">
      <PointUI
        x="-65"
        y="-3"/>
      <PointUI
        x="-65"
        y="2"/>
      <PointUI
        x="-41"
        y="2"/>
      <PointUI
        x="-41"
        y="7"/>
    </ArrowUI>
    <BoxUI
      height="4"
      layoutid="88444119"
      width="18"
      x="-32"
      y="53"/>
    <ArrowUI
      layoutid="1250471014"
      visible="true">
      <PointUI
        x="-24"
        y="57"/>
      <PointUI
        x="-24"
        y="62"/>
      <PointUI
        x="-41"
        y="62"/>
      <PointUI
        x="-41"
        y="66"/>
    </ArrowUI>
    <BoxUI
      height="4"
      layoutid="697867022"
      width="20"
      x="-51"
      y="87"/>
    <ArrowUI
      layoutid="466767589"
      visible="true">
      <PointUI
        x="-41"
        y="91"/>
      <PointUI
        x="-41"
        y="99"/>
    </ArrowUI>
    <BoxUI
      height="4"
      layoutid="665087764"
      width="13"
      x="-48"
      y="99"/>
    <ArrowUI
      layoutid="1319055413"
      visible="true">
      <PointUI
        x="-41"
        y="103"/>
      <PointUI
        x="-41"
        y="109"/>
    </ArrowUI>
    <BoxUI
      height="4"
      layoutid="2007192196"
      width="20"
      x="-75"
      y="87"/>
    <ArrowUI
      layoutid="860048886"
      visible="true">
      <PointUI
        x="-65"
        y="91"/>
      <PointUI
        x="-65"
        y="95"/>
      <PointUI
        x="-41"
        y="95"/>
      <PointUI
        x="-41"
        y="99"/>
    </ArrowUI>
    <ArrowUI
      layoutid="1495728037"
      visible="true">
      <PointUI
        x="-35"
        y="101"/>
      <PointUI
        x="90"
        y="101"/>
      <PointUI
        x="90"
        y="70"/>
    </ArrowUI>
    <ArrowUI
      layoutid="894055665"
      visible="true">
      <PointUI
        x="-35"
        y="100"/>
      <PointUI
        x="90"
        y="100"/>
      <PointUI
        x="90"
        y="70"/>
    </ArrowUI>
    <ArrowUI
      layoutid="1399310728"
      visible="true">
      <PointUI
        x="-48"
        y="138"/>
      <PointUI
        x="-41"
        y="145"/>
    </ArrowUI>
    <BoxUI
      height="4"
      layoutid="1527073965"
      width="20"
      x="-74"
      y="120"/>
    <ArrowUI
      layoutid="253209897"
      visible="true">
      <PointUI
        x="-65"
        y="124"/>
      <PointUI
        x="-65"
        y="129"/>
      <PointUI
        x="-41"
        y="129"/>
      <PointUI
        x="-41"
        y="135"/>
    </ArrowUI>
    <ArrowUI
      layoutid="2035623582"
      visible="true">
      <PointUI
        x="-43"
        y="137"/>
      <PointUI
        x="61"
        y="137"/>
      <PointUI
        x="61"
        y="140"/>
    </ArrowUI>
    <ArrowUI
      layoutid="1775565965"
      visible="true">
      <PointUI
        x="-43"
        y="135"/>
      <PointUI
        x="90"
        y="135"/>
      <PointUI
        x="90"
        y="70"/>
    </ArrowUI>
    <BoxUI
      height="4"
      layoutid="955010138"
      width="20"
      x="-50"
      y="120"/>
    <ArrowUI
      layoutid="193077761"
      visible="true">
      <PointUI
        x="-41"
        y="124"/>
      <PointUI
        x="-41"
        y="135"/>
    </ArrowUI>
    <ArrowUI
      layoutid="81473600"
      visible="true">
      <PointUI
        x="-32"
        y="-27"/>
      <PointUI
        x="87"
        y="-27"/>
      <PointUI
        x="87"
        y="7"/>
    </ArrowUI>
    <ArrowUI
      layoutid="1243911245"
      visible="true">
      <PointUI
        x="-34"
        y="9"/>
      <PointUI
        x="77"
        y="9"/>
    </ArrowUI>
    <ArrowUI
      layoutid="1514875489"
      visible="true">
      <PointUI
        x="-34"
        y="69"/>
      <PointUI
        x="30"
        y="69"/>
      <PointUI
        x="30"
        y="120"/>
    </ArrowUI>
    <ArrowUI
      layoutid="841241912"
      visible="true">
      <PointUI
        x="-35"
        y="102"/>
      <PointUI
        x="30"
        y="102"/>
      <PointUI
        x="30"
        y="120"/>
    </ArrowUI>
    <ArrowUI
      layoutid="307872890"
      visible="true">
      <PointUI
        x="-31"
        y="137"/>
      <PointUI
        x="30"
        y="137"/>
      <PointUI
        x="30"
        y="124"/>
    </ArrowUI>
    <BoxUI
      height="4"
      layoutid="1190468755"
      width="20"
      x="-24"
      y="-7"/>
    <ArrowUI
      layoutid="516314899"
      visible="true">
      <PointUI
        x="-14"
        y="-3"/>
      <PointUI
        x="-14"
        y="2"/>
      <PointUI
        x="-41"
        y="2"/>
      <PointUI
        x="-41"
        y="7"/>
    </ArrowUI>
    <ArrowUI
      layoutid="2044881767"
      visible="true">
      <PointUI
        x="-34"
        y="-16"/>
      <PointUI
        x="-34"
        y="-11"/>
      <PointUI
        x="-14"
        y="-11"/>
      <PointUI
        x="-14"
        y="-7"/>
    </ArrowUI>
    <BoxUI
      height="4"
      layoutid="768939438"
      width="20"
      x="-69"
      y="53"/>
    <ArrowUI
      layoutid="1072617808"
      visible="true">
      <PointUI
        x="-60"
        y="57"/>
      <PointUI
        x="-60"
        y="62"/>
      <PointUI
        x="-41"
        y="62"/>
      <PointUI
        x="-41"
        y="66"/>
    </ArrowUI>
    <BoxUI
      height="4"
      layoutid="1263058565"
      width="20"
      x="-26"
      y="87"/>
    <ArrowUI
      layoutid="337723473"
      visible="true">
      <PointUI
        x="-16"
        y="91"/>
      <PointUI
        x="-16"
        y="95"/>
      <PointUI
        x="-41"
        y="95"/>
      <PointUI
        x="-41"
        y="99"/>
    </ArrowUI>
    <ArrowUI
      layoutid="975901976"
      visible="true">
      <PointUI
        x="-34"
        y="80"/>
      <PointUI
        x="-34"
        y="84"/>
      <PointUI
        x="-16"
        y="84"/>
      <PointUI
        x="-16"
        y="87"/>
    </ArrowUI>
    <BoxUI
      height="4"
      layoutid="1220044587"
      width="19"
      x="-25"
      y="120"/>
    <ArrowUI
      layoutid="1862037076"
      visible="true">
      <PointUI
        x="-16"
        y="124"/>
      <PointUI
        x="-16"
        y="129"/>
      <PointUI
        x="-41"
        y="129"/>
      <PointUI
        x="-41"
        y="135"/>
    </ArrowUI>
    <ArrowUI
      layoutid="1775408534"
      visible="true">
      <PointUI
        x="-35"
        y="113"/>
      <PointUI
        x="-35"
        y="117"/>
      <PointUI
        x="-16"
        y="117"/>
      <PointUI
        x="-16"
        y="120"/>
    </ArrowUI>
  </Layout>
</Workflow>