<?xml version="1.0"?>
<Workflow
  language=""
  subtype="TMIFailureToReport_Ext"
  version="2">
  <Context>
    <Symbol
      name="delinquencyProcess"
      type="DelinquencyProcess"
      value="Workflow.DelinquencyProcess"/>
  </Context>
  <Start
    firstStep="DelinquencyInception"/>
  <AutoStep
    id="DelinquencyInception"
    layoutid="1669441037">
    <Enter><![CDATA[delinquencyProcess.onFailureToReportWorkFlowInception()
delinquencyProcess.reverseCommissions()]]></Enter>
    <Go
      desc=""
      id="ToCreateTroubleTicket"
      if="delinquencyProcess.evaluatePaymentForAccount()"
      layoutid="2082168518"
      nextStep="CreateTroubleTicket"/>
    <Go
      desc=""
      id="Waitfor5Days"
      layoutid="1523839433"
      nextStep="Waitfor5Days"/>
  </AutoStep>
  <Outcome
    id="ExitDelinquency"
    layoutid="1156611363">
    <Enter><![CDATA[delinquencyProcess.exitFailureToReportDelinquency()]]></Enter>
  </Outcome>
  <ManualStep
    id="Waitfor5Days"
    layoutid="617982650">
    <Timeout
      desc=""
      id="DelinquencyInception"
      layoutid="443876969"
      nextStep="OnlineReporting"
      timeAbsolute="delinquencyProcess.getEventCompletionTargetDate(typekey.DelinquencyEventName.TC_FAILURETOREPORTLETTER)"
      timeDelta=""/>
    <Trigger
      desc=""
      id="ExitDelinquency"
      layoutid="66158517"
      nextStep="ExitDelinquency"/>
    <Trigger
      desc=""
      id="PremiumReportSubmitted_Ext"
      layoutid="449152776"
      nextStep="ExitDelinquency"/>
    <StepLocalization
      locale="en_US"
      name="WaitToSendFirstReminder"/>
    <Trigger
      desc=""
      id="Cancel"
      layoutid="394783998"
      nextStep="ExitDelinquency"/>
  </ManualStep>
  <AutoStep
    id="OnlineReporting"
    layoutid="1783430596">
    <Go
      desc=""
      id="Reminder1"
      if="delinquencyProcess.checkIfThePremiumReportDueDateHasOnlineReportingInd_Ext()"
      layoutid="1959525546"
      nextStep="Reminder1"/>
    <Go
      desc=""
      id="FTRLetter"
      layoutid="1363165894"
      nextStep="FTRLetter"/>
  </AutoStep>
  <AutoStep
    id="Reminder1"
    layoutid="1141194745">
    <Go
      desc=""
      id="WaitToSendSecondReminder"
      layoutid="1075169243"
      nextStep="WaitForActivityForDisbursementHold"/>
    <Enter><![CDATA[delinquencyProcess.sendReminderEmail1()]]></Enter>
  </AutoStep>
  <AutoStep
    id="FTRLetter"
    layoutid="2099576491">
    <Go
      desc=""
      id="WaitToSendSecondReminder"
      layoutid="1511193269"
      nextStep="WaitForActivityForDisbursementHold"/>
    <Enter><![CDATA[delinquencyProcess.sendFTRLetter()]]></Enter>
  </AutoStep>
  <ManualStep
    id="WaitToSendSecondReminder"
    layoutid="379865898">
    <Timeout
      desc=""
      id="Reminder2"
      layoutid="875019960"
      nextStep="SendSecondReminder"
      timeAbsolute="delinquencyProcess.getEventCompletionTargetDate(typekey.DelinquencyEventName.TC_FTRREMINDEREMAIL2)"
      timeDelta=""/>
    <Trigger
      desc=""
      id="ExitDelinquency"
      layoutid="968767074"
      nextStep="ExitDelinquency"/>
    <Trigger
      desc=""
      id="PremiumReportSubmitted_Ext"
      layoutid="1204154127"
      nextStep="ExitDelinquency"/>
    <Trigger
      desc=""
      id="Cancel"
      layoutid="1585712895"
      nextStep="ExitDelinquency"/>
  </ManualStep>
  <ManualStep
    id="Reminder2"
    layoutid="795519940">
    <Enter/>
    <Trigger
      desc=""
      id="ExitDelinquency"
      layoutid="76671892"
      nextStep="ExitDelinquency"/>
    <Timeout
      desc=""
      id="SendRequestOfCancellation"
      layoutid="1624517947"
      nextStep="SendRequestOfCancellation"
      timeAbsolute="delinquencyProcess.getEventCompletionTargetDate(typekey.DelinquencyEventName.TC_CANCELINPAS)"
      timeDelta=""/>
    <Trigger
      desc=""
      id="PremiumReportSubmitted_Ext"
      layoutid="964132413"
      nextStep="ExitDelinquency"/>
    <StepLocalization
      locale="en_US"
      name="WaitToCancel"/>
    <Trigger
      desc=""
      id="Cancel"
      layoutid="836977904"
      nextStep="ExitDelinquency"/>
  </ManualStep>
  <AutoStep
    id="SendRequestOfCancellation"
    layoutid="1163961361">
    <Go
      id="WaitFor1Day"
      layoutid="1459356203"
      nextStep="WaitFor1Day"/>
    <Enter><![CDATA[delinquencyProcess.requestForCancellation()]]></Enter>
  </AutoStep>
  <ManualStep
    id="WaitFor1Day"
    layoutid="421795203">
    <Trigger
      desc=""
      id="PremiumReportSubmitted_Ext"
      layoutid="680278986"
      nextStep="RescindCancellation"/>
    <Trigger
      desc=""
      id="ExitDelinquency"
      layoutid="2144014280"
      nextStep="RescindCancellation"/>
    <Trigger
      desc=""
      id="Cancel"
      layoutid="1148149651"
      nextStep="ExitDelinquency"/>
  </ManualStep>
  <AutoStep
    id="SendSecondReminder"
    layoutid="518978914">
    <Enter><![CDATA[delinquencyProcess.sendReminderEmail2()]]></Enter>
    <Go
      desc=""
      id="Reminder2"
      layoutid="167200824"
      nextStep="Reminder2"/>
  </AutoStep>
  <AutoStep
    desc="Rescind previous request to cancel the policy because of a failure-to-report delinquency"
    id="RescindCancellation"
    layoutid="224139061">
    <Enter><![CDATA[delinquencyProcess.rescindCancellation()]]></Enter>
    <Go
      desc=""
      id="ExitDelinquency"
      layoutid="1823136226"
      nextStep="ExitDelinquency"/>
  </AutoStep>
  <AutoStep
    id="CreateTroubleTicket"
    layoutid="238493043">
    <Enter><![CDATA[Workflow.TroubleTicket =  delinquencyProcess.createTroubleTicketToHoldTheCashDisbursementFor10Days()]]></Enter>
    <Go
      desc=""
      id="CreateTroubleTicket"
      layoutid="429831436"
      nextStep="Waitfor5Days"/>
  </AutoStep>
  <ManualStep
    id="WaitForActivityForDisbursementHold"
    layoutid="590127832">
    <Timeout
      desc=""
      id="WaitToSendSecondReminder"
      layoutid="379199608"
      nextStep="WaitToSendSecondReminder"
      timeAbsolute="delinquencyProcess.getEventCompletionTargetDate(typekey.DelinquencyEventName.TC_TRIGGERACTIVITYTOPREMIUMAUDIT_EXT)"
      timeDelta=""><![CDATA[if(delinquencyProcess.evaluatePaymentForAccount()){
  if(Workflow.TroubleTicket != null) {
    delinquencyProcess.createActivityForPremiumAuditForPolicyReviewInPC(Workflow.TroubleTicket)
  } else{
    Workflow.TroubleTicket =  delinquencyProcess.createTroubleTicketToHoldTheCashDisbursementFor10Days()
    delinquencyProcess.createActivityForPremiumAuditForPolicyReviewInPC(Workflow.TroubleTicket)
  }
   
}]]></Timeout>
    <Trigger
      desc=""
      id="ExitDelinquency"
      layoutid="1576713898"
      nextStep="ExitDelinquency"/>
    <Trigger
      desc=""
      id="PremiumReportSubmitted_Ext"
      layoutid="1794454355"
      nextStep="ExitDelinquency"/>
    <Trigger
      id="Cancel"
      layoutid="1109793634"
      nextStep="ExitDelinquency"/>
  </ManualStep>
  <Layout>
    <BoxUI
      height="4"
      layoutid="1669441037"
      width="20"
      x="-66"
      y="-51"/>
    <BoxUI
      height="4"
      layoutid="1156611363"
      width="20"
      x="10"
      y="-27"/>
    <BoxUI
      height="4"
      layoutid="617982650"
      width="20"
      x="-65"
      y="-38"/>
    <ArrowUI
      layoutid="443876969"
      visible="true">
      <PointUI
        x="-55"
        y="-34"/>
      <PointUI
        x="-55"
        y="-27"/>
    </ArrowUI>
    <ArrowUI
      layoutid="609477858"
      visible="true">
      <PointUI
        x="-39"
        y="-44"/>
      <PointUI
        x="-39"
        y="-40"/>
      <PointUI
        x="-52"
        y="-40"/>
      <PointUI
        x="-52"
        y="-38"/>
    </ArrowUI>
    <ArrowUI
      layoutid="1523839433"
      visible="true">
      <PointUI
        x="-55"
        y="-47"/>
      <PointUI
        x="-55"
        y="-38"/>
    </ArrowUI>
    <BoxUI
      height="4"
      layoutid="1141194745"
      width="14"
      x="-73"
      y="-16"/>
    <ArrowUI
      layoutid="913531503"
      visible="true">
      <PointUI
        x="-18"
        y="62"/>
      <PointUI
        x="21"
        y="62"/>
      <PointUI
        x="21"
        y="35"/>
    </ArrowUI>
    <ArrowUI
      layoutid="275980883"
      visible="true">
      <PointUI
        x="-38"
        y="62"/>
      <PointUI
        x="-44"
        y="62"/>
      <PointUI
        x="-44"
        y="42"/>
      <PointUI
        x="-38"
        y="42"/>
    </ArrowUI>
    <ArrowUI
      layoutid="1799233580"
      visible="true">
      <PointUI
        x="-28"
        y="80"/>
      <PointUI
        x="-28"
        y="87"/>
    </ArrowUI>
    <ArrowUI
      layoutid="1716970181"
      visible="true">
      <PointUI
        x="-28"
        y="64"/>
      <PointUI
        x="-28"
        y="69"/>
    </ArrowUI>
    <ArrowUI
      layoutid="369947846"
      visible="true">
      <PointUI
        x="27"
        y="73"/>
      <PointUI
        x="27"
        y="35"/>
    </ArrowUI>
    <ArrowUI
      layoutid="1730861853"
      visible="false">
      <PointUI
        x="-28"
        y="72"/>
      <PointUI
        x="-28"
        y="80"/>
    </ArrowUI>
    <ArrowUI
      layoutid="654412901"
      visible="false">
      <PointUI
        x="-28"
        y="84"/>
      <PointUI
        x="-28"
        y="89"/>
    </ArrowUI>
    <ArrowUI
      layoutid="66158517"
      visible="true">
      <PointUI
        x="-45"
        y="-37"/>
      <PointUI
        x="15"
        y="-37"/>
      <PointUI
        x="15"
        y="-27"/>
    </ArrowUI>
    <BoxUI
      height="4"
      layoutid="795519940"
      width="20"
      x="-66"
      y="18"/>
    <ArrowUI
      layoutid="76671892"
      visible="true">
      <PointUI
        x="-46"
        y="19"/>
      <PointUI
        x="15"
        y="19"/>
      <PointUI
        x="15"
        y="-23"/>
    </ArrowUI>
    <BoxUI
      height="4"
      layoutid="1163961361"
      width="20"
      x="-66"
      y="28"/>
    <ArrowUI
      layoutid="1624517947"
      visible="true">
      <PointUI
        x="-56"
        y="22"/>
      <PointUI
        x="-56"
        y="28"/>
    </ArrowUI>
    <ArrowUI
      layoutid="449152776"
      visible="true">
      <PointUI
        x="-45"
        y="-36"/>
      <PointUI
        x="15"
        y="-36"/>
      <PointUI
        x="15"
        y="-27"/>
    </ArrowUI>
    <BoxUI
      height="4"
      layoutid="1783430596"
      width="20"
      x="-65"
      y="-27"/>
    <ArrowUI
      layoutid="1959525546"
      visible="true">
      <PointUI
        x="-63"
        y="-23"/>
      <PointUI
        x="-63"
        y="-16"/>
    </ArrowUI>
    <BoxUI
      height="4"
      layoutid="2099576491"
      width="16"
      x="-51"
      y="-16"/>
    <ArrowUI
      layoutid="1363165894"
      visible="true">
      <PointUI
        x="-47"
        y="-23"/>
      <PointUI
        x="-47"
        y="-16"/>
    </ArrowUI>
    <ArrowUI
      layoutid="1453235972"
      visible="true">
      <PointUI
        x="-65"
        y="50"/>
      <PointUI
        x="-72"
        y="50"/>
      <PointUI
        x="-72"
        y="40"/>
      <PointUI
        x="-66"
        y="40"/>
    </ArrowUI>
    <BoxUI
      height="4"
      layoutid="421795203"
      width="20"
      x="-66"
      y="38"/>
    <ArrowUI
      layoutid="1238475585"
      visible="true">
      <PointUI
        x="-45"
        y="50"/>
      <PointUI
        x="31"
        y="50"/>
    </ArrowUI>
    <ArrowUI
      layoutid="680278986"
      visible="true">
      <PointUI
        x="-46"
        y="40"/>
      <PointUI
        x="28"
        y="40"/>
      <PointUI
        x="28"
        y="30"/>
    </ArrowUI>
    <ArrowUI
      layoutid="964132413"
      visible="true">
      <PointUI
        x="-46"
        y="20"/>
      <PointUI
        x="15"
        y="20"/>
      <PointUI
        x="15"
        y="-23"/>
    </ArrowUI>
    <ArrowUI
      layoutid="2144014280"
      visible="true">
      <PointUI
        x="-46"
        y="39"/>
      <PointUI
        x="28"
        y="39"/>
      <PointUI
        x="28"
        y="30"/>
    </ArrowUI>
    <BoxUI
      height="4"
      layoutid="379865898"
      width="20"
      x="-66"
      y="0"/>
    <ArrowUI
      layoutid="875019960"
      visible="true">
      <PointUI
        x="-56"
        y="4"/>
      <PointUI
        x="-56"
        y="9"/>
    </ArrowUI>
    <ArrowUI
      layoutid="968767074"
      visible="true">
      <PointUI
        x="-46"
        y="1"/>
      <PointUI
        x="15"
        y="1"/>
      <PointUI
        x="15"
        y="-23"/>
    </ArrowUI>
    <ArrowUI
      layoutid="1204154127"
      visible="true">
      <PointUI
        x="-46"
        y="2"/>
      <PointUI
        x="15"
        y="2"/>
      <PointUI
        x="15"
        y="-23"/>
    </ArrowUI>
    <ArrowUI
      layoutid="1075169243"
      visible="true">
      <PointUI
        x="-63"
        y="-12"/>
      <PointUI
        x="-63"
        y="-9"/>
      <PointUI
        x="-56"
        y="-9"/>
      <PointUI
        x="-56"
        y="-7"/>
    </ArrowUI>
    <ArrowUI
      layoutid="1511193269"
      visible="true">
      <PointUI
        x="-47"
        y="-12"/>
      <PointUI
        x="-47"
        y="-9"/>
      <PointUI
        x="-56"
        y="-9"/>
      <PointUI
        x="-56"
        y="-7"/>
    </ArrowUI>
    <BoxUI
      height="4"
      layoutid="518978914"
      width="20"
      x="-66"
      y="9"/>
    <ArrowUI
      layoutid="167200824"
      visible="true">
      <PointUI
        x="-56"
        y="13"/>
      <PointUI
        x="-56"
        y="18"/>
    </ArrowUI>
    <ArrowUI
      layoutid="1459356203">
      <PointUI
        x="-56"
        y="32"/>
      <PointUI
        x="-56"
        y="38"/>
    </ArrowUI>
    <ArrowUI
      layoutid="394783998"
      visible="true">
      <PointUI
        x="-45"
        y="-35"/>
      <PointUI
        x="15"
        y="-35"/>
      <PointUI
        x="15"
        y="-27"/>
    </ArrowUI>
    <ArrowUI
      layoutid="1585712895"
      visible="true">
      <PointUI
        x="-46"
        y="3"/>
      <PointUI
        x="15"
        y="3"/>
      <PointUI
        x="15"
        y="-23"/>
    </ArrowUI>
    <ArrowUI
      layoutid="836977904"
      visible="true">
      <PointUI
        x="-46"
        y="21"/>
      <PointUI
        x="15"
        y="21"/>
      <PointUI
        x="15"
        y="-23"/>
    </ArrowUI>
    <ArrowUI
      layoutid="1148149651"
      visible="true">
      <PointUI
        x="-46"
        y="41"/>
      <PointUI
        x="15"
        y="41"/>
      <PointUI
        x="15"
        y="-23"/>
    </ArrowUI>
    <BoxUI
      height="4"
      layoutid="224139061"
      width="16"
      x="20"
      y="26"/>
    <ArrowUI
      layoutid="1823136226"
      visible="true">
      <PointUI
        x="28"
        y="26"/>
      <PointUI
        x="28"
        y="-23"/>
    </ArrowUI>
    <ArrowUI
      layoutid="1294258606"
      visible="true">
      <PointUI
        x="-39"
        y="-52"/>
      <PointUI
        x="-35"
        y="-46"/>
      <PointUI
        x="-52"
        y="-38"/>
    </ArrowUI>
    <BoxUI
      height="4"
      layoutid="238493043"
      width="20"
      x="-27"
      y="-51"/>
    <ArrowUI
      layoutid="429831436"
      visible="true">
      <PointUI
        x="-15"
        y="-47"/>
      <PointUI
        x="-15"
        y="-42"/>
      <PointUI
        x="-50"
        y="-42"/>
      <PointUI
        x="-50"
        y="-38"/>
    </ArrowUI>
    <ArrowUI
      layoutid="2082168518"
      visible="true">
      <PointUI
        x="-46"
        y="-49"/>
      <PointUI
        x="-27"
        y="-49"/>
    </ArrowUI>
    <BoxUI
      height="4"
      layoutid="590127832"
      width="20"
      x="-66"
      y="-7"/>
    <ArrowUI
      layoutid="379199608"
      visible="true">
      <PointUI
        x="-56"
        y="-3"/>
      <PointUI
        x="-56"
        y="0"/>
    </ArrowUI>
    <ArrowUI
      layoutid="1576713898"
      visible="true">
      <PointUI
        x="-46"
        y="-6"/>
      <PointUI
        x="15"
        y="-6"/>
      <PointUI
        x="15"
        y="-23"/>
    </ArrowUI>
    <ArrowUI
      layoutid="1794454355"
      visible="true">
      <PointUI
        x="-46"
        y="-5"/>
      <PointUI
        x="15"
        y="-5"/>
      <PointUI
        x="15"
        y="-23"/>
    </ArrowUI>
    <ArrowUI
      layoutid="1109793634"
      visible="true">
      <PointUI
        x="-56"
        y="-7"/>
      <PointUI
        x="10"
        y="-25"/>
    </ArrowUI>
  </Layout>
</Workflow>