<?xml version="1.0" encoding="UTF-8" ?>

<LookupTables xmlns:xsi="http://www.w3.org/2001/XMLSchema-instance"
              xsi:noNamespaceSchemaLocation="lookuptables.xsd">

  <LookupTable code="ProductLookup" entityName="ProductLookup" root="PolicyProductRoot">
    <Dimension field="State" valuePath="PolicyProductRoot.State" precedence="0"/>
    <Dimension field="JobType" valuePath="PolicyProductRoot.JobType" precedence="1"/>
    <Dimension field="IndustryCode" valuePath="PolicyProductRoot.Account.IndustryCode" precedence="2"/>
    <DistinguishingField field="ProductCode"/>
  </LookupTable>

  <!-- ======================================================================================= -->
  <!-- RefDate Lookup Tables -->
  <!-- ======================================================================================= -->

  <LookupTable code="RefDateLookup" entityName="RefDateTypeLookup" root="gw.plugin.productmodel.impl.RefDateLookupCriteria">
    <Dimension field="PolicyLinePatternCode" valuePath="RefDateLookupCriteria.PolicyLinePatternCode" precedence="0"/>
    <Dimension field="ProductCode" valuePath="RefDateLookupCriteria.ProductCode" precedence="1"/>
    <Dimension field="State" valuePath="RefDateLookupCriteria.State" precedence="2"/>
    <Dimension field="UWCompanyCode" valuePath="RefDateLookupCriteria.UWCompanyCode" precedence="3"/>
    <DistinguishingField field="Availability"/>
  </LookupTable>

  <!-- ======================================================================================= -->
  <!-- Offering Lookup Tables -->
  <!-- ======================================================================================= -->

  <LookupTable code="OfferingLookup" entityName="OfferingLookup" root="PolicyPeriod">
    <Dimension field="State" valuePath="PolicyPeriod.BaseState" precedence="0"/>
    <Dimension field="JobType" valuePath="PolicyPeriod.Job.Subtype" precedence="1"/>
    <Dimension field="IndustryCode" valuePath="PolicyPeriod.Policy.Account.IndustryCode" precedence="2"/>
    <DistinguishingField field="OfferingCode"/>
  </LookupTable>

  <!-- ======================================================================================= -->
  <!-- Question/QuestionSet Lookup Tables -->
  <!-- ======================================================================================= -->

  <LookupTable code="PeriodQuestionSetLookup" entityName="QuestionSetLookup" root="PolicyPeriod">
    <Dimension field="State" valuePath="PolicyPeriod.BaseState" precedence="0"/>
    <Dimension field="JobType" valuePath="PolicyPeriod.Job.Subtype" precedence="1"/>
    <Dimension field="IndustryCode" valuePath="PolicyPeriod.Policy.Account.IndustryCode" precedence="2"/>
    <DistinguishingField field="QuestionSetCode"/>
  </LookupTable>

  <LookupTable code="PeriodQuestionLookup" entityName="QuestionLookup" root="PolicyPeriod">
    <Dimension field="State" valuePath="PolicyPeriod.BaseState" precedence="0"/>
    <Dimension field="JobType" valuePath="PolicyPeriod.Job.Subtype" precedence="1"/>
    <DistinguishingField field="QuestionCode"/>
  </LookupTable>

  <LookupTable code="LocationQuestionSetLookup" entityName="QuestionSetLookup" root="PolicyLocation">
    <Dimension field="State" valuePath="PolicyLocation.Branch.BaseState" precedence="0"/>
    <Dimension field="JobType" valuePath="PolicyLocation.Branch.Job.Subtype" precedence="1"/>
    <Dimension field="IndustryCode" valuePath="PolicyLocation.Branch.Policy.Account.IndustryCode" precedence="2"/>
    <DistinguishingField field="QuestionSetCode"/>
  </LookupTable>

  <LookupTable code="LocationQuestionLookup" entityName="QuestionLookup" root="PolicyLocation">
    <Dimension field="State" valuePath="PolicyLocation.Branch.BaseState" precedence="0"/>
    <Dimension field="JobType" valuePath="PolicyLocation.Branch.Job.Subtype" precedence="1"/>
    <DistinguishingField field="QuestionCode"/>
  </LookupTable>

  <LookupTable code="LineQuestionSetLookup" entityName="QuestionSetLookup" root="PolicyLine">
    <Dimension field="PolicyLinePatternCode" valuePath="PolicyLine.PatternCode" precedence="0"/>
    <Dimension field="State" valuePath="PolicyLine.Branch.BaseState" precedence="1"/>
    <Dimension field="JobType" valuePath="PolicyLine.Branch.Job.Subtype" precedence="2"/>
    <DistinguishingField field="QuestionSetCode"/>
  </LookupTable>

  <LookupTable code="LineQuestionLookup" entityName="QuestionLookup" root="PolicyLine">
    <Dimension field="State" valuePath="PolicyLine.Branch.BaseState" precedence="0"/>
    <Dimension field="JobType" valuePath="PolicyLine.Branch.Job.Subtype" precedence="1"/>
    <DistinguishingField field="QuestionCode"/>
  </LookupTable>

  <!-- ======================================================================================= -->
  <!-- Product Modifiers Lookup Tables -->
  <!-- ======================================================================================= -->

  <LookupTable code="ProductModifier" entityName="ProductModifierLookup" root="EffectiveDatedFields">
    <Filter field="ProductCode" valuePath="EffectiveDatedFields.Branch.Policy.ProductCode"/>
    <Dimension field="State" valuePath="EffectiveDatedFields.Branch.BaseState" precedence="0"/>
    <Dimension field="UWCompanyCode" valuePath="EffectiveDatedFields.Branch.UWCompany.Code" precedence="1"/>
    <Dimension field="JobType" valuePath="EffectiveDatedFields.Branch.Job.Subtype" precedence="2"/>
    <DistinguishingField field="ModifierPatternCode"/>
  </LookupTable>

  <LookupTable code="ProductRateFactor" entityName="ProductRateFactorLookup" root="EffectiveDatedFields">
    <Filter field="ProductCode" valuePath="EffectiveDatedFields.Branch.Policy.ProductCode"/>
    <Dimension field="State" valuePath="EffectiveDatedFields.Branch.BaseState" precedence="0"/>
    <Dimension field="UWCompanyCode" valuePath="EffectiveDatedFields.Branch.UWCompany.Code" precedence="1"/>
    <Dimension field="JobType" valuePath="EffectiveDatedFields.Branch.Job.Subtype" precedence="2"/>
    <DistinguishingField field="RateFactorPatternCode"/>
  </LookupTable>

  <!-- ======================================================================================= -->
  <!-- Business Auto Lookup Tables -->
  <!-- ======================================================================================= -->

  <!-- Modifiers -->
  <LookupTable code="BAModifier" entityName="BAModLookup" root="BusinessAutoLine">
    <Filter field="PolicyLinePatternCode" valuePath="BusinessAutoLine.PatternCode"/>
    <Dimension field="State" valuePath="BusinessAutoLine.BaseState" precedence="0"/>
    <Dimension field="UWCompanyCode" valuePath="BusinessAutoLine.Branch.UWCompany.Code" precedence="1"/>
    <Dimension field="JobType" valuePath="BusinessAutoLine.Branch.Job.Subtype" precedence="2"/>
    <Dimension field="PolicyType" valuePath="BusinessAutoLine.PolicyType" precedence="3"/>
    <DistinguishingField field="ModifierPatternCode"/>
  </LookupTable>

  <LookupTable code="BARateFactor" entityName="BARateLookup" root="BusinessAutoLine">
    <Filter field="PolicyLinePatternCode" valuePath="BusinessAutoLine.PatternCode"/>
    <Dimension field="State" valuePath="BusinessAutoLine.BaseState" precedence="0"/>
    <Dimension field="UWCompanyCode" valuePath="BusinessAutoLine.Branch.UWCompany.Code" precedence="1"/>
    <Dimension field="JobType" valuePath="BusinessAutoLine.Branch.Job.Subtype" precedence="2"/>
    <Dimension field="PolicyType" valuePath="BusinessAutoLine.PolicyType" precedence="3"/>
    <DistinguishingField field="RateFactorPatternCode"/>
  </LookupTable>

  <!-- BusinessAutoLine -->
  <LookupTable code="BACov" entityName="BACovLookup" root="BusinessAutoLine">
    <Filter field="PolicyLinePatternCode" valuePath="BusinessAutoLine.PatternCode"/>
    <Dimension field="State" valuePath="BusinessAutoLine.BaseState" precedence="0"/>
    <Dimension field="UWCompanyCode" valuePath="BusinessAutoLine.Branch.UWCompany.Code" precedence="1"/>
    <Dimension field="JobType" valuePath="BusinessAutoLine.Branch.Job.Subtype" precedence="2"/>
    <Dimension field="PolicyType" valuePath="BusinessAutoLine.PolicyType" precedence="3"/>
    <DistinguishingField field="CoveragePatternCode"/>
  </LookupTable>

  <LookupTable code="BAExcl" entityName="BAExclLookup" root="BusinessAutoLine">
    <Filter field="PolicyLinePatternCode" valuePath="BusinessAutoLine.PatternCode"/>
    <Dimension field="State" valuePath="BusinessAutoLine.BaseState" precedence="0"/>
    <Dimension field="UWCompanyCode" valuePath="BusinessAutoLine.Branch.UWCompany.Code" precedence="1"/>
    <Dimension field="JobType" valuePath="BusinessAutoLine.Branch.Job.Subtype" precedence="2"/>
    <Dimension field="PolicyType" valuePath="BusinessAutoLine.PolicyType" precedence="3"/>
    <DistinguishingField field="ExclusionPatternCode"/>
  </LookupTable>

  <LookupTable code="BACond" entityName="BACondLookup" root="BusinessAutoLine">
    <Filter field="PolicyLinePatternCode" valuePath="BusinessAutoLine.PatternCode"/>
    <Dimension field="State" valuePath="BusinessAutoLine.BaseState" precedence="0"/>
    <Dimension field="UWCompanyCode" valuePath="BusinessAutoLine.Branch.UWCompany.Code" precedence="1"/>
    <Dimension field="JobType" valuePath="BusinessAutoLine.Branch.Job.Subtype" precedence="2"/>
    <Dimension field="PolicyType" valuePath="BusinessAutoLine.PolicyType" precedence="3"/>
    <DistinguishingField field="ConditionPatternCode"/>
  </LookupTable>

  <LookupTable code="BACovTerm" entityName="CovTermLookup" root="BusinessAutoLine">
    <Filter field="PolicyLinePatternCode" valuePath="BusinessAutoLine.PatternCode"/>
    <Dimension field="State" valuePath="BusinessAutoLine.BaseState" precedence="0"/>
    <Dimension field="UWCompanyCode" valuePath="BusinessAutoLine.Branch.UWCompany.Code" precedence="1"/>
    <Dimension field="JobType" valuePath="BusinessAutoLine.Branch.Job.Subtype" precedence="2"/>
    <DistinguishingField field="CovTermPatternCode"/>
  </LookupTable>

  <LookupTable code="BACovOpt" entityName="CovTermOptLookup" root="gw.api.domain.covterm.CovTerm" appliesTo="BusinessAutoLine">
    <Filter field="CovTermPatternCode" valuePath="CovTerm.PatternCode"/>
    <Filter field="Currency" valuePath="CovTerm.Clause.Currency" exactMatch="false"/>
    <Dimension field="State" valuePath="CovTerm.Clause.PolicyLine.BaseState" precedence="0"/>
    <Dimension field="UWCompanyCode" valuePath="CovTerm.Clause.PolicyLine.Branch.UWCompany.Code" precedence="1"/>
    <Dimension field="JobType" valuePath="CovTerm.Clause.PolicyLine.Branch.Job.Subtype" precedence="2"/>
    <DistinguishingField field="CovTermOptCode"/>
  </LookupTable>

  <LookupTable code="BACovPack" entityName="CovTermPackLookup" root="gw.api.domain.covterm.CovTerm" appliesTo="BusinessAutoLine">
    <Filter field="CovTermPatternCode" valuePath="CovTerm.PatternCode"/>
    <Filter field="Currency" valuePath="CovTerm.Clause.Currency" exactMatch="false"/>
    <Dimension field="State" valuePath="CovTerm.Clause.PolicyLine.BaseState" precedence="0"/>
    <Dimension field="UWCompanyCode" valuePath="CovTerm.Clause.PolicyLine.Branch.UWCompany.Code" precedence="1"/>
    <Dimension field="JobType" valuePath="CovTerm.Clause.PolicyLine.Branch.Job.Subtype" precedence="2"/>
    <DistinguishingField field="CovTermPackCode"/>
  </LookupTable>

  <!-- BAJurisdiction -->
  <!-- JurisModifiers -->
  <LookupTable code="BAJurisModifier" entityName="BAModLookup" root="BAJurisdiction">
    <Filter field="PolicyLinePatternCode" valuePath="BAJurisdiction.BALine.PatternCode"/>
    <Dimension field="State" valuePath="BAJurisdiction.State" precedence="0"/>
    <Dimension field="UWCompanyCode" valuePath="BAJurisdiction.BALine.Branch.UWCompany.Code" precedence="1"/>
    <Dimension field="JobType" valuePath="BAJurisdiction.BALine.Branch.Job.Subtype" precedence="2"/>
    <Dimension field="PolicyType" valuePath="BAJurisdiction.BALine.PolicyType" precedence="3"/>
    <DistinguishingField field="ModifierPatternCode"/>
  </LookupTable>

  <LookupTable code="BAJurisRateFactor" entityName="BARateLookup" root="BAJurisdiction">
    <Filter field="PolicyLinePatternCode" valuePath="BAJurisdiction.BALine.PatternCode"/>
    <Dimension field="State" valuePath="BAJurisdiction.State" precedence="0"/>
    <Dimension field="UWCompanyCode" valuePath="BAJurisdiction.BALine.Branch.UWCompany.Code" precedence="1"/>
    <Dimension field="JobType" valuePath="BAJurisdiction.BALine.Branch.Job.Subtype" precedence="2"/>
    <Dimension field="PolicyType" valuePath="BAJurisdiction.BALine.PolicyType" precedence="3"/>
    <DistinguishingField field="RateFactorPatternCode"/>
  </LookupTable>

  <LookupTable code="BAStateCov" entityName="BACovLookup" root="BAJurisdiction">
    <Filter field="PolicyLinePatternCode" valuePath="BAJurisdiction.BALine.PatternCode"/>
    <Dimension field="State" valuePath="BAJurisdiction.State" precedence="0"/>
    <Dimension field="UWCompanyCode" valuePath="BAJurisdiction.BALine.Branch.UWCompany.Code" precedence="1"/>
    <Dimension field="JobType" valuePath="BAJurisdiction.BALine.Branch.Job.Subtype" precedence="2"/>
    <Dimension field="PolicyType" valuePath="BAJurisdiction.BALine.PolicyType" precedence="3"/>
    <DistinguishingField field="CoveragePatternCode"/>
  </LookupTable>

  <LookupTable code="BAStateExcl" entityName="BAExclLookup" root="BAJurisdiction">
    <Filter field="PolicyLinePatternCode" valuePath="BAJurisdiction.BALine.PatternCode"/>
    <Dimension field="State" valuePath="BAJurisdiction.State" precedence="0"/>
    <Dimension field="UWCompanyCode" valuePath="BAJurisdiction.BALine.Branch.UWCompany.Code" precedence="1"/>
    <Dimension field="JobType" valuePath="BAJurisdiction.BALine.Branch.Job.Subtype" precedence="2"/>
    <Dimension field="PolicyType" valuePath="BAJurisdiction.BALine.PolicyType" precedence="3"/>
    <DistinguishingField field="ExclusionPatternCode"/>
  </LookupTable>

  <LookupTable code="BAStateCond" entityName="BACondLookup" root="BAJurisdiction">
    <Filter field="PolicyLinePatternCode" valuePath="BAJurisdiction.BALine.PatternCode"/>
    <Dimension field="State" valuePath="BAJurisdiction.State" precedence="0"/>
    <Dimension field="UWCompanyCode" valuePath="BAJurisdiction.BALine.Branch.UWCompany.Code" precedence="1"/>
    <Dimension field="JobType" valuePath="BAJurisdiction.BALine.Branch.Job.Subtype" precedence="2"/>
    <Dimension field="PolicyType" valuePath="BAJurisdiction.BALine.PolicyType" precedence="3"/>
    <DistinguishingField field="ConditionPatternCode"/>
  </LookupTable>

  <LookupTable code="BAStateCovTerm" entityName="CovTermLookup" root="BAJurisdiction">
    <Filter field="PolicyLinePatternCode" valuePath="BAJurisdiction.BALine.PatternCode"/>
    <Dimension field="State" valuePath="BAJurisdiction.State" precedence="0"/>
    <Dimension field="UWCompanyCode" valuePath="BAJurisdiction.BALine.Branch.UWCompany.Code" precedence="1"/>
    <Dimension field="JobType" valuePath="BAJurisdiction.BALine.Branch.Job.Subtype" precedence="2"/>
    <DistinguishingField field="CovTermPatternCode"/>
  </LookupTable>

  <LookupTable code="BAStateCovOpt" entityName="CovTermOptLookup" root="gw.api.domain.covterm.CovTerm" appliesTo="BAJurisdiction">
    <Filter field="CovTermPatternCode" valuePath="CovTerm.PatternCode"/>
    <Filter field="Currency" valuePath="CovTerm.Clause.Currency" exactMatch="false"/>
    <Dimension field="State" valuePath="CovTerm.Clause.OwningCoverable.CoverableState" precedence="0"/>
    <Dimension field="UWCompanyCode" valuePath="CovTerm.Clause.PolicyLine.Branch.UWCompany.Code" precedence="1"/>
    <Dimension field="JobType" valuePath="CovTerm.Clause.PolicyLine.Branch.Job.Subtype" precedence="2"/>
    <DistinguishingField field="CovTermOptCode"/>
  </LookupTable>

  <LookupTable code="BAStateCovPack" entityName="CovTermPackLookup" root="gw.api.domain.covterm.CovTerm" appliesTo="BAJurisdiction">
    <Filter field="CovTermPatternCode" valuePath="CovTerm.PatternCode"/>
    <Filter field="Currency" valuePath="CovTerm.Clause.Currency" exactMatch="false"/>
    <Dimension field="State" valuePath="CovTerm.Clause.OwningCoverable.CoverableState" precedence="0"/>
    <Dimension field="UWCompanyCode" valuePath="CovTerm.Clause.PolicyLine.Branch.UWCompany.Code" precedence="1"/>
    <Dimension field="JobType" valuePath="CovTerm.Clause.PolicyLine.Branch.Job.Subtype" precedence="2"/>
    <DistinguishingField field="CovTermPackCode"/>
  </LookupTable>

  <!-- BusinessVehicle -->
  <!-- Modifiers -->
  <LookupTable code="BAVehicleModifier" entityName="BusinessVehicleModifierLookup" root="BusinessVehicle">
    <Filter field="PolicyLinePatternCode" valuePath="BusinessVehicle.BALine.PatternCode"/>
    <Dimension field="State" valuePath="gw.api.util.JurisdictionMappingUtil.getJurisdictionMappingForPolicyLocation(BusinessVehicle.Location)" precedence="0"/>
    <Dimension field="UWCompanyCode" valuePath="BusinessVehicle.BALine.Branch.UWCompany.Code" precedence="1"/>
    <Dimension field="JobType" valuePath="BusinessVehicle.BALine.Branch.Job.Subtype" precedence="2"/>
    <Dimension field="PolicyType" valuePath="BusinessVehicle.BALine.PolicyType" precedence="3"/>
    <Dimension field="VehicleType" valuePath="BusinessVehicle.VehicleType" precedence="4"/>
    <DistinguishingField field="ModifierPatternCode"/>
  </LookupTable>

  <LookupTable code="BAVehicleCov" entityName="BAVehicleCovLookup" root="BusinessVehicle">
    <Filter field="PolicyLinePatternCode" valuePath="BusinessVehicle.BALine.PatternCode"/>
    <Dimension field="State" valuePath="gw.api.util.JurisdictionMappingUtil.getJurisdictionMappingForPolicyLocation(BusinessVehicle.Location)" precedence="0"/>
    <Dimension field="UWCompanyCode" valuePath="BusinessVehicle.BALine.Branch.UWCompany.Code" precedence="1"/>
    <Dimension field="JobType" valuePath="BusinessVehicle.BALine.Branch.Job.Subtype" precedence="2"/>
    <Dimension field="PolicyType" valuePath="BusinessVehicle.BALine.PolicyType" precedence="3"/>
    <Dimension field="VehicleType" valuePath="BusinessVehicle.VehicleType" precedence="4"/>
    <DistinguishingField field="CoveragePatternCode"/>
  </LookupTable>

  <LookupTable code="BAVehicleCovTerm" entityName="CovTermLookup" root="BusinessVehicle">
    <Filter field="PolicyLinePatternCode" valuePath="BusinessVehicle.BALine.PatternCode"/>
    <Dimension field="State" valuePath="gw.api.util.JurisdictionMappingUtil.getJurisdictionMappingForPolicyLocation(BusinessVehicle.Location)" precedence="0"/>
    <Dimension field="UWCompanyCode" valuePath="BusinessVehicle.BALine.Branch.UWCompany.Code" precedence="1"/>
    <Dimension field="JobType" valuePath="BusinessVehicle.BALine.Branch.Job.Subtype" precedence="2"/>
    <DistinguishingField field="CovTermPatternCode"/>
  </LookupTable>

  <LookupTable code="BAVehicleCovOpt" entityName="CovTermOptLookup" root="gw.api.domain.covterm.CovTerm" appliesTo="BusinessVehicle">
    <Filter field="CovTermPatternCode" valuePath="CovTerm.PatternCode"/>
    <Filter field="Currency" valuePath="CovTerm.Clause.Currency" exactMatch="false"/>
    <Dimension field="State" valuePath="CovTerm.Clause.OwningCoverable.CoverableState" precedence="0"/>
    <Dimension field="UWCompanyCode" valuePath="CovTerm.Clause.PolicyLine.Branch.UWCompany.Code" precedence="1"/>
    <Dimension field="JobType" valuePath="CovTerm.Clause.PolicyLine.Branch.Job.Subtype" precedence="2"/>
    <DistinguishingField field="CovTermOptCode"/>
  </LookupTable>

  <LookupTable code="BAVehicleCovPack" entityName="CovTermPackLookup" root="gw.api.domain.covterm.CovTerm" appliesTo="BusinessVehicle">
    <Filter field="CovTermPatternCode" valuePath="CovTerm.PatternCode"/>
    <Filter field="Currency" valuePath="CovTerm.Clause.Currency" exactMatch="false"/>
    <Dimension field="State" valuePath="CovTerm.Clause.OwningCoverable.CoverableState" precedence="0"/>
    <Dimension field="UWCompanyCode" valuePath="CovTerm.Clause.PolicyLine.Branch.UWCompany.Code" precedence="1"/>
    <Dimension field="JobType" valuePath="CovTerm.Clause.PolicyLine.Branch.Job.Subtype" precedence="2"/>
    <DistinguishingField field="CovTermPackCode"/>
  </LookupTable>

  <!-- ======================================================================================= -->
  <!-- Business Owners Lookup Tables -->
  <!-- ======================================================================================= -->

  <!-- Modifiers -->
  <LookupTable code="BOPModifier" entityName="ModifierLookup" root="BusinessOwnersLine">
    <Filter field="PolicyLinePatternCode" valuePath="BusinessOwnersLine.PatternCode"/>
    <Dimension field="State" valuePath="BusinessOwnersLine.BaseState" precedence="0"/>
    <Dimension field="UWCompanyCode" valuePath="BusinessOwnersLine.Branch.UWCompany.Code" precedence="1"/>
    <Dimension field="JobType" valuePath="BusinessOwnersLine.Branch.Job.Subtype" precedence="2"/>
    <DistinguishingField field="ModifierPatternCode"/>
  </LookupTable>

  <LookupTable code="BOPRateFactor" entityName="RateFactorLookup" root="BusinessOwnersLine">
    <Filter field="PolicyLinePatternCode" valuePath="BusinessOwnersLine.PatternCode"/>
    <Dimension field="State" valuePath="BusinessOwnersLine.BaseState" precedence="0"/>
    <Dimension field="UWCompanyCode" valuePath="BusinessOwnersLine.Branch.UWCompany.Code" precedence="1"/>
    <Dimension field="JobType" valuePath="BusinessOwnersLine.Branch.Job.Subtype" precedence="2"/>
    <DistinguishingField field="RateFactorPatternCode"/>
  </LookupTable>

  <!-- BusinessOwnersLine -->
  <LookupTable code="BOPCov" entityName="CoverageLookup" root="BusinessOwnersLine">
    <Filter field="PolicyLinePatternCode" valuePath="BusinessOwnersLine.PatternCode"/>
    <Dimension field="State" valuePath="BusinessOwnersLine.BaseState" precedence="0"/>
    <Dimension field="UWCompanyCode" valuePath="BusinessOwnersLine.Branch.UWCompany.Code" precedence="1"/>
    <Dimension field="JobType" valuePath="BusinessOwnersLine.Branch.Job.Subtype" precedence="2"/>
    <DistinguishingField field="CoveragePatternCode"/>
  </LookupTable>

  <LookupTable code="BOPExcl" entityName="ExclusionLookup" root="BusinessOwnersLine">
    <Filter field="PolicyLinePatternCode" valuePath="BusinessOwnersLine.PatternCode"/>
    <Dimension field="State" valuePath="BusinessOwnersLine.BaseState" precedence="0"/>
    <Dimension field="UWCompanyCode" valuePath="BusinessOwnersLine.Branch.UWCompany.Code" precedence="1"/>
    <Dimension field="JobType" valuePath="BusinessOwnersLine.Branch.Job.Subtype" precedence="2"/>
    <DistinguishingField field="ExclusionPatternCode"/>
  </LookupTable>

  <LookupTable code="BOPCond" entityName="ConditionLookup" root="BusinessOwnersLine">
    <Filter field="PolicyLinePatternCode" valuePath="BusinessOwnersLine.PatternCode"/>
    <Dimension field="State" valuePath="BusinessOwnersLine.BaseState" precedence="0"/>
    <Dimension field="UWCompanyCode" valuePath="BusinessOwnersLine.Branch.UWCompany.Code" precedence="1"/>
    <Dimension field="JobType" valuePath="BusinessOwnersLine.Branch.Job.Subtype" precedence="2"/>
    <DistinguishingField field="ConditionPatternCode"/>
  </LookupTable>

  <LookupTable code="BOPCovTerm" entityName="CovTermLookup" root="BusinessOwnersLine">
    <Filter field="PolicyLinePatternCode" valuePath="BusinessOwnersLine.PatternCode"/>
    <Dimension field="State" valuePath="BusinessOwnersLine.BaseState" precedence="0"/>
    <Dimension field="UWCompanyCode" valuePath="BusinessOwnersLine.Branch.UWCompany.Code" precedence="1"/>
    <Dimension field="JobType" valuePath="BusinessOwnersLine.Branch.Job.Subtype" precedence="2"/>
    <DistinguishingField field="CovTermPatternCode"/>
  </LookupTable>

  <LookupTable code="BOPCovOpt" entityName="CovTermOptLookup" root="gw.api.domain.covterm.CovTerm" appliesTo="BusinessOwnersLine">
    <Filter field="CovTermPatternCode" valuePath="CovTerm.PatternCode"/>
    <Filter field="Currency" valuePath="CovTerm.Clause.Currency" exactMatch="false"/>
    <Dimension field="State" valuePath="CovTerm.Clause.OwningCoverable.CoverableState" precedence="0"/>
    <Dimension field="UWCompanyCode" valuePath="CovTerm.Clause.PolicyLine.Branch.UWCompany.Code" precedence="1"/>
    <Dimension field="JobType" valuePath="CovTerm.Clause.PolicyLine.Branch.Job.Subtype" precedence="2"/>
    <DistinguishingField field="CovTermOptCode"/>
  </LookupTable>

  <LookupTable code="BOPCovPack" entityName="CovTermPackLookup" root="gw.api.domain.covterm.CovTerm" appliesTo="BusinessOwnersLine">
    <Filter field="CovTermPatternCode" valuePath="CovTerm.PatternCode"/>
    <Filter field="Currency" valuePath="CovTerm.Clause.Currency" exactMatch="false"/>
    <Dimension field="State" valuePath="CovTerm.Clause.PolicyLine.BaseState" precedence="0"/>
    <Dimension field="UWCompanyCode" valuePath="CovTerm.Clause.PolicyLine.Branch.UWCompany.Code" precedence="1"/>
    <Dimension field="JobType" valuePath="CovTerm.Clause.PolicyLine.Branch.Job.Subtype" precedence="2"/>
    <DistinguishingField field="CovTermPackCode"/>
  </LookupTable>

  <!-- BOPLocation -->
  <LookupTable code="BOPLocationCov" entityName="CoverageLookup" root="BOPLocation">
    <Filter field="PolicyLinePatternCode" valuePath="BOPLocation.BOPLine.PatternCode"/>
    <Dimension field="State" valuePath="gw.api.util.JurisdictionMappingUtil.getJurisdictionMappingForPolicyLocation(BOPLocation.Location)" precedence="0"/>
    <Dimension field="UWCompanyCode" valuePath="BOPLocation.BOPLine.Branch.UWCompany.Code" precedence="1"/>
    <Dimension field="JobType" valuePath="BOPLocation.BOPLine.Branch.Job.Subtype" precedence="2"/>
    <DistinguishingField field="CoveragePatternCode"/>
  </LookupTable>

  <LookupTable code="BOPLocationCovTerm" entityName="CovTermLookup" root="BOPLocation">
    <Filter field="PolicyLinePatternCode" valuePath="BOPLocation.BOPLine.PatternCode"/>
    <Dimension field="State" valuePath="gw.api.util.JurisdictionMappingUtil.getJurisdictionMappingForPolicyLocation(BOPLocation.Location)" precedence="0"/>
    <Dimension field="UWCompanyCode" valuePath="BOPLocation.BOPLine.Branch.UWCompany.Code" precedence="1"/>
    <Dimension field="JobType" valuePath="BOPLocation.BOPLine.Branch.Job.Subtype" precedence="2"/>
    <DistinguishingField field="CovTermPatternCode"/>
  </LookupTable>

  <LookupTable code="BOPLocationCovOpt" entityName="CovTermOptLookup" root="gw.api.domain.covterm.CovTerm" appliesTo="BOPLocation">
    <Filter field="CovTermPatternCode" valuePath="CovTerm.PatternCode"/>
    <Filter field="Currency" valuePath="CovTerm.Clause.Currency" exactMatch="false"/>
    <Dimension field="State" valuePath="CovTerm.Clause.OwningCoverable.CoverableState" precedence="0"/>
    <Dimension field="UWCompanyCode" valuePath="CovTerm.Clause.PolicyLine.Branch.UWCompany.Code" precedence="1"/>
    <Dimension field="JobType" valuePath="CovTerm.Clause.PolicyLine.Branch.Job.Subtype" precedence="2"/>
    <DistinguishingField field="CovTermOptCode"/>
  </LookupTable>

  <LookupTable code="BOPLocationCovPack" entityName="CovTermPackLookup" root="gw.api.domain.covterm.CovTerm" appliesTo="BOPLocation">
    <Filter field="CovTermPatternCode" valuePath="CovTerm.PatternCode"/>
    <Filter field="Currency" valuePath="CovTerm.Clause.Currency" exactMatch="false"/>
    <Dimension field="State" valuePath="CovTerm.Clause.OwningCoverable.CoverableState" precedence="0"/>
    <Dimension field="UWCompanyCode" valuePath="CovTerm.Clause.PolicyLine.Branch.UWCompany.Code" precedence="1"/>
    <Dimension field="JobType" valuePath="CovTerm.Clause.PolicyLine.Branch.Job.Subtype" precedence="2"/>
    <DistinguishingField field="CovTermPackCode"/>
  </LookupTable>

  <!-- BOPBuilding -->
  <LookupTable code="BOPBuildingCov" entityName="CoverageLookup" root="BOPBuilding">
    <Filter field="PolicyLinePatternCode" valuePath="BOPBuilding.BOPLocation.BOPLine.PatternCode"/>
    <Dimension field="State" valuePath="gw.api.util.JurisdictionMappingUtil.getJurisdictionMappingForPolicyLocation(BOPBuilding.BOPLocation.Location)" precedence="0"/>
    <Dimension field="UWCompanyCode" valuePath="BOPBuilding.BOPLocation.BOPLine.Branch.UWCompany.Code" precedence="1"/>
    <Dimension field="JobType" valuePath="BOPBuilding.BOPLocation.BOPLine.Branch.Job.Subtype" precedence="2"/>
    <DistinguishingField field="CoveragePatternCode"/>
  </LookupTable>

  <LookupTable code="BOPBuildingCovTerm" entityName="CovTermLookup" root="BOPBuilding">
    <Filter field="PolicyLinePatternCode" valuePath="BOPBuilding.BOPLocation.BOPLine.PatternCode"/>
    <Dimension field="State" valuePath="gw.api.util.JurisdictionMappingUtil.getJurisdictionMappingForPolicyLocation(BOPBuilding.BOPLocation.Location)" precedence="0"/>
    <Dimension field="UWCompanyCode" valuePath="BOPBuilding.BOPLocation.BOPLine.Branch.UWCompany.Code" precedence="1"/>
    <Dimension field="JobType" valuePath="BOPBuilding.BOPLocation.BOPLine.Branch.Job.Subtype" precedence="2"/>
    <DistinguishingField field="CovTermPatternCode"/>
  </LookupTable>

  <LookupTable code="BOPBuildingCovOpt" entityName="CovTermOptLookup" root="gw.api.domain.covterm.CovTerm" appliesTo="BOPBuilding">
    <Filter field="CovTermPatternCode" valuePath="CovTerm.PatternCode"/>
    <Filter field="Currency" valuePath="CovTerm.Clause.Currency" exactMatch="false"/>
    <Dimension field="State" valuePath="CovTerm.Clause.OwningCoverable.CoverableState" precedence="0"/>
    <Dimension field="UWCompanyCode" valuePath="CovTerm.Clause.PolicyLine.Branch.UWCompany.Code" precedence="1"/>
    <Dimension field="JobType" valuePath="CovTerm.Clause.PolicyLine.Branch.Job.Subtype" precedence="2"/>
    <DistinguishingField field="CovTermOptCode"/>
  </LookupTable>

  <LookupTable code="BOPBuildingCovPack" entityName="CovTermPackLookup" root="gw.api.domain.covterm.CovTerm" appliesTo="BOPBuilding">
    <Filter field="CovTermPatternCode" valuePath="CovTerm.PatternCode"/>
    <Filter field="Currency" valuePath="CovTerm.Clause.Currency" exactMatch="false"/>
    <Dimension field="State" valuePath="CovTerm.Clause.OwningCoverable.CoverableState" precedence="0"/>
    <Dimension field="UWCompanyCode" valuePath="CovTerm.Clause.PolicyLine.Branch.UWCompany.Code" precedence="1"/>
    <Dimension field="JobType" valuePath="CovTerm.Clause.PolicyLine.Branch.Job.Subtype" precedence="2"/>
    <DistinguishingField field="CovTermPackCode"/>
  </LookupTable>

  <!-- ======================================================================================= -->
  <!-- Commercial Property Lookup Tables -->
  <!-- ======================================================================================= -->

  <!-- CommercialPropertyLine -->
  <LookupTable code="CPCov" entityName="CoverageLookup" root="CommercialPropertyLine">
    <Filter field="PolicyLinePatternCode" valuePath="CommercialPropertyLine.PatternCode"/>
    <Dimension field="State" valuePath="CommercialPropertyLine.BaseState" precedence="0"/>
    <Dimension field="UWCompanyCode" valuePath="CommercialPropertyLine.Branch.UWCompany.Code" precedence="1"/>
    <Dimension field="JobType" valuePath="CommercialPropertyLine.Branch.Job.Subtype" precedence="2"/>
    <DistinguishingField field="CoveragePatternCode"/>
  </LookupTable>

  <LookupTable code="CPExcl" entityName="ExclusionLookup" root="CommercialPropertyLine">
    <Filter field="PolicyLinePatternCode" valuePath="CommercialPropertyLine.PatternCode"/>
    <Dimension field="State" valuePath="CommercialPropertyLine.BaseState" precedence="0"/>
    <Dimension field="UWCompanyCode" valuePath="CommercialPropertyLine.Branch.UWCompany.Code" precedence="1"/>
    <Dimension field="JobType" valuePath="CommercialPropertyLine.Branch.Job.Subtype" precedence="2"/>
    <DistinguishingField field="ExclusionPatternCode"/>
  </LookupTable>

  <LookupTable code="CPCond" entityName="ConditionLookup" root="CommercialPropertyLine">
    <Filter field="PolicyLinePatternCode" valuePath="CommercialPropertyLine.PatternCode"/>
    <Dimension field="State" valuePath="CommercialPropertyLine.BaseState" precedence="0"/>
    <Dimension field="UWCompanyCode" valuePath="CommercialPropertyLine.Branch.UWCompany.Code" precedence="1"/>
    <Dimension field="JobType" valuePath="CommercialPropertyLine.Branch.Job.Subtype" precedence="2"/>
    <DistinguishingField field="ConditionPatternCode"/>
  </LookupTable>

  <LookupTable code="CPCovTerm" entityName="CovTermLookup" root="CommercialPropertyLine">
    <Filter field="PolicyLinePatternCode" valuePath="CommercialPropertyLine.PatternCode"/>
    <Dimension field="State" valuePath="CommercialPropertyLine.BaseState" precedence="0"/>
    <Dimension field="UWCompanyCode" valuePath="CommercialPropertyLine.Branch.UWCompany.Code" precedence="1"/>
    <Dimension field="JobType" valuePath="CommercialPropertyLine.Branch.Job.Subtype" precedence="2"/>
    <DistinguishingField field="CovTermPatternCode"/>
  </LookupTable>

  <LookupTable code="CPCovOpt" entityName="CovTermOptLookup" root="gw.api.domain.covterm.CovTerm" appliesTo="CommercialPropertyLine">
    <Filter field="CovTermPatternCode" valuePath="CovTerm.PatternCode"/>
    <Filter field="Currency" valuePath="CovTerm.Clause.Currency" exactMatch="false"/>
    <Dimension field="State" valuePath="CovTerm.Clause.PolicyLine.BaseState" precedence="0"/>
    <Dimension field="UWCompanyCode" valuePath="CovTerm.Clause.PolicyLine.Branch.UWCompany.Code" precedence="1"/>
    <Dimension field="JobType" valuePath="CovTerm.Clause.PolicyLine.Branch.Job.Subtype" precedence="2"/>
    <DistinguishingField field="CovTermOptCode"/>
  </LookupTable>

  <LookupTable code="CPCovPack" entityName="CovTermPackLookup" root="gw.api.domain.covterm.CovTerm" appliesTo="CommercialPropertyLine">
    <Filter field="CovTermPatternCode" valuePath="CovTerm.PatternCode"/>
    <Filter field="Currency" valuePath="CovTerm.Clause.Currency" exactMatch="false"/>
    <Dimension field="State" valuePath="CovTerm.Clause.PolicyLine.BaseState" precedence="0"/>
    <Dimension field="UWCompanyCode" valuePath="CovTerm.Clause.PolicyLine.Branch.UWCompany.Code" precedence="1"/>
    <Dimension field="JobType" valuePath="CovTerm.Clause.PolicyLine.Branch.Job.Subtype" precedence="2"/>
    <DistinguishingField field="CovTermPackCode"/>
  </LookupTable>

  <!-- CPLocation -->
  <LookupTable code="CPLocationCov" entityName="CoverageLookup" root="CPLocation">
    <Filter field="PolicyLinePatternCode" valuePath="CPLocation.CPLine.PatternCode"/>
    <Dimension field="State" valuePath="CPLocation.CPLine.BaseState" precedence="0"/>
    <Dimension field="UWCompanyCode" valuePath="CPLocation.CPLine.Branch.UWCompany.Code" precedence="1"/>
    <Dimension field="JobType" valuePath="CPLocation.CPLine.Branch.Job.Subtype" precedence="2"/>
    <DistinguishingField field="CoveragePatternCode"/>
  </LookupTable>

  <LookupTable code="CPLocationCovTerm" entityName="CovTermLookup" root="CPLocation">
    <Filter field="PolicyLinePatternCode" valuePath="CPLocation.CPLine.PatternCode"/>
    <Dimension field="State" valuePath="CPLocation.CPLine.BaseState" precedence="0"/>
    <Dimension field="UWCompanyCode" valuePath="CPLocation.CPLine.Branch.UWCompany.Code" precedence="1"/>
    <Dimension field="JobType" valuePath="CPLocation.CPLine.Branch.Job.Subtype" precedence="2"/>
    <DistinguishingField field="CovTermPatternCode"/>
  </LookupTable>

  <LookupTable code="CPLocationCovOpt" entityName="CovTermOptLookup" root="gw.api.domain.covterm.CovTerm" appliesTo="CPLocation">
    <Filter field="CovTermPatternCode" valuePath="CovTerm.PatternCode"/>
    <Filter field="Currency" valuePath="CovTerm.Clause.Currency" exactMatch="false"/>
    <Dimension field="State" valuePath="CovTerm.Clause.OwningCoverable.CoverableState" precedence="0"/>
    <Dimension field="UWCompanyCode" valuePath="CovTerm.Clause.PolicyLine.Branch.UWCompany.Code" precedence="1"/>
    <Dimension field="JobType" valuePath="CovTerm.Clause.PolicyLine.Branch.Job.Subtype" precedence="2"/>
    <DistinguishingField field="CovTermOptCode"/>
  </LookupTable>

  <LookupTable code="CPLocationCovPack" entityName="CovTermPackLookup" root="gw.api.domain.covterm.CovTerm" appliesTo="CPLocation">
    <Filter field="CovTermPatternCode" valuePath="CovTerm.PatternCode"/>
    <Filter field="Currency" valuePath="CovTerm.Clause.Currency" exactMatch="false"/>
    <Dimension field="State" valuePath="CovTerm.Clause.OwningCoverable.CoverableState" precedence="0"/>
    <Dimension field="UWCompanyCode" valuePath="CovTerm.Clause.PolicyLine.Branch.UWCompany.Code" precedence="1"/>
    <Dimension field="JobType" valuePath="CovTerm.Clause.PolicyLine.Branch.Job.Subtype" precedence="2"/>
    <DistinguishingField field="CovTermPackCode"/>
  </LookupTable>

  <!-- Modifiers -->
  <LookupTable code="CPModifier" entityName="ModifierLookup" root="CommercialPropertyLine">
    <Filter field="PolicyLinePatternCode" valuePath="CommercialPropertyLine.PatternCode"/>
    <Dimension field="State" valuePath="CommercialPropertyLine.BaseState" precedence="0"/>
    <Dimension field="UWCompanyCode" valuePath="CommercialPropertyLine.Branch.UWCompany.Code" precedence="1"/>
    <Dimension field="JobType" valuePath="CommercialPropertyLine.Branch.Job.Subtype" precedence="2"/>
    <DistinguishingField field="ModifierPatternCode"/>
  </LookupTable>

  <LookupTable code="CPRateFactor" entityName="RateFactorLookup" root="CommercialPropertyLine">
    <Filter field="PolicyLinePatternCode" valuePath="CommercialPropertyLine.PatternCode"/>
    <Dimension field="State" valuePath="CommercialPropertyLine.BaseState" precedence="0"/>
    <Dimension field="UWCompanyCode" valuePath="CommercialPropertyLine.Branch.UWCompany.Code" precedence="1"/>
    <Dimension field="JobType" valuePath="CommercialPropertyLine.Branch.Job.Subtype" precedence="2"/>
    <DistinguishingField field="RateFactorPatternCode"/>
  </LookupTable>

  <!-- CPBuilding -->
  <LookupTable code="CPBuildingCov" entityName="CPBuildingCovLookup" root="CPBuilding">
    <Filter field="PolicyLinePatternCode" valuePath="CPBuilding.CPLocation.CPLine.PatternCode"/>
    <Dimension field="State" valuePath="gw.api.util.JurisdictionMappingUtil.getJurisdictionMappingForPolicyLocation(CPBuilding.CPLocation.Location)" precedence="0"/>
    <Dimension field="UWCompanyCode" valuePath="CPBuilding.CPLocation.CPLine.Branch.UWCompany.Code" precedence="1"/>
    <Dimension field="CoverageForm" valuePath="CPBuilding.CoverageForm" precedence="2"/>
    <Dimension field="JobType" valuePath="CPBuilding.CPLocation.CPLine.Branch.Job.Subtype" precedence="3"/>
    <DistinguishingField field="CoveragePatternCode"/>
  </LookupTable>

  <LookupTable code="CPBuildingCovTerm" entityName="CovTermLookup" root="CPBuilding">
    <Filter field="PolicyLinePatternCode" valuePath="CPBuilding.CPLocation.CPLine.PatternCode"/>
    <Dimension field="State" valuePath="gw.api.util.JurisdictionMappingUtil.getJurisdictionMappingForPolicyLocation(CPBuilding.CPLocation.Location)" precedence="0"/>
    <Dimension field="UWCompanyCode" valuePath="CPBuilding.CPLocation.CPLine.Branch.UWCompany.Code" precedence="1"/>
    <Dimension field="JobType" valuePath="CPBuilding.CPLocation.CPLine.Branch.Job.Subtype" precedence="2"/>
    <DistinguishingField field="CovTermPatternCode"/>
  </LookupTable>

  <LookupTable code="CPBuildingCovOpt" entityName="CovTermOptLookup" root="gw.api.domain.covterm.CovTerm" appliesTo="CPBuilding">
    <Filter field="CovTermPatternCode" valuePath="CovTerm.PatternCode"/>
    <Filter field="Currency" valuePath="CovTerm.Clause.Currency" exactMatch="false"/>
    <Dimension field="State" valuePath="CovTerm.Clause.OwningCoverable.CoverableState" precedence="0"/>
    <Dimension field="UWCompanyCode" valuePath="CovTerm.Clause.PolicyLine.Branch.UWCompany.Code" precedence="1"/>
    <Dimension field="JobType" valuePath="CovTerm.Clause.PolicyLine.Branch.Job.Subtype" precedence="2"/>
    <DistinguishingField field="CovTermOptCode"/>
  </LookupTable>

  <LookupTable code="CPBuildingCovPack" entityName="CovTermPackLookup" root="gw.api.domain.covterm.CovTerm" appliesTo="CPBuilding">
    <Filter field="CovTermPatternCode" valuePath="CovTerm.PatternCode"/>
    <Filter field="Currency" valuePath="CovTerm.Clause.Currency" exactMatch="false"/>
    <Dimension field="State" valuePath="CovTerm.Clause.OwningCoverable.CoverableState" precedence="0"/>
    <Dimension field="UWCompanyCode" valuePath="CovTerm.Clause.PolicyLine.Branch.UWCompany.Code" precedence="1"/>
    <Dimension field="JobType" valuePath="CovTerm.Clause.PolicyLine.Branch.Job.Subtype" precedence="2"/>
    <DistinguishingField field="CovTermPackCode"/>
  </LookupTable>

  <!-- CPBlanket -->
  <LookupTable code="CPBlanketCov" entityName="CoverageLookup" root="CPBlanket">
    <Filter field="PolicyLinePatternCode" valuePath="CPBlanket.CPLine.PatternCode"/>
    <Dimension field="State" valuePath="CPBlanket.CPLine.BaseState" precedence="0"/>
    <Dimension field="UWCompanyCode" valuePath="CPBlanket.CPLine.Branch.UWCompany.Code" precedence="1"/>
    <Dimension field="JobType" valuePath="CPBlanket.CPLine.Branch.Job.Subtype" precedence="2"/>
    <DistinguishingField field="CoveragePatternCode"/>
  </LookupTable>

  <LookupTable code="CPBlanketCovTerm" entityName="CovTermLookup" root="CPBlanket">
    <Filter field="PolicyLinePatternCode" valuePath="CPBlanket.CPLine.PatternCode"/>
    <Dimension field="State" valuePath="CPBlanket.CPLine.BaseState" precedence="0"/>
    <Dimension field="UWCompanyCode" valuePath="CPBlanket.CPLine.Branch.UWCompany.Code" precedence="1"/>
    <Dimension field="JobType" valuePath="CPBlanket.CPLine.Branch.Job.Subtype" precedence="2"/>
    <DistinguishingField field="CovTermPatternCode"/>
  </LookupTable>

  <LookupTable code="CPBlanketCovOpt" entityName="CovTermOptLookup" root="gw.api.domain.covterm.CovTerm" appliesTo="CPBlanket">
    <Filter field="CovTermPatternCode" valuePath="CovTerm.PatternCode"/>
    <Filter field="Currency" valuePath="CovTerm.Clause.Currency" exactMatch="false"/>
    <Dimension field="State" valuePath="CovTerm.Clause.OwningCoverable.CoverableState" precedence="0"/>
    <Dimension field="UWCompanyCode" valuePath="CovTerm.Clause.PolicyLine.Branch.UWCompany.Code" precedence="1"/>
    <Dimension field="JobType" valuePath="CovTerm.Clause.PolicyLine.Branch.Job.Subtype" precedence="2"/>
    <DistinguishingField field="CovTermOptCode"/>
  </LookupTable>

  <LookupTable code="CPBlanketCovPack" entityName="CovTermPackLookup" root="gw.api.domain.covterm.CovTerm" appliesTo="CPBlanket">
    <Filter field="CovTermPatternCode" valuePath="CovTerm.PatternCode"/>
    <Filter field="Currency" valuePath="CovTerm.Clause.Currency" exactMatch="false"/>
    <Dimension field="State" valuePath="CovTerm.Clause.OwningCoverable.CoverableState" precedence="0"/>
    <Dimension field="UWCompanyCode" valuePath="CovTerm.Clause.PolicyLine.Branch.UWCompany.Code" precedence="1"/>
    <Dimension field="JobType" valuePath="CovTerm.Clause.PolicyLine.Branch.Job.Subtype" precedence="2"/>
    <DistinguishingField field="CovTermPackCode"/>
  </LookupTable>

  <!-- ======================================================================================= -->
  <!-- General Liability Lookup Tables -->
  <!-- ======================================================================================= -->

  <!-- GeneralLiabilityLine -->
  <LookupTable code="GLCov" entityName="CoverageLookup" root="GeneralLiabilityLine">
    <Filter field="PolicyLinePatternCode" valuePath="GeneralLiabilityLine.PatternCode"/>
    <Dimension field="State" valuePath="GeneralLiabilityLine.BaseState" precedence="0"/>
    <Dimension field="UWCompanyCode" valuePath="GeneralLiabilityLine.Branch.UWCompany.Code" precedence="1"/>
    <Dimension field="JobType" valuePath="GeneralLiabilityLine.Branch.Job.Subtype" precedence="2"/>
    <DistinguishingField field="CoveragePatternCode"/>
  </LookupTable>

  <LookupTable code="GLExcl" entityName="ExclusionLookup" root="GeneralLiabilityLine">
    <Filter field="PolicyLinePatternCode" valuePath="GeneralLiabilityLine.PatternCode"/>
    <Dimension field="State" valuePath="GeneralLiabilityLine.BaseState" precedence="0"/>
    <Dimension field="UWCompanyCode" valuePath="GeneralLiabilityLine.Branch.UWCompany.Code" precedence="1"/>
    <Dimension field="JobType" valuePath="GeneralLiabilityLine.Branch.Job.Subtype" precedence="2"/>
    <DistinguishingField field="ExclusionPatternCode"/>
  </LookupTable>

  <LookupTable code="GLCond" entityName="ConditionLookup" root="GeneralLiabilityLine">
    <Filter field="PolicyLinePatternCode" valuePath="GeneralLiabilityLine.PatternCode"/>
    <Dimension field="State" valuePath="GeneralLiabilityLine.BaseState" precedence="0"/>
    <Dimension field="UWCompanyCode" valuePath="GeneralLiabilityLine.Branch.UWCompany.Code" precedence="1"/>
    <Dimension field="JobType" valuePath="GeneralLiabilityLine.Branch.Job.Subtype" precedence="2"/>
    <DistinguishingField field="ConditionPatternCode"/>
  </LookupTable>

  <LookupTable code="GLCovTerm" entityName="CovTermLookup" root="GeneralLiabilityLine">
    <Filter field="PolicyLinePatternCode" valuePath="GeneralLiabilityLine.PatternCode"/>
    <Dimension field="State" valuePath="GeneralLiabilityLine.BaseState" precedence="0"/>
    <Dimension field="UWCompanyCode" valuePath="GeneralLiabilityLine.Branch.UWCompany.Code" precedence="1"/>
    <Dimension field="JobType" valuePath="GeneralLiabilityLine.Branch.Job.Subtype" precedence="2"/>
    <DistinguishingField field="CovTermPatternCode"/>
  </LookupTable>

  <LookupTable code="GLCovOpt" entityName="CovTermOptLookup" root="gw.api.domain.covterm.CovTerm" appliesTo="GeneralLiabilityLine">
    <Filter field="CovTermPatternCode" valuePath="CovTerm.PatternCode"/>
    <Filter field="Currency" valuePath="CovTerm.Clause.Currency" exactMatch="false"/>
    <Dimension field="State" valuePath="CovTerm.Clause.PolicyLine.BaseState" precedence="0"/>
    <Dimension field="UWCompanyCode" valuePath="CovTerm.Clause.PolicyLine.Branch.UWCompany.Code" precedence="1"/>
    <Dimension field="JobType" valuePath="CovTerm.Clause.PolicyLine.Branch.Job.Subtype" precedence="2"/>
    <DistinguishingField field="CovTermOptCode"/>
  </LookupTable>

  <LookupTable code="GLCovPack" entityName="CovTermPackLookup" root="gw.api.domain.covterm.CovTerm" appliesTo="GeneralLiabilityLine">
    <Filter field="CovTermPatternCode" valuePath="CovTerm.PatternCode"/>
    <Filter field="Currency" valuePath="CovTerm.Clause.Currency" exactMatch="false"/>
    <Dimension field="State" valuePath="CovTerm.Clause.PolicyLine.BaseState" precedence="0"/>
    <Dimension field="UWCompanyCode" valuePath="CovTerm.Clause.PolicyLine.Branch.UWCompany.Code" precedence="1"/>
    <Dimension field="JobType" valuePath="CovTerm.Clause.PolicyLine.Branch.Job.Subtype" precedence="2"/>
    <DistinguishingField field="CovTermPackCode"/>
  </LookupTable>

    <LookupTable code="GLLineSchCovItemCov" entityName="CoverageLookup" root="GLLineScheduleCovItem">
    <Filter field="PolicyLinePatternCode" valuePath="GLLineScheduleCovItem.Schedule.GLLine.PatternCode"/>
    <Dimension field="State" valuePath="GLLineScheduleCovItem.Schedule.GLLine.BaseState" precedence="0"/>
    <Dimension field="UWCompanyCode" valuePath="GLLineScheduleCovItem.Schedule.GLLine.Branch.UWCompany.Code" precedence="1"/>
    <Dimension field="JobType" valuePath="GLLineScheduleCovItem.Schedule.GLLine.Branch.Job.Subtype" precedence="2"/>
    <DistinguishingField field="CoveragePatternCode"/>
  </LookupTable>

  <LookupTable code="GLLineSchCovItemCovTerm" entityName="CovTermLookup" root="GLLineScheduleCovItem">
    <Filter field="PolicyLinePatternCode" valuePath="GLLineScheduleCovItem.Schedule.GLLine.PatternCode"/>
    <Dimension field="State" valuePath="GLLineScheduleCovItem.Schedule.GLLine.BaseState" precedence="0"/>
    <Dimension field="UWCompanyCode" valuePath="GLLineScheduleCovItem.Schedule.GLLine.Branch.UWCompany.Code" precedence="1"/>
    <Dimension field="JobType" valuePath="GLLineScheduleCovItem.Schedule.GLLine.Branch.Job.Subtype" precedence="2"/>
    <DistinguishingField field="CovTermPatternCode"/>
  </LookupTable>

  <LookupTable code="GLLineSchCovItemCovOpt" entityName="CovTermOptLookup" root="gw.api.domain.covterm.CovTerm" appliesTo="GLLineScheduleCovItem">
    <Filter field="CovTermPatternCode" valuePath="CovTerm.PatternCode"/>
    <Filter field="Currency" valuePath="CovTerm.Clause.Currency" exactMatch="false"/>
    <Dimension field="State" valuePath="CovTerm.Clause.PolicyLine.BaseState" precedence="0"/>
    <Dimension field="UWCompanyCode" valuePath="CovTerm.Clause.PolicyLine.Branch.UWCompany.Code" precedence="1"/>
    <Dimension field="JobType" valuePath="CovTerm.Clause.PolicyLine.Branch.Job.Subtype" precedence="2"/>
    <DistinguishingField field="CovTermOptCode"/>
  </LookupTable>

  <!-- Modifiers -->
  <LookupTable code="GLModifier" entityName="ModifierLookup" root="GeneralLiabilityLine">
    <Filter field="PolicyLinePatternCode" valuePath="GeneralLiabilityLine.PatternCode"/>
    <Dimension field="State" valuePath="GeneralLiabilityLine.BaseState" precedence="0"/>
    <Dimension field="UWCompanyCode" valuePath="GeneralLiabilityLine.Branch.UWCompany.Code" precedence="1"/>
    <Dimension field="JobType" valuePath="GeneralLiabilityLine.Branch.Job.Subtype" precedence="2"/>
    <DistinguishingField field="ModifierPatternCode"/>
  </LookupTable>

  <LookupTable code="GLRateFactor" entityName="RateFactorLookup" root="GeneralLiabilityLine">
    <Filter field="PolicyLinePatternCode" valuePath="GeneralLiabilityLine.PatternCode"/>
    <Dimension field="State" valuePath="GeneralLiabilityLine.BaseState" precedence="0"/>
    <Dimension field="UWCompanyCode" valuePath="GeneralLiabilityLine.Branch.UWCompany.Code" precedence="1"/>
    <Dimension field="JobType" valuePath="GeneralLiabilityLine.Branch.Job.Subtype" precedence="2"/>
    <DistinguishingField field="RateFactorPatternCode"/>
  </LookupTable>

  <!-- ======================================================================================= -->
  <!-- Inland Marine Lookup Tables -->

  <!-- ======================================================================================= -->
  <!-- Inland Marine Contractors Equipment Part Lookup Tables -->
  <!-- ======================================================================================= -->

  <!-- Inland Marine Contractors Equipment Part -->
  <LookupTable code="ContrEquipPartCov" entityName="CoverageLookup" root="ContractorsEquipPart">
    <Filter field="PolicyLinePatternCode" valuePath="ContractorsEquipPart.InlandMarineLine.PatternCode"/>
    <Dimension field="State" valuePath="ContractorsEquipPart.InlandMarineLine.BaseState" precedence="0"/>
    <Dimension field="UWCompanyCode" valuePath="ContractorsEquipPart.InlandMarineLine.Branch.UWCompany.Code" precedence="1"/>
    <Dimension field="JobType" valuePath="ContractorsEquipPart.InlandMarineLine.Branch.Job.Subtype" precedence="2"/>
    <DistinguishingField field="CoveragePatternCode"/>
  </LookupTable>

  <LookupTable code="IMContrEquipExcl" entityName="ExclusionLookup" root="ContractorsEquipPart">
    <Filter field="PolicyLinePatternCode" valuePath="ContractorsEquipPart.InlandMarineLine.PatternCode"/>
    <Dimension field="State" valuePath="ContractorsEquipPart.InlandMarineLine.BaseState" precedence="0"/>
    <Dimension field="UWCompanyCode" valuePath="ContractorsEquipPart.InlandMarineLine.Branch.UWCompany.Code" precedence="1"/>
    <Dimension field="JobType" valuePath="ContractorsEquipPart.InlandMarineLine.Branch.Job.Subtype" precedence="2"/>
    <DistinguishingField field="ExclusionPatternCode"/>
  </LookupTable>

  <LookupTable code="IMContrEquipCond" entityName="ConditionLookup" root="ContractorsEquipPart">
    <Filter field="PolicyLinePatternCode" valuePath="ContractorsEquipPart.InlandMarineLine.PatternCode"/>
    <Dimension field="State" valuePath="ContractorsEquipPart.InlandMarineLine.BaseState" precedence="0"/>
    <Dimension field="UWCompanyCode" valuePath="ContractorsEquipPart.InlandMarineLine.Branch.UWCompany.Code" precedence="1"/>
    <Dimension field="JobType" valuePath="ContractorsEquipPart.InlandMarineLine.Branch.Job.Subtype" precedence="2"/>
    <DistinguishingField field="ConditionPatternCode"/>
  </LookupTable>

  <LookupTable code="ContrEquipPartCovTerm" entityName="CovTermLookup" root="ContractorsEquipPart">
    <Filter field="PolicyLinePatternCode" valuePath="ContractorsEquipPart.InlandMarineLine.PatternCode"/>
    <Dimension field="State" valuePath="ContractorsEquipPart.InlandMarineLine.BaseState" precedence="0"/>
    <Dimension field="UWCompanyCode" valuePath="ContractorsEquipPart.InlandMarineLine.Branch.UWCompany.Code" precedence="1"/>
    <Dimension field="JobType" valuePath="ContractorsEquipPart.InlandMarineLine.Branch.Job.Subtype" precedence="2"/>
    <DistinguishingField field="CovTermPatternCode"/>
  </LookupTable>

  <LookupTable code="ContrEquipPartCovOpt" entityName="CovTermOptLookup" root="gw.api.domain.covterm.CovTerm" appliesTo="ContractorsEquipPart">
    <Filter field="CovTermPatternCode" valuePath="CovTerm.PatternCode"/>
    <Filter field="Currency" valuePath="CovTerm.Clause.Currency" exactMatch="false"/>
    <Dimension field="State" valuePath="CovTerm.Clause.PolicyLine.BaseState" precedence="0"/>
    <Dimension field="UWCompanyCode" valuePath="CovTerm.Clause.PolicyLine.Branch.UWCompany.Code" precedence="1"/>
    <Dimension field="JobType" valuePath="CovTerm.Clause.PolicyLine.Branch.Job.Subtype" precedence="2"/>
    <DistinguishingField field="CovTermOptCode"/>
  </LookupTable>

  <LookupTable code="ContrEquipPartCovPack" entityName="CovTermPackLookup" root="gw.api.domain.covterm.CovTerm" appliesTo="ContractorsEquipPart">
    <Filter field="CovTermPatternCode" valuePath="CovTerm.PatternCode"/>
    <Filter field="Currency" valuePath="CovTerm.Clause.Currency" exactMatch="false"/>
    <Dimension field="State" valuePath="CovTerm.Clause.PolicyLine.BaseState" precedence="0"/>
    <Dimension field="UWCompanyCode" valuePath="CovTerm.Clause.PolicyLine.Branch.UWCompany.Code" precedence="1"/>
    <Dimension field="JobType" valuePath="CovTerm.Clause.PolicyLine.Branch.Job.Subtype" precedence="2"/>
    <DistinguishingField field="CovTermPackCode"/>
  </LookupTable>

  <!-- Inland Marine Contractors Equipment -->
  <LookupTable code="ContractorsEquipCov" entityName="CoverageLookup" root="ContractorsEquipment">
    <Filter field="PolicyLinePatternCode" valuePath="ContractorsEquipment.ContractorsEquipPart.InlandMarineLine.PatternCode"/>
    <Dimension field="State" valuePath="ContractorsEquipment.ContractorsEquipPart.InlandMarineLine.BaseState" precedence="0"/>
    <Dimension field="UWCompanyCode" valuePath="ContractorsEquipment.ContractorsEquipPart.InlandMarineLine.Branch.UWCompany.Code" precedence="1"/>
    <Dimension field="JobType" valuePath="ContractorsEquipment.ContractorsEquipPart.InlandMarineLine.Branch.Job.Subtype" precedence="2"/>
    <DistinguishingField field="CoveragePatternCode"/>
  </LookupTable>

  <LookupTable code="ContrEquipCovTerm" entityName="CovTermLookup" root="ContractorsEquipment">
    <Filter field="PolicyLinePatternCode" valuePath="ContractorsEquipment.ContractorsEquipPart.InlandMarineLine.PatternCode"/>
    <Dimension field="State" valuePath="ContractorsEquipment.ContractorsEquipPart.InlandMarineLine.BaseState" precedence="0"/>
    <Dimension field="UWCompanyCode" valuePath="ContractorsEquipment.ContractorsEquipPart.InlandMarineLine.Branch.UWCompany.Code" precedence="1"/>
    <Dimension field="JobType" valuePath="ContractorsEquipment.ContractorsEquipPart.InlandMarineLine.Branch.Job.Subtype" precedence="2"/>
    <DistinguishingField field="CovTermPatternCode"/>
  </LookupTable>

  <LookupTable code="ContrEquipCovOpt" entityName="CovTermOptLookup" root="gw.api.domain.covterm.CovTerm" appliesTo="ContractorsEquipment">
    <Filter field="CovTermPatternCode" valuePath="CovTerm.PatternCode"/>
    <Filter field="Currency" valuePath="CovTerm.Clause.Currency" exactMatch="false"/>
    <Dimension field="State" valuePath="CovTerm.Clause.PolicyLine.BaseState" precedence="0"/>
    <Dimension field="UWCompanyCode" valuePath="CovTerm.Clause.PolicyLine.Branch.UWCompany.Code" precedence="1"/>
    <Dimension field="JobType" valuePath="CovTerm.Clause.PolicyLine.Branch.Job.Subtype" precedence="2"/>
    <DistinguishingField field="CovTermOptCode"/>
  </LookupTable>

  <LookupTable code="ContrEquipCovPack" entityName="CovTermPackLookup" root="gw.api.domain.covterm.CovTerm" appliesTo="ContractorsEquipment">
    <Filter field="CovTermPatternCode" valuePath="CovTerm.PatternCode"/>
    <Filter field="Currency" valuePath="CovTerm.Clause.Currency" exactMatch="false"/>
    <Dimension field="State" valuePath="CovTerm.Clause.PolicyLine.BaseState" precedence="0"/>
    <Dimension field="UWCompanyCode" valuePath="CovTerm.Clause.PolicyLine.Branch.UWCompany.Code" precedence="1"/>
    <Dimension field="JobType" valuePath="CovTerm.Clause.PolicyLine.Branch.Job.Subtype" precedence="2"/>
    <DistinguishingField field="CovTermPackCode"/>
  </LookupTable>

  <!-- ======================================================================================= -->
  <!-- Inland Marine Sign Part Lookup Tables -->
  <!-- ======================================================================================= -->

  <!-- Inland Marine Signs -->
  <LookupTable code="IMSignCov" entityName="CoverageLookup" root="IMSign">
    <Filter field="PolicyLinePatternCode" valuePath="IMSign.IMSignPart.InlandMarineLine.PatternCode"/>
    <Dimension field="State" valuePath="gw.api.util.JurisdictionMappingUtil.getJurisdictionMappingForPolicyLocation(IMSign.IMLocation.Location)" precedence="0"/>
    <Dimension field="UWCompanyCode" valuePath="IMSign.IMSignPart.InlandMarineLine.Branch.UWCompany.Code" precedence="1"/>
    <Dimension field="JobType" valuePath="IMSign.IMSignPart.InlandMarineLine.Branch.Job.Subtype" precedence="2"/>
    <DistinguishingField field="CoveragePatternCode"/>
  </LookupTable>

  <LookupTable code="IMSignCovTerm" entityName="CovTermLookup" root="IMSign">
    <Filter field="PolicyLinePatternCode" valuePath="IMSign.IMSignPart.InlandMarineLine.PatternCode"/>
    <Dimension field="State" valuePath="gw.api.util.JurisdictionMappingUtil.getJurisdictionMappingForPolicyLocation(IMSign.IMLocation.Location)" precedence="0"/>
    <Dimension field="UWCompanyCode" valuePath="IMSign.IMSignPart.InlandMarineLine.Branch.UWCompany.Code" precedence="1"/>
    <Dimension field="JobType" valuePath="IMSign.IMSignPart.InlandMarineLine.Branch.Job.Subtype" precedence="2"/>
    <DistinguishingField field="CovTermPatternCode"/>
  </LookupTable>

  <LookupTable code="IMSignCovOpt" entityName="CovTermOptLookup" root="gw.api.domain.covterm.CovTerm" appliesTo="IMSign">
    <Filter field="CovTermPatternCode" valuePath="CovTerm.PatternCode"/>
    <Filter field="Currency" valuePath="CovTerm.Clause.Currency" exactMatch="false"/>
    <Dimension field="State" valuePath="CovTerm.Clause.OwningCoverable.CoverableState" precedence="0"/>
    <Dimension field="UWCompanyCode" valuePath="CovTerm.Clause.PolicyLine.Branch.UWCompany.Code" precedence="1"/>
    <Dimension field="JobType" valuePath="CovTerm.Clause.PolicyLine.Branch.Job.Subtype" precedence="2"/>
    <DistinguishingField field="CovTermOptCode"/>
  </LookupTable>

  <LookupTable code="IMSignCovPack" entityName="CovTermPackLookup" root="gw.api.domain.covterm.CovTerm" appliesTo="IMSign">
    <Filter field="CovTermPatternCode" valuePath="CovTerm.PatternCode"/>
    <Filter field="Currency" valuePath="CovTerm.Clause.Currency" exactMatch="false"/>
    <Dimension field="State" valuePath="CovTerm.Clause.OwningCoverable.CoverableState" precedence="0"/>
    <Dimension field="UWCompanyCode" valuePath="CovTerm.Clause.PolicyLine.Branch.UWCompany.Code" precedence="1"/>
    <Dimension field="JobType" valuePath="CovTerm.Clause.PolicyLine.Branch.Job.Subtype" precedence="2"/>
    <DistinguishingField field="CovTermPackCode"/>
  </LookupTable>

  <!-- ======================================================================================= -->
  <!-- Inland Marine Accounts Receivable Part Lookup Tables -->
  <!-- ======================================================================================= -->

  <!-- Inland Marine Accounts Receivable Part -->
  <LookupTable code="AccountsRecPartCov" entityName="CoverageLookup" root="IMAccountsRecPart">
    <Filter field="PolicyLinePatternCode" valuePath="IMAccountsRecPart.InlandMarineLine.PatternCode"/>
    <Dimension field="State" valuePath="IMAccountsRecPart.InlandMarineLine.BaseState" precedence="0"/>
    <Dimension field="UWCompanyCode" valuePath="IMAccountsRecPart.InlandMarineLine.Branch.UWCompany.Code" precedence="1"/>
    <Dimension field="JobType" valuePath="IMAccountsRecPart.InlandMarineLine.Branch.Job.Subtype" precedence="2"/>
    <DistinguishingField field="CoveragePatternCode"/>
  </LookupTable>

  <LookupTable code="IMAccountsRecExcl" entityName="ExclusionLookup" root="IMAccountsRecPart">
    <Filter field="PolicyLinePatternCode" valuePath="IMAccountsRecPart.InlandMarineLine.PatternCode"/>
    <Dimension field="State" valuePath="IMAccountsRecPart.InlandMarineLine.BaseState" precedence="0"/>
    <Dimension field="UWCompanyCode" valuePath="IMAccountsRecPart.InlandMarineLine.Branch.UWCompany.Code" precedence="1"/>
    <Dimension field="JobType" valuePath="IMAccountsRecPart.InlandMarineLine.Branch.Job.Subtype" precedence="2"/>
    <DistinguishingField field="ExclusionPatternCode"/>
  </LookupTable>

  <LookupTable code="IMAccountsRecCond" entityName="ConditionLookup" root="IMAccountsRecPart">
    <Filter field="PolicyLinePatternCode" valuePath="IMAccountsRecPart.InlandMarineLine.PatternCode"/>
    <Dimension field="State" valuePath="IMAccountsRecPart.InlandMarineLine.BaseState" precedence="0"/>
    <Dimension field="UWCompanyCode" valuePath="IMAccountsRecPart.InlandMarineLine.Branch.UWCompany.Code" precedence="1"/>
    <Dimension field="JobType" valuePath="IMAccountsRecPart.InlandMarineLine.Branch.Job.Subtype" precedence="2"/>
    <DistinguishingField field="ConditionPatternCode"/>
  </LookupTable>

  <LookupTable code="AccountsRecPartCovTerm" entityName="CovTermLookup" root="IMAccountsRecPart">
    <Filter field="PolicyLinePatternCode" valuePath="IMAccountsRecPart.InlandMarineLine.PatternCode"/>
    <Dimension field="State" valuePath="IMAccountsRecPart.InlandMarineLine.BaseState" precedence="0"/>
    <Dimension field="UWCompanyCode" valuePath="IMAccountsRecPart.InlandMarineLine.Branch.UWCompany.Code" precedence="1"/>
    <Dimension field="JobType" valuePath="IMAccountsRecPart.InlandMarineLine.Branch.Job.Subtype" precedence="2"/>
    <DistinguishingField field="CovTermPatternCode"/>
  </LookupTable>

  <LookupTable code="AccountsRecPartCovOpt" entityName="CovTermOptLookup" root="gw.api.domain.covterm.CovTerm" appliesTo="IMAccountsRecPart">
    <Filter field="CovTermPatternCode" valuePath="CovTerm.PatternCode"/>
    <Filter field="Currency" valuePath="CovTerm.Clause.Currency" exactMatch="false"/>
    <Dimension field="State" valuePath="CovTerm.Clause.PolicyLine.BaseState" precedence="0"/>
    <Dimension field="UWCompanyCode" valuePath="CovTerm.Clause.PolicyLine.Branch.UWCompany.Code" precedence="1"/>
    <Dimension field="JobType" valuePath="CovTerm.Clause.PolicyLine.Branch.Job.Subtype" precedence="2"/>
    <DistinguishingField field="CovTermOptCode"/>
  </LookupTable>

  <LookupTable code="AccountsRecPartCov.Pack" entityName="CovTermPackLookup" root="gw.api.domain.covterm.CovTerm" appliesTo="IMAccountsRecPart">
    <Filter field="CovTermPatternCode" valuePath="CovTerm.PatternCode"/>
    <Filter field="Currency" valuePath="CovTerm.Clause.Currency" exactMatch="false"/>
    <Dimension field="State" valuePath="CovTerm.Clause.PolicyLine.BaseState" precedence="0"/>
    <Dimension field="UWCompanyCode" valuePath="CovTerm.Clause.PolicyLine.Branch.UWCompany.Code" precedence="1"/>
    <Dimension field="JobType" valuePath="CovTerm.Clause.PolicyLine.Branch.Job.Subtype" precedence="2"/>
    <DistinguishingField field="CovTermPackCode"/>
  </LookupTable>

  <!-- Inland Marine Accounts Receivable -->
  <LookupTable code="AccountsRecCov" entityName="CoverageLookup" root="IMAccountsReceivable">
    <Filter field="PolicyLinePatternCode" valuePath="IMAccountsReceivable.IMAccountsRecPart.InlandMarineLine.PatternCode"/>
    <Dimension field="State" valuePath="IMAccountsReceivable.IMAccountsRecPart.InlandMarineLine.BaseState" precedence="0"/>
    <Dimension field="UWCompanyCode" valuePath="IMAccountsReceivable.IMAccountsRecPart.InlandMarineLine.Branch.UWCompany.Code" precedence="1"/>
    <Dimension field="JobType" valuePath="IMAccountsReceivable.IMAccountsRecPart.InlandMarineLine.Branch.Job.Subtype" precedence="2"/>
    <DistinguishingField field="CoveragePatternCode"/>
  </LookupTable>

  <LookupTable code="AccountsRecCovTerm" entityName="CovTermLookup" root="IMAccountsReceivable">
    <Filter field="PolicyLinePatternCode" valuePath="IMAccountsReceivable.IMAccountsRecPart.InlandMarineLine.PatternCode"/>
    <Dimension field="State" valuePath="IMAccountsReceivable.IMAccountsRecPart.InlandMarineLine.BaseState" precedence="0"/>
    <Dimension field="UWCompanyCode" valuePath="IMAccountsReceivable.IMAccountsRecPart.InlandMarineLine.Branch.UWCompany.Code" precedence="1"/>
    <Dimension field="JobType" valuePath="IMAccountsReceivable.IMAccountsRecPart.InlandMarineLine.Branch.Job.Subtype" precedence="2"/>
    <DistinguishingField field="CovTermPatternCode"/>
  </LookupTable>

  <LookupTable code="AccountsRecCovOpt" entityName="CovTermOptLookup" root="gw.api.domain.covterm.CovTerm" appliesTo="IMAccountsReceivable">
    <Filter field="CovTermPatternCode" valuePath="CovTerm.PatternCode"/>
    <Filter field="Currency" valuePath="CovTerm.Clause.Currency" exactMatch="false"/>
    <Dimension field="State" valuePath="CovTerm.Clause.OwningCoverable.CoverableState" precedence="0"/>
    <Dimension field="UWCompanyCode" valuePath="CovTerm.Clause.PolicyLine.Branch.UWCompany.Code" precedence="1"/>
    <Dimension field="JobType" valuePath="CovTerm.Clause.PolicyLine.Branch.Job.Subtype" precedence="2"/>
    <DistinguishingField field="CovTermOptCode"/>
  </LookupTable>

  <LookupTable code="AccountsRecCov.Pack" entityName="CovTermPackLookup" root="gw.api.domain.covterm.CovTerm" appliesTo="IMAccountsReceivable">
    <Filter field="CovTermPatternCode" valuePath="CovTerm.PatternCode"/>
    <Filter field="Currency" valuePath="CovTerm.Clause.Currency" exactMatch="false"/>
    <Dimension field="State" valuePath="CovTerm.Clause.OwningCoverable.CoverableState" precedence="0"/>
    <Dimension field="UWCompanyCode" valuePath="CovTerm.Clause.PolicyLine.Branch.UWCompany.Code" precedence="1"/>
    <Dimension field="JobType" valuePath="CovTerm.Clause.PolicyLine.Branch.Job.Subtype" precedence="2"/>
    <DistinguishingField field="CovTermPackCode"/>
  </LookupTable>

  <!-- ======================================================================================= -->
  <!-- Personal Auto Lookup Tables -->
  <!-- ======================================================================================= -->

  <!-- Modifiers -->
  <LookupTable code="PAModifier" entityName="ModifierLookup" root="PersonalAutoLine">
    <Filter field="PolicyLinePatternCode" valuePath="PersonalAutoLine.PatternCode"/>
    <Dimension field="State" valuePath="PersonalAutoLine.BaseState" precedence="0"/>
    <Dimension field="UWCompanyCode" valuePath="PersonalAutoLine.Branch.UWCompany.Code" precedence="1"/>
    <Dimension field="JobType" valuePath="PersonalAutoLine.Branch.Job.Subtype" precedence="2"/>
    <DistinguishingField field="ModifierPatternCode"/>
  </LookupTable>

  <LookupTable code="PAVehicleModifier" entityName="PAVehicleModifierLkup" root="PersonalVehicle">
    <Filter field="PolicyLinePatternCode" valuePath="PersonalVehicle.PALine.PatternCode"/>
    <Dimension field="State" valuePath="gw.api.util.JurisdictionMappingUtil.getJurisdictionMappingForPolicyLocation(PersonalVehicle.GarageLocation)" precedence="0"/>
    <Dimension field="UWCompanyCode" valuePath="PersonalVehicle.PALine.Branch.UWCompany.Code" precedence="1"/>
    <Dimension field="JobType" valuePath="PersonalVehicle.PALine.Branch.Job.Subtype" precedence="2"/>
    <Dimension field="VehicleType" valuePath="PersonalVehicle.VehicleType" precedence="3"/>
    <DistinguishingField field="ModifierPatternCode"/>
  </LookupTable>

  <LookupTable code="PARateFactor" entityName="RateFactorLookup" root="PersonalAutoLine">
    <Filter field="PolicyLinePatternCode" valuePath="PersonalAutoLine.PatternCode"/>
    <Dimension field="State" valuePath="PersonalAutoLine.BaseState" precedence="0"/>
    <Dimension field="UWCompanyCode" valuePath="PersonalAutoLine.Branch.UWCompany.Code" precedence="1"/>
    <Dimension field="JobType" valuePath="PersonalAutoLine.Branch.Job.Subtype" precedence="2"/>
    <DistinguishingField field="RateFactorPatternCode"/>
  </LookupTable>

  <LookupTable code="PAExcl" entityName="ExclusionLookup" root="PersonalAutoLine">
    <Filter field="PolicyLinePatternCode" valuePath="PersonalAutoLine.PatternCode"/>
    <Dimension field="State" valuePath="PersonalAutoLine.BaseState" precedence="0"/>
    <Dimension field="UWCompanyCode" valuePath="PersonalAutoLine.Branch.UWCompany.Code" precedence="1"/>
    <Dimension field="JobType" valuePath="PersonalAutoLine.Branch.Job.Subtype" precedence="2"/>
    <DistinguishingField field="ExclusionPatternCode"/>
  </LookupTable>

  <LookupTable code="PACond" entityName="ConditionLookup" root="PersonalAutoLine">
    <Filter field="PolicyLinePatternCode" valuePath="PersonalAutoLine.PatternCode"/>
    <Dimension field="State" valuePath="PersonalAutoLine.BaseState" precedence="0"/>
    <Dimension field="UWCompanyCode" valuePath="PersonalAutoLine.Branch.UWCompany.Code" precedence="1"/>
    <Dimension field="JobType" valuePath="PersonalAutoLine.Branch.Job.Subtype" precedence="2"/>
    <DistinguishingField field="ConditionPatternCode"/>
  </LookupTable>

  <!-- PersonalAutoLine -->
  <LookupTable code="PACov" entityName="CoverageLookup" root="PersonalAutoLine">
    <Filter field="PolicyLinePatternCode" valuePath="PersonalAutoLine.PatternCode"/>
    <Dimension field="State" valuePath="PersonalAutoLine.BaseState" precedence="0"/>
    <Dimension field="UWCompanyCode" valuePath="PersonalAutoLine.Branch.UWCompany.Code" precedence="1"/>
    <Dimension field="JobType" valuePath="PersonalAutoLine.Branch.Job.Subtype" precedence="2"/>
    <DistinguishingField field="CoveragePatternCode"/>
  </LookupTable>

  <LookupTable code="PACovTerm" entityName="CovTermLookup" root="PersonalAutoLine">
    <Filter field="PolicyLinePatternCode" valuePath="PersonalAutoLine.PatternCode"/>
    <Dimension field="State" valuePath="PersonalAutoLine.BaseState" precedence="0"/>
    <Dimension field="UWCompanyCode" valuePath="PersonalAutoLine.Branch.UWCompany.Code" precedence="1"/>
    <Dimension field="JobType" valuePath="PersonalAutoLine.Branch.Job.Subtype" precedence="2"/>
    <DistinguishingField field="CovTermPatternCode"/>
  </LookupTable>

  <LookupTable code="PACovOpt" entityName="CovTermOptLookup" root="gw.api.domain.covterm.CovTerm" appliesTo="PersonalAutoLine">
    <Filter field="CovTermPatternCode" valuePath="CovTerm.PatternCode"/>
    <Filter field="Currency" valuePath="CovTerm.Clause.Currency" exactMatch="false"/>
    <Dimension field="State" valuePath="CovTerm.Clause.PolicyLine.BaseState" precedence="0"/>
    <Dimension field="UWCompanyCode" valuePath="CovTerm.Clause.PolicyLine.Branch.UWCompany.Code" precedence="1"/>
    <Dimension field="JobType" valuePath="CovTerm.Clause.PolicyLine.Branch.Job.Subtype" precedence="2"/>
    <DistinguishingField field="CovTermOptCode"/>
  </LookupTable>

  <LookupTable code="PACovPack" entityName="CovTermPackLookup" root="gw.api.domain.covterm.CovTerm" appliesTo="PersonalAutoLine">
    <Filter field="CovTermPatternCode" valuePath="CovTerm.PatternCode"/>
    <Filter field="Currency" valuePath="CovTerm.Clause.Currency" exactMatch="false"/>
    <Dimension field="State" valuePath="CovTerm.Clause.PolicyLine.BaseState" precedence="0"/>
    <Dimension field="UWCompanyCode" valuePath="CovTerm.Clause.PolicyLine.Branch.UWCompany.Code" precedence="1"/>
    <Dimension field="JobType" valuePath="CovTerm.Clause.PolicyLine.Branch.Job.Subtype" precedence="2"/>
    <DistinguishingField field="CovTermPackCode"/>
  </LookupTable>

  <!-- PersonalVehicle -->
  <LookupTable code="PAVehicleCov" entityName="PAVehicleCovLookup" root="PersonalVehicle">
    <Filter field="PolicyLinePatternCode" valuePath="PersonalVehicle.PALine.PatternCode"/>
    <Dimension field="State" valuePath="gw.api.util.JurisdictionMappingUtil.getJurisdictionMappingForPolicyLocation(PersonalVehicle.GarageLocation)" precedence="0"/>
    <Dimension field="UWCompanyCode" valuePath="PersonalVehicle.PALine.Branch.UWCompany.Code" precedence="1"/>
    <Dimension field="JobType" valuePath="PersonalVehicle.PALine.Branch.Job.Subtype" precedence="2"/>
    <Dimension field="VehicleType" valuePath="PersonalVehicle.VehicleType" precedence="3"/>
    <DistinguishingField field="CoveragePatternCode"/>
  </LookupTable>

  <LookupTable code="PAVehicleCovTerm" entityName="CovTermLookup" root="PersonalVehicle">
    <Filter field="PolicyLinePatternCode" valuePath="PersonalVehicle.PALine.PatternCode"/>
    <Dimension field="State" valuePath="gw.api.util.JurisdictionMappingUtil.getJurisdictionMappingForPolicyLocation(PersonalVehicle.GarageLocation)" precedence="0"/>
    <Dimension field="UWCompanyCode" valuePath="PersonalVehicle.PALine.Branch.UWCompany.Code" precedence="1"/>
    <Dimension field="JobType" valuePath="PersonalVehicle.PALine.Branch.Job.Subtype" precedence="2"/>
    <DistinguishingField field="CovTermPatternCode"/>
  </LookupTable>

  <LookupTable code="PAVehicleCovOpt" entityName="CovTermOptLookup" root="gw.api.domain.covterm.CovTerm" appliesTo="PersonalVehicle">
    <Filter field="CovTermPatternCode" valuePath="CovTerm.PatternCode"/>
    <Filter field="Currency" valuePath="CovTerm.Clause.Currency" exactMatch="false"/>
    <Dimension field="State" valuePath="CovTerm.Clause.OwningCoverable.CoverableState" precedence="0"/>
    <Dimension field="UWCompanyCode" valuePath="CovTerm.Clause.PolicyLine.Branch.UWCompany.Code" precedence="1"/>
    <Dimension field="JobType" valuePath="CovTerm.Clause.PolicyLine.Branch.Job.Subtype" precedence="2"/>
    <DistinguishingField field="CovTermOptCode"/>
  </LookupTable>

  <LookupTable code="PAVehicleCovPack" entityName="CovTermPackLookup" root="gw.api.domain.covterm.CovTerm" appliesTo="PersonalVehicle">
    <Filter field="CovTermPatternCode" valuePath="CovTerm.PatternCode"/>
    <Filter field="Currency" valuePath="CovTerm.Clause.Currency" exactMatch="false"/>
    <Dimension field="State" valuePath="CovTerm.Clause.OwningCoverable.CoverableState" precedence="0"/>
    <Dimension field="UWCompanyCode" valuePath="CovTerm.Clause.PolicyLine.Branch.UWCompany.Code" precedence="1"/>
    <Dimension field="JobType" valuePath="CovTerm.Clause.PolicyLine.Branch.Job.Subtype" precedence="2"/>
    <DistinguishingField field="CovTermPackCode"/>
  </LookupTable>

  <!-- ======================================================================================= -->
  <!-- Workers Comp Lookup Tables -->
  <!-- ======================================================================================= -->

  <LookupTable code="WCModifier" entityName="ModifierLookup" root="WCJurisdiction">
    <Filter field="PolicyLinePatternCode" valuePath="WCJurisdiction.WCLine.PatternCode"/>
    <Dimension field="State" valuePath="WCJurisdiction.State" precedence="0"/>
    <Dimension field="UWCompanyCode" valuePath="WCJurisdiction.WCLine.Branch.UWCompany.Code" precedence="1"/>
    <Dimension field="JobType" valuePath="WCJurisdiction.WCLine.Branch.Job.Subtype" precedence="2"/>
    <DistinguishingField field="ModifierPatternCode"/>
  </LookupTable>

  <LookupTable code="WCRateFactor" entityName="RateFactorLookup" root="WCJurisdiction">
    <Filter field="PolicyLinePatternCode" valuePath="WCJurisdiction.WCLine.PatternCode"/>
    <Dimension field="State" valuePath="WCJurisdiction.State" precedence="0"/>
    <Dimension field="UWCompanyCode" valuePath="WCJurisdiction.WCLine.Branch.UWCompany.Code" precedence="1"/>
    <Dimension field="JobType" valuePath="WCJurisdiction.WCLine.Branch.Job.Subtype" precedence="2"/>
    <DistinguishingField field="RateFactorPatternCode"/>
  </LookupTable>

  <!-- WorkersCompLine -->
  <LookupTable code="WCCov" entityName="CoverageLookup" root="WorkersCompLine">
    <Filter field="PolicyLinePatternCode" valuePath="WorkersCompLine.PatternCode"/>
    <Dimension field="State" valuePath="WorkersCompLine.BaseState" precedence="0"/>
    <Dimension field="UWCompanyCode" valuePath="WorkersCompLine.Branch.UWCompany.Code" precedence="1"/>
    <Dimension field="JobType" valuePath="WorkersCompLine.Branch.Job.Subtype" precedence="2"/>
    <DistinguishingField field="CoveragePatternCode"/>
  </LookupTable>

  <LookupTable code="WCExcl" entityName="ExclusionLookup" root="WorkersCompLine">
    <Filter field="PolicyLinePatternCode" valuePath="WorkersCompLine.PatternCode"/>
    <Dimension field="State" valuePath="WorkersCompLine.BaseState" precedence="0"/>
    <Dimension field="UWCompanyCode" valuePath="WorkersCompLine.Branch.UWCompany.Code" precedence="1"/>
    <Dimension field="JobType" valuePath="WorkersCompLine.Branch.Job.Subtype" precedence="2"/>
    <DistinguishingField field="ExclusionPatternCode"/>
  </LookupTable>

  <LookupTable code="WCCond" entityName="ConditionLookup" root="WorkersCompLine">
    <Filter field="PolicyLinePatternCode" valuePath="WorkersCompLine.PatternCode"/>
    <Dimension field="State" valuePath="WorkersCompLine.BaseState" precedence="0"/>
    <Dimension field="UWCompanyCode" valuePath="WorkersCompLine.Branch.UWCompany.Code" precedence="1"/>
    <Dimension field="JobType" valuePath="WorkersCompLine.Branch.Job.Subtype" precedence="2"/>
    <DistinguishingField field="ConditionPatternCode"/>
  </LookupTable>

  <LookupTable code="WCCovTerm" entityName="CovTermLookup" root="WorkersCompLine">
    <Filter field="PolicyLinePatternCode" valuePath="WorkersCompLine.PatternCode"/>
    <Dimension field="State" valuePath="WorkersCompLine.BaseState" precedence="0"/>
    <Dimension field="UWCompanyCode" valuePath="WorkersCompLine.Branch.UWCompany.Code" precedence="1"/>
    <Dimension field="JobType" valuePath="WorkersCompLine.Branch.Job.Subtype" precedence="2"/>
    <DistinguishingField field="CovTermPatternCode"/>
  </LookupTable>

  <LookupTable code="WCCovOpt" entityName="CovTermOptLookup" root="gw.api.domain.covterm.CovTerm" appliesTo="WorkersCompLine">
    <Filter field="CovTermPatternCode" valuePath="CovTerm.PatternCode"/>
    <Filter field="Currency" valuePath="CovTerm.Clause.Currency" exactMatch="false"/>
    <Dimension field="State" valuePath="CovTerm.Clause.PolicyLine.BaseState" precedence="0"/>
    <Dimension field="UWCompanyCode" valuePath="CovTerm.Clause.PolicyLine.Branch.UWCompany.Code" precedence="1"/>
    <Dimension field="JobType" valuePath="CovTerm.Clause.PolicyLine.Branch.Job.Subtype" precedence="2"/>
    <DistinguishingField field="CovTermOptCode"/>
  </LookupTable>

  <LookupTable code="WCCovPack" entityName="CovTermPackLookup" root="gw.api.domain.covterm.CovTerm" appliesTo="WorkersCompLine">
    <Filter field="CovTermPatternCode" valuePath="CovTerm.PatternCode"/>
    <Filter field="Currency" valuePath="CovTerm.Clause.Currency" exactMatch="false"/>
    <Dimension field="State" valuePath="CovTerm.Clause.PolicyLine.BaseState" precedence="0"/>
    <Dimension field="UWCompanyCode" valuePath="CovTerm.Clause.PolicyLine.Branch.UWCompany.Code" precedence="1"/>
    <Dimension field="JobType" valuePath="CovTerm.Clause.PolicyLine.Branch.Job.Subtype" precedence="2"/>
    <DistinguishingField field="CovTermPackCode"/>
  </LookupTable>

  <!-- WCJurisdiction -->
  <LookupTable code="WCStateCov" entityName="CoverageLookup" root="WCJurisdiction">
    <Filter field="PolicyLinePatternCode" valuePath="WCJurisdiction.WCLine.PatternCode"/>
    <Dimension field="State" valuePath="WCJurisdiction.State" precedence="0"/>
    <Dimension field="UWCompanyCode" valuePath="WCJurisdiction.WCLine.Branch.UWCompany.Code" precedence="1"/>
    <Dimension field="JobType" valuePath="WCJurisdiction.WCLine.Branch.Job.Subtype" precedence="2"/>
    <DistinguishingField field="CoveragePatternCode"/>
  </LookupTable>

  <LookupTable code="WCStateCovTerm" entityName="CovTermLookup" root="WCJurisdiction">
    <Filter field="PolicyLinePatternCode" valuePath="WCJurisdiction.WCLine.PatternCode"/>
    <Dimension field="State" valuePath="WCJurisdiction.State" precedence="0"/>
    <Dimension field="UWCompanyCode" valuePath="WCJurisdiction.WCLine.Branch.UWCompany.Code" precedence="1"/>
    <Dimension field="JobType" valuePath="WCJurisdiction.WCLine.Branch.Job.Subtype" precedence="2"/>
    <DistinguishingField field="CovTermPatternCode"/>
  </LookupTable>

  <LookupTable code="WCStateCovOpt" entityName="CovTermOptLookup" root="gw.api.domain.covterm.CovTerm" appliesTo="WCJurisdiction">
    <Filter field="CovTermPatternCode" valuePath="CovTerm.PatternCode"/>
    <Filter field="Currency" valuePath="CovTerm.Clause.Currency" exactMatch="false"/>
    <Dimension field="State" valuePath="CovTerm.Clause.OwningCoverable.CoverableState" precedence="0"/>
    <Dimension field="UWCompanyCode" valuePath="CovTerm.Clause.PolicyLine.Branch.UWCompany.Code" precedence="1"/>
    <Dimension field="JobType" valuePath="CovTerm.Clause.PolicyLine.Branch.Job.Subtype" precedence="2"/>
    <DistinguishingField field="CovTermOptCode"/>
  </LookupTable>

  <LookupTable code="WCStateCovPack" entityName="CovTermPackLookup" root="gw.api.domain.covterm.CovTerm" appliesTo="WCJurisdiction">
    <Filter field="CovTermPatternCode" valuePath="CovTerm.PatternCode"/>
    <Filter field="Currency" valuePath="CovTerm.Clause.Currency" exactMatch="false"/>
    <Dimension field="State" valuePath="CovTerm.Clause.OwningCoverable.CoverableState" precedence="0"/>
    <Dimension field="UWCompanyCode" valuePath="CovTerm.Clause.PolicyLine.Branch.UWCompany.Code" precedence="1"/>
    <Dimension field="JobType" valuePath="CovTerm.Clause.PolicyLine.Branch.Job.Subtype" precedence="2"/>
    <DistinguishingField field="CovTermPackCode"/>
  </LookupTable>

  <!-- ======================================================================================= -->
  <!-- WC7 Work Comp Lookup Tables -->
  <!-- ======================================================================================= -->

  <!-- WC7WorkCompLine -->
  
  <LookupTable code="WC7LineCov" entityName="CoverageLookup" root="WC7WorkersCompLine">
    <Filter field="PolicyLinePatternCode" valuePath="WC7WorkersCompLine.PatternCode"/>
    <Dimension field="State" valuePath="WC7WorkersCompLine.LocationJurisdictions" precedence="0"/>
    <Dimension field="UWCompanyCode" valuePath="WC7WorkersCompLine.Branch.UWCompany.Code" precedence="1"/>
    <Dimension field="JobType" valuePath="WC7WorkersCompLine.Branch.Job.Subtype" precedence="2"/>
    <DistinguishingField field="CoveragePatternCode"/>
  </LookupTable>

  <LookupTable code="WC7LineCovTerm" entityName="CovTermLookup" root="WC7WorkersCompLine">
    <Filter field="PolicyLinePatternCode" valuePath="WC7WorkersCompLine.PatternCode"/>
    <Dimension field="State" valuePath="WC7WorkersCompLine.LocationJurisdictions" precedence="0"/>
    <Dimension field="UWCompanyCode" valuePath="WC7WorkersCompLine.Branch.UWCompany.Code" precedence="1"/>
    <Dimension field="JobType" valuePath="WC7WorkersCompLine.Branch.Job.Subtype" precedence="2"/>
    <DistinguishingField field="CovTermPatternCode"/>
  </LookupTable>

  <LookupTable code="WC7LineCovOpt" entityName="CovTermOptLookup" root="gw.api.domain.covterm.CovTerm" appliesTo="WC7WorkersCompLine">
    <Filter field="CovTermPatternCode" valuePath="CovTerm.PatternCode"/>
    <Filter field="Currency" valuePath="CovTerm.Clause.Currency" exactMatch="false"/>
    <Dimension field="State" valuePath="CovTerm.Clause.PolicyLine.BaseState" precedence="0"/>
    <Dimension field="UWCompanyCode" valuePath="CovTerm.Clause.PolicyLine.Branch.UWCompany.Code" precedence="1"/>
    <Dimension field="JobType" valuePath="CovTerm.Clause.PolicyLine.Branch.Job.Subtype" precedence="2"/>
    <DistinguishingField field="CovTermOptCode"/>
  </LookupTable>

  <LookupTable code="WC7LineCovPack" entityName="CovTermPackLookup" root="gw.api.domain.covterm.CovTerm" appliesTo="WC7WorkersCompLine">
    <Filter field="CovTermPatternCode" valuePath="CovTerm.PatternCode"/>
    <Filter field="Currency" valuePath="CovTerm.Clause.Currency" exactMatch="false"/>
    <Dimension field="State" valuePath="CovTerm.Clause.PolicyLine.BaseState" precedence="0"/>
    <Dimension field="UWCompanyCode" valuePath="CovTerm.Clause.PolicyLine.Branch.UWCompany.Code" precedence="1"/>
    <Dimension field="JobType" valuePath="CovTerm.Clause.PolicyLine.Branch.Job.Subtype" precedence="2"/>
    <DistinguishingField field="CovTermPackCode"/>
  </LookupTable>

  <LookupTable code="WC7LineExcl" entityName="ExclusionLookup" root="WC7WorkersCompLine">
    <Filter field="PolicyLinePatternCode" valuePath="WC7WorkersCompLine.PatternCode"/>
    <Dimension field="State" valuePath="WC7WorkersCompLine.LocationJurisdictions" precedence="0"/>
    <Dimension field="UWCompanyCode" valuePath="WC7WorkersCompLine.Branch.UWCompany.Code" precedence="1"/>
    <Dimension field="JobType" valuePath="WC7WorkersCompLine.Branch.Job.Subtype" precedence="2"/>
    <DistinguishingField field="ExclusionPatternCode"/>
 </LookupTable>

  <LookupTable code="WC7Cond" entityName="ConditionLookup" root="WC7WorkersCompLine">
    <Filter field="PolicyLinePatternCode" valuePath="WC7WorkersCompLine.PatternCode"/>
    <Dimension field="State" valuePath="WC7WorkersCompLine.LocationJurisdictions" precedence="0"/>
    <Dimension field="UWCompanyCode" valuePath="WC7WorkersCompLine.Branch.UWCompany.Code" precedence="1"/>
    <Dimension field="JobType" valuePath="WC7WorkersCompLine.Branch.Job.Subtype" precedence="2"/>
    <Dimension field="OrganizationType" valuePath="WC7WorkersCompLine.Branch.Policy.Account.AccountOrgType" precedence="3"/>
    <DistinguishingField field="ConditionPatternCode"/>
 </LookupTable>

 <!-- WCJurisdiction -->
  <LookupTable code="WC7JurisdictionCov" entityName="CoverageLookup" root="WC7Jurisdiction">
    <Filter field="PolicyLinePatternCode" valuePath="WC7Jurisdiction.WCLine.PatternCode"/>
    <Dimension field="State" valuePath="WC7Jurisdiction.Jurisdiction" precedence="0"/>
    <Dimension field="UWCompanyCode" valuePath="WC7Jurisdiction.WCLine.Branch.UWCompany.Code" precedence="1"/>
    <Dimension field="JobType" valuePath="WC7Jurisdiction.WCLine.Branch.Job.Subtype" precedence="2"/>
    <DistinguishingField field="CoveragePatternCode"/>
  </LookupTable>

  <LookupTable code="WC7JurisdictionCovTerm" entityName="CovTermLookup" root="WC7Jurisdiction">
    <Filter field="PolicyLinePatternCode" valuePath="WC7Jurisdiction.WCLine.PatternCode"/>
    <Dimension field="State" valuePath="WC7Jurisdiction.Jurisdiction" precedence="0"/>
    <Dimension field="UWCompanyCode" valuePath="WC7Jurisdiction.WCLine.Branch.UWCompany.Code" precedence="1"/>
    <Dimension field="JobType" valuePath="WC7Jurisdiction.WCLine.Branch.Job.Subtype" precedence="2"/>
    <DistinguishingField field="CovTermPatternCode"/>
  </LookupTable>

  <LookupTable code="WC7JurisdictionCovOpt" entityName="CovTermOptLookup" root="gw.api.domain.covterm.CovTerm" appliesTo="WC7Jurisdiction">
    <Filter field="CovTermPatternCode" valuePath="CovTerm.PatternCode"/>
    <Filter field="Currency" valuePath="CovTerm.Clause.Currency" exactMatch="false"/>
    <Dimension field="State" valuePath="CovTerm.Clause.OwningCoverable.CoverableState" precedence="0"/>
    <Dimension field="UWCompanyCode" valuePath="CovTerm.Clause.PolicyLine.Branch.UWCompany.Code" precedence="1"/>
    <Dimension field="JobType" valuePath="CovTerm.Clause.PolicyLine.Branch.Job.Subtype" precedence="2"/>
    <DistinguishingField field="CovTermOptCode"/>
  </LookupTable>

  <LookupTable code="WC7JurisdictionCovPack" entityName="CovTermPackLookup" root="gw.api.domain.covterm.CovTerm" appliesTo="WC7Jurisdiction">
    <Filter field="CovTermPatternCode" valuePath="CovTerm.PatternCode"/>
    <Filter field="Currency" valuePath="CovTerm.Clause.Currency" exactMatch="false"/>
    <Dimension field="State" valuePath="CovTerm.Clause.OwningCoverable.CoverableState" precedence="0"/>
    <Dimension field="UWCompanyCode" valuePath="CovTerm.Clause.PolicyLine.Branch.UWCompany.Code" precedence="1"/>
    <Dimension field="JobType" valuePath="CovTerm.Clause.PolicyLine.Branch.Job.Subtype" precedence="2"/>
    <DistinguishingField field="CovTermPackCode"/>
  </LookupTable>

  <LookupTable code="WC7Modifier" entityName="ModifierLookup" root="WC7Jurisdiction">
    <Filter field="PolicyLinePatternCode" valuePath="WC7Jurisdiction.WCLine.PatternCode"/>
    <Dimension field="State" valuePath="WC7Jurisdiction.Jurisdiction" precedence="0"/>
    <Dimension field="UWCompanyCode" valuePath="WC7Jurisdiction.WCLine.Branch.UWCompany.Code" precedence="1"/>
    <Dimension field="JobType" valuePath="WC7Jurisdiction.WCLine.Branch.Job.Subtype" precedence="2"/>
    <DistinguishingField field="ModifierPatternCode"/>
 </LookupTable>

  <LookupTable code="WC7RateFactor" entityName="RateFactorLookup" root="WC7Jurisdiction">
    <Filter field="PolicyLinePatternCode" valuePath="WC7Jurisdiction.WCLine.PatternCode"/>
    <Dimension field="State" valuePath="WC7Jurisdiction.Jurisdiction" precedence="0"/>
    <Dimension field="UWCompanyCode" valuePath="WC7Jurisdiction.WCLine.Branch.UWCompany.Code" precedence="1"/>
    <Dimension field="JobType" valuePath="WC7Jurisdiction.WCLine.Branch.Job.Subtype" precedence="2"/>
    <DistinguishingField field="RateFactorPatternCode"/>
 </LookupTable>

 <!-- PEO Client -->
 <LookupTable code="WC7PEOClientCond_Ext" entityName="ConditionLookup" root="PolicyPEOClientContact_Ext">
    <Filter field="PolicyLinePatternCode" valuePath="PolicyPEOClientContact_Ext.WCLine.PatternCode"/>
    <Dimension field="State" valuePath="PolicyPEOClientContact_Ext.Jurisdiction" precedence="0"/>
    <Dimension field="UWCompanyCode" valuePath="PolicyPEOClientContact_Ext.WCLine.Branch.UWCompany.Code" precedence="1"/>
    <Dimension field="JobType" valuePath="PolicyPEOClientContact_Ext.WCLine.Branch.Job.Subtype" precedence="2"/>
    <DistinguishingField field="ConditionPatternCode"/>
 </LookupTable>

 <LookupTable code="WC7PEOClientExcl_Ext" entityName="ExclusionLookup" root="PolicyPEOClientContact_Ext">
    <Filter field="PolicyLinePatternCode" valuePath="PolicyPEOClientContact_Ext.WCLine.PatternCode"/>
    <Dimension field="State" valuePath="PolicyPEOClientContact_Ext.Jurisdiction" precedence="0"/>
    <Dimension field="UWCompanyCode" valuePath="PolicyPEOClientContact_Ext.WCLine.Branch.UWCompany.Code" precedence="1"/>
    <Dimension field="JobType" valuePath="PolicyPEOClientContact_Ext.WCLine.Branch.Job.Subtype" precedence="2"/>
    <DistinguishingField field="ExclusionPatternCode"/>
 </LookupTable>

 <LookupTable code="WC7PEOClientModifier_Ext" entityName="ModifierLookup" root="PolicyPEOClientContact_Ext">
    <Filter field="PolicyLinePatternCode" valuePath="PolicyPEOClientContact_Ext.WCLine.PatternCode"/>
    <Dimension field="State" valuePath="PolicyPEOClientContact_Ext.Jurisdiction" precedence="0"/>
    <Dimension field="UWCompanyCode" valuePath="PolicyPEOClientContact_Ext.WCLine.Branch.UWCompany.Code" precedence="1"/>
    <Dimension field="JobType" valuePath="PolicyPEOClientContact_Ext.WCLine.Branch.Job.Subtype" precedence="2"/>
    <DistinguishingField field="ModifierPatternCode"/>
 </LookupTable>

</LookupTables>
