<?xml version="1.0"?>
<database-config xmlns="http://guidewire.com/database-config">
  <!-- H2 (meant for demo/quickstart use only!) -->
  <database autoupgrade="true" dbtype="h2" env="localH2" name="PolicyCenterDatabase">
    <dbcp-connection-pool jdbc-url="jdbc:h2:file:db/pc;CACHE_SIZE=32000"/>
    <databasestatistics>
      <tablestatistics name="pc_jobuserroleassign">
        <histogramstatistics name="CreateTime" numbuckets="75"/>
      </tablestatistics>
    </databasestatistics>
  </database>
  <database autoupgrade="true" dbtype="h2" env="h2mem" name="PolicyCenterDatabase">
    <dbcp-connection-pool jdbc-url="jdbc:h2:mem:/tmp/guidewire/pc"/>
    <databasestatistics>
      <tablestatistics name="pc_jobuserroleassign">
        <histogramstatistics name="CreateTime" numbuckets="75"/>
      </tablestatistics>
    </databasestatistics>
  </database>
  <!-- SQL Server Local -->
  <database autoupgrade="true" dbtype="sqlserver" env="local" name="PolicyCenterDatabase">
    <dbcp-connection-pool jdbc-url="jdbc:sqlserver://localhost\MSSQLSERVER2014;DatabaseName=PC_DEV;User=pcUser;Password=gwlocal"/>
    <upgrade collectstorageinstrumentation="false">
      <versiontriggers dbmsperfinfothreshold="600"/>
      <mssql-db-ddl>
        <mssql-filegroups admin="PC_DEV_ADMIN" index="PC_DEV_INDEX" op="PC_DEV_OP" staging="PC_DEV_STAGING" typelist="PC_DEV_TYPELIST"/>
      </mssql-db-ddl>
    </upgrade>
  </database>
  <!-- SQL Server Default -->
  <database autoupgrade="true" dbtype="sqlserver" name="PolicyCenterDatabase">
    <jndi-connection-pool datasource-name="jdbc/pcDataSource"/>
    <upgrade collectstorageinstrumentation="false">
      <versiontriggers dbmsperfinfothreshold="600"/>
      <mssql-db-ddl>
        <mssql-filegroups admin="PC_ADMIN" index="PC_INDEX" op="PC_OP" staging="PC_STAGING" typelist="PC_TYPELIST"/>
      </mssql-db-ddl>
    </upgrade>
  </database>
  <!-- SQL Server Development -->
<!--
  <database autoupgrade="true" dbtype="sqlserver" env="dev" name="PolicyCenterDatabase">
    <jndi-connection-pool datasource-name="jdbc/pcDataSource"/>
    <upgrade collectstorageinstrumentation="false">
      <versiontriggers dbmsperfinfothreshold="600"/>
      <mssql-db-ddl>
        <mssql-filegroups admin="PC_DEV_ADMIN" index="PC_DEV_INDEX" op="PC_DEV_OP" staging="PC_DEV_STAGING" typelist="PC_DEV_TYPELIST"/>
      </mssql-db-ddl>
    </upgrade>
  </database>
-->
  <!-- SQL Server QA -->
<!--
  <database autoupgrade="true" dbtype="sqlserver" env="qa" name="PolicyCenterDatabase">
    <jndi-connection-pool datasource-name="jdbc/pcDataSource"/>
    <upgrade collectstorageinstrumentation="false">
      <versiontriggers dbmsperfinfothreshold="600"/>
      <mssql-db-ddl>
        <mssql-filegroups admin="PC_QA_ADMIN" index="PC_QA_INDEX" op="PC_QA_OP" staging="PC_QA_STAGING" typelist="PC_QA_TYPELIST"/>
      </mssql-db-ddl>
    </upgrade>
  </database>
-->
  <!-- SQL Server QC -->
<!--
  <database autoupgrade="true" dbtype="sqlserver" env="qc" name="PolicyCenterDatabase">
    <jndi-connection-pool datasource-name="jdbc/pcDataSource"/>
    <upgrade collectstorageinstrumentation="false">
      <versiontriggers dbmsperfinfothreshold="600"/>
      <mssql-db-ddl>
        <mssql-filegroups admin="PC_QC_ADMIN" index="PC_QC_INDEX" op="PC_QC_OP" staging="PC_QC_STAGING" typelist="PC_QC_TYPELIST"/>
      </mssql-db-ddl>
    </upgrade>
  </database>
-->
  <!-- SQL Server QC2 -->
<!--
  <database autoupgrade="true" dbtype="sqlserver" env="qc2" name="PolicyCenterDatabase">
    <jndi-connection-pool datasource-name="jdbc/pcDataSource"/>
    <upgrade collectstorageinstrumentation="false">
      <versiontriggers dbmsperfinfothreshold="600"/>
      <mssql-db-ddl>
        <mssql-filegroups admin="PC_QC2_ADMIN" index="PC_QC2_INDEX" op="PC_QC2_OP" staging="PC_QC2_STAGING" typelist="PC_QC2_TYPELIST"/>
      </mssql-db-ddl>
    </upgrade>
  </database>
-->
  <!-- SQL Server QC3 -->
<!--
  <database autoupgrade="true" dbtype="sqlserver" env="qc3" name="PolicyCenterDatabase">
    <jndi-connection-pool datasource-name="jdbc/pcDataSource"/>
    <upgrade collectstorageinstrumentation="false">
      <versiontriggers dbmsperfinfothreshold="600"/>
      <mssql-db-ddl>
        <mssql-filegroups admin="PC_QC3_ADMIN" index="PC_QC3_INDEX" op="PC_QC3_OP" staging="PC_QC3_STAGING" typelist="PC_QC3_TYPELIST"/>
      </mssql-db-ddl>
    </upgrade>
  </database>
-->
  <!-- SQL Server QC4 -->
<!--
  <database autoupgrade="true" dbtype="sqlserver" env="qc4" name="PolicyCenterDatabase">
    <jndi-connection-pool datasource-name="jdbc/pcDataSource"/>
    <upgrade collectstorageinstrumentation="false">
      <versiontriggers dbmsperfinfothreshold="600"/>
      <mssql-db-ddl>
        <mssql-filegroups admin="PC_QC4_ADMIN" index="PC_QC4_INDEX" op="PC_QC4_OP" staging="PC_QC4_STAGING" typelist="PC_QC4_TYPELIST"/>
      </mssql-db-ddl>
    </upgrade>
  </database>
-->
  <!-- SQL Server QC5 -->
<!--
  <database autoupgrade="true" dbtype="sqlserver" env="qc5" name="PolicyCenterDatabase">
    <jndi-connection-pool datasource-name="jdbc/pcDataSource"/>
    <upgrade collectstorageinstrumentation="false">
      <versiontriggers dbmsperfinfothreshold="600"/>
      <mssql-db-ddl>
        <mssql-filegroups admin="PC_QC5_ADMIN" index="PC_QC5_INDEX" op="PC_QC5_OP" staging="PC_QC5_STAGING" typelist="PC_QC5_TYPELIST"/>
      </mssql-db-ddl>
    </upgrade>
  </database>
-->
  <!-- SQL Server QC6 -->
  <!--
  <database autoupgrade="true" dbtype="sqlserver" env="qc6" name="PolicyCenterDatabase">
    <jndi-connection-pool datasource-name="jdbc/pcDataSource"/>
    <upgrade collectstorageinstrumentation="false">
      <versiontriggers dbmsperfinfothreshold="600"/>
      <mssql-db-ddl>
        <mssql-filegroups admin="PC_QC6_ADMIN" index="PC_QC6_INDEX" op="PC_QC6_OP" staging="PC_QC6_STAGING" typelist="PC_QC6_TYPELIST"/>
      </mssql-db-ddl>
    </upgrade>
  </database>
  -->
  <!-- SQL Server QC7 -->
<!--
  <database autoupgrade="true" dbtype="sqlserver" env="qc7" name="PolicyCenterDatabase">
    <jndi-connection-pool datasource-name="jdbc/pcDataSource"/>
    <upgrade collectstorageinstrumentation="false">
      <versiontriggers dbmsperfinfothreshold="600"/>
      <mssql-db-ddl>
        <mssql-filegroups admin="PC_QC7_ADMIN" index="PC_QC7_INDEX" op="PC_QC7_OP" staging="PC_QC7_STAGING" typelist="PC_QC7_TYPELIST"/>
      </mssql-db-ddl>
    </upgrade>
  </database>
-->
  <!-- SQL Server QC8 -->
  <!-- database autoupgrade="true" dbtype="sqlserver" env="qc8" name="PolicyCenterDatabase">
    <jndi-connection-pool datasource-name="jdbc/pcDataSource"/>
    <upgrade collectstorageinstrumentation="false">
      <versiontriggers dbmsperfinfothreshold="600"/>
      <mssql-db-ddl>
        <mssql-filegroups admin="PC_QC8_ADMIN" index="PC_QC8_INDEX" op="PC_QC8_OP" staging="PC_QC8_STAGING" typelist="PC_QC8_TYPELIST"/>
      </mssql-db-ddl>
    </upgrade>
  </database -->
  <!-- SQL Server ADM -->
<!--
  <database autoupgrade="true" dbtype="sqlserver" env="adm" name="PolicyCenterDatabase">
    <jndi-connection-pool datasource-name="jdbc/pcDataSource"/>
    <upgrade collectstorageinstrumentation="false">
      <versiontriggers dbmsperfinfothreshold="600"/>
      <mssql-db-ddl>
        <mssql-filegroups admin="PC_ADM_ADMIN" index="PC_ADM_INDEX" op="PC_ADM_OP" staging="PC_ADM_STAGING" typelist="PC_ADM_TYPELIST"/>
      </mssql-db-ddl>
    </upgrade>
  </database>
-->
  <!-- SQL Server PGT - Progression Testing -->
<!--
  <database autoupgrade="true" dbtype="sqlserver" env="pgt" name="PolicyCenterDatabase">
    <jndi-connection-pool datasource-name="jdbc/pcDataSource"/>
    <upgrade collectstorageinstrumentation="false">
      <versiontriggers dbmsperfinfothreshold="600"/>
      <mssql-db-ddl>
        <mssql-filegroups admin="PC_PGT_ADMIN" index="PC_PGT_INDEX" op="PC_PGT_OP" staging="PC_PGT_STAGING" typelist="PC_PGT_TYPELIST"/>
      </mssql-db-ddl>
    </upgrade>
  </database>
-->
  <!-- SQL Server CNV - Progression Testing -->
<!--
  <database autoupgrade="true" dbtype="sqlserver" env="cnv" name="PolicyCenterDatabase">
    <jndi-connection-pool datasource-name="jdbc/pcDataSource"/>
    <upgrade collectstorageinstrumentation="false">
      <versiontriggers dbmsperfinfothreshold="600"/>
      <mssql-db-ddl>
        <mssql-filegroups admin="PC_CNV_ADMIN" index="PC_CNV_INDEX" op="PC_CNV_OP" staging="PC_CNV_STAGING" typelist="PC_CNV_TYPELIST"/>
      </mssql-db-ddl>
    </upgrade>
  </database>
-->
  <!-- SQL Server CRM -->
<!--
  <database autoupgrade="true" dbtype="sqlserver" env="crm" name="PolicyCenterDatabase">
    <jndi-connection-pool datasource-name="jdbc/pcDataSource"/>
    <upgrade collectstorageinstrumentation="false">
      <versiontriggers dbmsperfinfothreshold="600"/>
      <mssql-db-ddl>
        <mssql-filegroups admin="PC_CRM_ADMIN" index="PC_CRM_INDEX" op="PC_CRM_OP" staging="PC_CRM_STAGING" typelist="PC_CRM_TYPELIST"/>
      </mssql-db-ddl>
    </upgrade>
  </database>
-->
  <!-- SQL Server SH - Progression Testing -->
  <database autoupgrade="true" dbtype="sqlserver" env="sh" name="PolicyCenterDatabase">
    <jndi-connection-pool datasource-name="jdbc/pcDataSource"/>
    <upgrade collectstorageinstrumentation="false">
      <versiontriggers dbmsperfinfothreshold="600"/>
      <mssql-db-ddl>
        <mssql-filegroups admin="PC_PROD_ADMIN" index="PC_PROD_INDEX" op="PC_PROD_OP" staging="PC_PROD_STAGING" typelist="PC_PROD_TYPELIST"/>
      </mssql-db-ddl>
    </upgrade>
  </database>
  <!-- SQL Server Prod -->
  <database autoupgrade="true" dbtype="sqlserver" env="prod" name="PolicyCenterDatabase">
    <jndi-connection-pool datasource-name="jdbc/pcDataSource"/>
    <upgrade collectstorageinstrumentation="false">
      <versiontriggers dbmsperfinfothreshold="600"/>
      <mssql-db-ddl>
        <mssql-filegroups admin="PC_PROD_ADMIN" index="PC_PROD_INDEX" op="PC_PROD_OP" staging="PC_PROD_STAGING" typelist="PC_PROD_TYPELIST"/>
      </mssql-db-ddl>
    </upgrade>
  </database>
</database-config>